gmake[1]: Entering directory `/home/perera/Develop/TTU_devls/acesiii/src'
gmake[2]: Entering directory `/home/perera/Develop/TTU_devls/acesiii/src/aces'
gmake[3]: Entering directory `/home/perera/Develop/TTU_devls/acesiii/src/aces/aces_library'
gmake[4]: Entering directory `/home/perera/Develop/TTU_devls/acesiii/src/aces/aces_library/a2driver'
gmake[5]: Entering directory `/home/perera/Develop/TTU_devls/acesiii/src/aces/aces_library/a2driver/geopt'
rm -f make.out make.err
mpif77 -c -D__fortran -D__fortran77 -DMPIF2C -Zp8 -zero -traceback -DMPI2 -shared-intel -O2 -msse3 -axcore-avx2,core-avx-i -I../../../../sia/include -I../aces2/include -I$MPIHOME/include  idntfy_symeqv_atms.F 1>>make.out 2>>make.err
mpif77 -c -D__fortran -D__fortran77 -DMPIF2C -Zp8 -zero -traceback -DMPI2 -shared-intel -O2 -msse3 -axcore-avx2,core-avx-i -I../../../../sia/include -I../aces2/include -I$MPIHOME/include  some_string_func.F 1>>make.out 2>>make.err
mpif77 -c -D__fortran -D__fortran77 -DMPIF2C -Zp8 -zero -traceback -DMPI2 -shared-intel -O2 -msse3 -axcore-avx2,core-avx-i -I../../../../sia/include -I../aces2/include -I$MPIHOME/include  is_connected.F 1>>make.out 2>>make.err
mpif77 -c -D__fortran -D__fortran77 -DMPIF2C -Zp8 -zero -traceback -DMPI2 -shared-intel -O2 -msse3 -axcore-avx2,core-avx-i -I../../../../sia/include -I../aces2/include -I$MPIHOME/include  trnops.F 1>>make.out 2>>make.err
mpif77 -c -D__fortran -D__fortran77 -DMPIF2C -Zp8 -zero -traceback -DMPI2 -shared-intel -O2 -msse3 -axcore-avx2,core-avx-i -I../../../../sia/include -I../aces2/include -I$MPIHOME/include  xcopy.F 1>>make.out 2>>make.err
mpif77 -c -D__fortran -D__fortran77 -DMPIF2C -Zp8 -zero -traceback -DMPI2 -shared-intel -O2 -msse3 -axcore-avx2,core-avx-i -I../../../../sia/include -I../aces2/include -I$MPIHOME/include  modfy_hessian.F 1>>make.out 2>>make.err
mpif77 -c -D__fortran -D__fortran77 -DMPIF2C -Zp8 -zero -traceback -DMPI2 -shared-intel -O2 -msse3 -axcore-avx2,core-avx-i -I../../../../sia/include -I../aces2/include -I$MPIHOME/include  eval_qstlst_path_xyz.F 1>>make.out 2>>make.err
mpif77 -c -D__fortran -D__fortran77 -DMPIF2C -Zp8 -zero -traceback -DMPI2 -shared-intel -O2 -msse3 -axcore-avx2,core-avx-i -I../../../../sia/include -I../aces2/include -I$MPIHOME/include  retrieve.F 1>>make.out 2>>make.err
mpif77 -c -D__fortran -D__fortran77 -DMPIF2C -Zp8 -zero -traceback -DMPI2 -shared-intel -O2 -msse3 -axcore-avx2,core-avx-i -I../../../../sia/include -I../aces2/include -I$MPIHOME/include  init_ric_heap.F 1>>make.out 2>>make.err
mpif77 -c -D__fortran -D__fortran77 -DMPIF2C -Zp8 -zero -traceback -DMPI2 -shared-intel -O2 -msse3 -axcore-avx2,core-avx-i -I../../../../sia/include -I../aces2/include -I$MPIHOME/include  bltaotoso.F 1>>make.out 2>>make.err
mpif77 -c -D__fortran -D__fortran77 -DMPIF2C -Zp8 -zero -traceback -DMPI2 -shared-intel -O2 -msse3 -axcore-avx2,core-avx-i -I../../../../sia/include -I../aces2/include -I$MPIHOME/include  symunqonly.F 1>>make.out 2>>make.err
mpif77 -c -D__fortran -D__fortran77 -DMPIF2C -Zp8 -zero -traceback -DMPI2 -shared-intel -O2 -msse3 -axcore-avx2,core-avx-i -I../../../../sia/include -I../aces2/include -I$MPIHOME/include  setup.F 1>>make.out 2>>make.err
mpif77 -c -D__fortran -D__fortran77 -DMPIF2C -Zp8 -zero -traceback -DMPI2 -shared-intel -O2 -msse3 -axcore-avx2,core-avx-i -I../../../../sia/include -I../aces2/include -I$MPIHOME/include  idnmat.F 1>>make.out 2>>make.err
mpif77 -c -D__fortran -D__fortran77 -DMPIF2C -Zp8 -zero -traceback -DMPI2 -shared-intel -O2 -msse3 -axcore-avx2,core-avx-i -I../../../../sia/include -I../aces2/include -I$MPIHOME/include  get_covalradii.F 1>>make.out 2>>make.err
mpif77 -c -D__fortran -D__fortran77 -DMPIF2C -Zp8 -zero -traceback -DMPI2 -shared-intel -O2 -msse3 -axcore-avx2,core-avx-i -I../../../../sia/include -I../aces2/include -I$MPIHOME/include  folowdflt.F 1>>make.out 2>>make.err
mpif77 -c -D__fortran -D__fortran77 -DMPIF2C -Zp8 -zero -traceback -DMPI2 -shared-intel -O2 -msse3 -axcore-avx2,core-avx-i -I../../../../sia/include -I../aces2/include -I$MPIHOME/include  jfc1.F 1>>make.out 2>>make.err
mpif77 -c -D__fortran -D__fortran77 -DMPIF2C -Zp8 -zero -traceback -DMPI2 -shared-intel -O2 -msse3 -axcore-avx2,core-avx-i -I../../../../sia/include -I../aces2/include -I$MPIHOME/include  perpop.F 1>>make.out 2>>make.err
mpif77 -c -D__fortran -D__fortran77 -DMPIF2C -Zp8 -zero -traceback -DMPI2 -shared-intel -O2 -msse3 -axcore-avx2,core-avx-i -I../../../../sia/include -I../aces2/include -I$MPIHOME/include  curve.F 1>>make.out 2>>make.err
mpif77 -c -D__fortran -D__fortran77 -DMPIF2C -Zp8 -zero -traceback -DMPI2 -shared-intel -O2 -msse3 -axcore-avx2,core-avx-i -I../../../../sia/include -I../aces2/include -I$MPIHOME/include  morsea.F 1>>make.out 2>>make.err
mpif77 -c -D__fortran -D__fortran77 -DMPIF2C -Zp8 -zero -traceback -DMPI2 -shared-intel -O2 -msse3 -axcore-avx2,core-avx-i -I../../../../sia/include -I../aces2/include -I$MPIHOME/include  proces_redintrnls.F 1>>make.out 2>>make.err
mpif77 -c -D__fortran -D__fortran77 -DMPIF2C -Zp8 -zero -traceback -DMPI2 -shared-intel -O2 -msse3 -axcore-avx2,core-avx-i -I../../../../sia/include -I../aces2/include -I$MPIHOME/include  domorsexyz_ric.F 1>>make.out 2>>make.err
mpif77 -c -D__fortran -D__fortran77 -DMPIF2C -Zp8 -zero -traceback -DMPI2 -shared-intel -O2 -msse3 -axcore-avx2,core-avx-i -I../../../../sia/include -I../aces2/include -I$MPIHOME/include  itoa.F 1>>make.out 2>>make.err
mpif77 -c -D__fortran -D__fortran77 -DMPIF2C -Zp8 -zero -traceback -DMPI2 -shared-intel -O2 -msse3 -axcore-avx2,core-avx-i -I../../../../sia/include -I../aces2/include -I$MPIHOME/include  symmet2.F 1>>make.out 2>>make.err
mpif77 -c -D__fortran -D__fortran77 -DMPIF2C -Zp8 -zero -traceback -DMPI2 -shared-intel -O2 -msse3 -axcore-avx2,core-avx-i -I../../../../sia/include -I../aces2/include -I$MPIHOME/include  convq.F 1>>make.out 2>>make.err
mpif77 -c -D__fortran -D__fortran77 -DMPIF2C -Zp8 -zero -traceback -DMPI2 -shared-intel -O2 -msse3 -axcore-avx2,core-avx-i -I../../../../sia/include -I../aces2/include -I$MPIHOME/include  check_pm_pair.F 1>>make.out 2>>make.err
mpif77 -c -D__fortran -D__fortran77 -DMPIF2C -Zp8 -zero -traceback -DMPI2 -shared-intel -O2 -msse3 -axcore-avx2,core-avx-i -I../../../../sia/include -I../aces2/include -I$MPIHOME/include  piksr2.F 1>>make.out 2>>make.err
mpif77 -c -D__fortran -D__fortran77 -DMPIF2C -Zp8 -zero -traceback -DMPI2 -shared-intel -O2 -msse3 -axcore-avx2,core-avx-i -I../../../../sia/include -I../aces2/include -I$MPIHOME/include  folowtangent.F 1>>make.out 2>>make.err
mpif77 -c -D__fortran -D__fortran77 -DMPIF2C -Zp8 -zero -traceback -DMPI2 -shared-intel -O2 -msse3 -axcore-avx2,core-avx-i -I../../../../sia/include -I../aces2/include -I$MPIHOME/include  entry.F 1>>make.out 2>>make.err
mpif77 -c -D__fortran -D__fortran77 -DMPIF2C -Zp8 -zero -traceback -DMPI2 -shared-intel -O2 -msse3 -axcore-avx2,core-avx-i -I../../../../sia/include -I../aces2/include -I$MPIHOME/include  comvec.F 1>>make.out 2>>make.err
mpif77 -c -D__fortran -D__fortran77 -DMPIF2C -Zp8 -zero -traceback -DMPI2 -shared-intel -O2 -msse3 -axcore-avx2,core-avx-i -I../../../../sia/include -I../aces2/include -I$MPIHOME/include  symmetry.F 1>>make.out 2>>make.err
mpif77 -c -D__fortran -D__fortran77 -DMPIF2C -Zp8 -zero -traceback -DMPI2 -shared-intel -O2 -msse3 -axcore-avx2,core-avx-i -I../../../../sia/include -I../aces2/include -I$MPIHOME/include  minv.F 1>>make.out 2>>make.err
mpif77 -c -D__fortran -D__fortran77 -DMPIF2C -Zp8 -zero -traceback -DMPI2 -shared-intel -O2 -msse3 -axcore-avx2,core-avx-i -I../../../../sia/include -I../aces2/include -I$MPIHOME/include  unitry.F 1>>make.out 2>>make.err
mpif77 -c -D__fortran -D__fortran77 -DMPIF2C -Zp8 -zero -traceback -DMPI2 -shared-intel -O2 -msse3 -axcore-avx2,core-avx-i -I../../../../sia/include -I../aces2/include -I$MPIHOME/include  stdort.F 1>>make.out 2>>make.err
mpif77 -c -D__fortran -D__fortran77 -DMPIF2C -Zp8 -zero -traceback -DMPI2 -shared-intel -O2 -msse3 -axcore-avx2,core-avx-i -I../../../../sia/include -I../aces2/include -I$MPIHOME/include  gentranmat.F 1>>make.out 2>>make.err
mpif77 -c -D__fortran -D__fortran77 -DMPIF2C -Zp8 -zero -traceback -DMPI2 -shared-intel -O2 -msse3 -axcore-avx2,core-avx-i -I../../../../sia/include -I../aces2/include -I$MPIHOME/include  chkint.F 1>>make.out 2>>make.err
mpif77 -c -D__fortran -D__fortran77 -DMPIF2C -Zp8 -zero -traceback -DMPI2 -shared-intel -O2 -msse3 -axcore-avx2,core-avx-i -I../../../../sia/include -I../aces2/include -I$MPIHOME/include  frag__loop_through.F 1>>make.out 2>>make.err
mpif77 -c -D__fortran -D__fortran77 -DMPIF2C -Zp8 -zero -traceback -DMPI2 -shared-intel -O2 -msse3 -axcore-avx2,core-avx-i -I../../../../sia/include -I../aces2/include -I$MPIHOME/include  angmag.F 1>>make.out 2>>make.err
mpif77 -c -D__fortran -D__fortran77 -DMPIF2C -Zp8 -zero -traceback -DMPI2 -shared-intel -O2 -msse3 -axcore-avx2,core-avx-i -I../../../../sia/include -I../aces2/include -I$MPIHOME/include  reflect.F 1>>make.out 2>>make.err
mpif77 -c -D__fortran -D__fortran77 -DMPIF2C -Zp8 -zero -traceback -DMPI2 -shared-intel -O2 -msse3 -axcore-avx2,core-avx-i -I../../../../sia/include -I../aces2/include -I$MPIHOME/include  compkmat.F 1>>make.out 2>>make.err
mpif77 -c -D__fortran -D__fortran77 -DMPIF2C -Zp8 -zero -traceback -DMPI2 -shared-intel -O2 -msse3 -axcore-avx2,core-avx-i -I../../../../sia/include -I../aces2/include -I$MPIHOME/include  dbond.F 1>>make.out 2>>make.err
mpif77 -c -D__fortran -D__fortran77 -DMPIF2C -Zp8 -zero -traceback -DMPI2 -shared-intel -O2 -msse3 -axcore-avx2,core-avx-i -I../../../../sia/include -I../aces2/include -I$MPIHOME/include  newraph.F 1>>make.out 2>>make.err
mpif77 -c -D__fortran -D__fortran77 -DMPIF2C -Zp8 -zero -traceback -DMPI2 -shared-intel -O2 -msse3 -axcore-avx2,core-avx-i -I../../../../sia/include -I../aces2/include -I$MPIHOME/include  gather.F 1>>make.out 2>>make.err
mpif77 -c -D__fortran -D__fortran77 -DMPIF2C -Zp8 -zero -traceback -DMPI2 -shared-intel -O2 -msse3 -axcore-avx2,core-avx-i -I../../../../sia/include -I../aces2/include -I$MPIHOME/include  chkeck.F 1>>make.out 2>>make.err
mpif77 -c -D__fortran -D__fortran77 -DMPIF2C -Zp8 -zero -traceback -DMPI2 -shared-intel -O2 -msse3 -axcore-avx2,core-avx-i -I../../../../sia/include -I../aces2/include -I$MPIHOME/include  cshiftpri.F 1>>make.out 2>>make.err
mpif77 -c -D__fortran -D__fortran77 -DMPIF2C -Zp8 -zero -traceback -DMPI2 -shared-intel -O2 -msse3 -axcore-avx2,core-avx-i -I../../../../sia/include -I../aces2/include -I$MPIHOME/include  geopt.F 1>>make.out 2>>make.err
mpif77 -c -D__fortran -D__fortran77 -DMPIF2C -Zp8 -zero -traceback -DMPI2 -shared-intel -O2 -msse3 -axcore-avx2,core-avx-i -I../../../../sia/include -I../aces2/include -I$MPIHOME/include  powel.F 1>>make.out 2>>make.err
mpif77 -c -D__fortran -D__fortran77 -DMPIF2C -Zp8 -zero -traceback -DMPI2 -shared-intel -O2 -msse3 -axcore-avx2,core-avx-i -I../../../../sia/include -I../aces2/include -I$MPIHOME/include  setd2xyz.F 1>>make.out 2>>make.err
mpif77 -c -D__fortran -D__fortran77 -DMPIF2C -Zp8 -zero -traceback -DMPI2 -shared-intel -O2 -msse3 -axcore-avx2,core-avx-i -I../../../../sia/include -I../aces2/include -I$MPIHOME/include  itndf.F 1>>make.out 2>>make.err
mpif77 -c -D__fortran -D__fortran77 -DMPIF2C -Zp8 -zero -traceback -DMPI2 -shared-intel -O2 -msse3 -axcore-avx2,core-avx-i -I../../../../sia/include -I../aces2/include -I$MPIHOME/include  filter.F 1>>make.out 2>>make.err
mpif77 -c -D__fortran -D__fortran77 -DMPIF2C -Zp8 -zero -traceback -DMPI2 -shared-intel -O2 -msse3 -axcore-avx2,core-avx-i -I../../../../sia/include -I../aces2/include -I$MPIHOME/include  deang.F 1>>make.out 2>>make.err
mpif77 -c -D__fortran -D__fortran77 -DMPIF2C -Zp8 -zero -traceback -DMPI2 -shared-intel -O2 -msse3 -axcore-avx2,core-avx-i -I../../../../sia/include -I../aces2/include -I$MPIHOME/include  dumpcord.F 1>>make.out 2>>make.err
mpif77 -c -D__fortran -D__fortran77 -DMPIF2C -Zp8 -zero -traceback -DMPI2 -shared-intel -O2 -msse3 -axcore-avx2,core-avx-i -I../../../../sia/include -I../aces2/include -I$MPIHOME/include  dcheck.F 1>>make.out 2>>make.err
mpif77 -c -D__fortran -D__fortran77 -DMPIF2C -Zp8 -zero -traceback -DMPI2 -shared-intel -O2 -msse3 -axcore-avx2,core-avx-i -I../../../../sia/include -I../aces2/include -I$MPIHOME/include  get_mopac_hess.F 1>>make.out 2>>make.err
mpif77 -c -D__fortran -D__fortran77 -DMPIF2C -Zp8 -zero -traceback -DMPI2 -shared-intel -O2 -msse3 -axcore-avx2,core-avx-i -I../../../../sia/include -I../aces2/include -I$MPIHOME/include  inertia.F 1>>make.out 2>>make.err
mpif77 -c -D__fortran -D__fortran77 -DMPIF2C -Zp8 -zero -traceback -DMPI2 -shared-intel -O2 -msse3 -axcore-avx2,core-avx-i -I../../../../sia/include -I../aces2/include -I$MPIHOME/include  gschmidt.F 1>>make.out 2>>make.err
mpif77 -c -D__fortran -D__fortran77 -DMPIF2C -Zp8 -zero -traceback -DMPI2 -shared-intel -O2 -msse3 -axcore-avx2,core-avx-i -I../../../../sia/include -I../aces2/include -I$MPIHOME/include  vadd.F 1>>make.out 2>>make.err
mpif77 -c -D__fortran -D__fortran77 -DMPIF2C -Zp8 -zero -traceback -DMPI2 -shared-intel -O2 -msse3 -axcore-avx2,core-avx-i -I../../../../sia/include -I../aces2/include -I$MPIHOME/include  mknddo.F 1>>make.out 2>>make.err
mpif77 -c -D__fortran -D__fortran77 -DMPIF2C -Zp8 -zero -traceback -DMPI2 -shared-intel -O2 -msse3 -axcore-avx2,core-avx-i -I../../../../sia/include -I../aces2/include -I$MPIHOME/include  convhess.F 1>>make.out 2>>make.err
mpif77 -c -D__fortran -D__fortran77 -DMPIF2C -Zp8 -zero -traceback -DMPI2 -shared-intel -O2 -msse3 -axcore-avx2,core-avx-i -I../../../../sia/include -I../aces2/include -I$MPIHOME/include  xtrace.F 1>>make.out 2>>make.err
mpif77 -c -D__fortran -D__fortran77 -DMPIF2C -Zp8 -zero -traceback -DMPI2 -shared-intel -O2 -msse3 -axcore-avx2,core-avx-i -I../../../../sia/include -I../aces2/include -I$MPIHOME/include  adm.F 1>>make.out 2>>make.err
mpif77 -c -D__fortran -D__fortran77 -DMPIF2C -Zp8 -zero -traceback -DMPI2 -shared-intel -O2 -msse3 -axcore-avx2,core-avx-i -I../../../../sia/include -I../aces2/include -I$MPIHOME/include  bohr2angs.F 1>>make.out 2>>make.err
mpif77 -c -D__fortran -D__fortran77 -DMPIF2C -Zp8 -zero -traceback -DMPI2 -shared-intel -O2 -msse3 -axcore-avx2,core-avx-i -I../../../../sia/include -I../aces2/include -I$MPIHOME/include  mtran2.F 1>>make.out 2>>make.err
mpif77 -c -D__fortran -D__fortran77 -DMPIF2C -Zp8 -zero -traceback -DMPI2 -shared-intel -O2 -msse3 -axcore-avx2,core-avx-i -I../../../../sia/include -I../aces2/include -I$MPIHOME/include  read_cntvtes.F 1>>make.out 2>>make.err
mpif77 -c -D__fortran -D__fortran77 -DMPIF2C -Zp8 -zero -traceback -DMPI2 -shared-intel -O2 -msse3 -axcore-avx2,core-avx-i -I../../../../sia/include -I../aces2/include -I$MPIHOME/include  makgen.F 1>>make.out 2>>make.err
mpif77 -c -D__fortran -D__fortran77 -DMPIF2C -Zp8 -zero -traceback -DMPI2 -shared-intel -O2 -msse3 -axcore-avx2,core-avx-i -I../../../../sia/include -I../aces2/include -I$MPIHOME/include  flowevfts.F 1>>make.out 2>>make.err
mpif77 -c -D__fortran -D__fortran77 -DMPIF2C -Zp8 -zero -traceback -DMPI2 -shared-intel -O2 -msse3 -axcore-avx2,core-avx-i -I../../../../sia/include -I../aces2/include -I$MPIHOME/include  frmlst.F 1>>make.out 2>>make.err
mpif77 -c -D__fortran -D__fortran77 -DMPIF2C -Zp8 -zero -traceback -DMPI2 -shared-intel -O2 -msse3 -axcore-avx2,core-avx-i -I../../../../sia/include -I../aces2/include -I$MPIHOME/include  subgroup.F 1>>make.out 2>>make.err
mpif77 -c -D__fortran -D__fortran77 -DMPIF2C -Zp8 -zero -traceback -DMPI2 -shared-intel -O2 -msse3 -axcore-avx2,core-avx-i -I../../../../sia/include -I../aces2/include -I$MPIHOME/include  gen_rics.F 1>>make.out 2>>make.err
mpif77 -c -D__fortran -D__fortran77 -DMPIF2C -Zp8 -zero -traceback -DMPI2 -shared-intel -O2 -msse3 -axcore-avx2,core-avx-i -I../../../../sia/include -I../aces2/include -I$MPIHOME/include  forceout.F 1>>make.out 2>>make.err
mpif77 -c -D__fortran -D__fortran77 -DMPIF2C -Zp8 -zero -traceback -DMPI2 -shared-intel -O2 -msse3 -axcore-avx2,core-avx-i -I../../../../sia/include -I../aces2/include -I$MPIHOME/include  flowevfmin.F 1>>make.out 2>>make.err
mpif77 -c -D__fortran -D__fortran77 -DMPIF2C -Zp8 -zero -traceback -DMPI2 -shared-intel -O2 -msse3 -axcore-avx2,core-avx-i -I../../../../sia/include -I../aces2/include -I$MPIHOME/include  geticfcm.F 1>>make.out 2>>make.err
mpif77 -c -D__fortran -D__fortran77 -DMPIF2C -Zp8 -zero -traceback -DMPI2 -shared-intel -O2 -msse3 -axcore-avx2,core-avx-i -I../../../../sia/include -I../aces2/include -I$MPIHOME/include  expnd4.F 1>>make.out 2>>make.err
mpif77 -c -D__fortran -D__fortran77 -DMPIF2C -Zp8 -zero -traceback -DMPI2 -shared-intel -O2 -msse3 -axcore-avx2,core-avx-i -I../../../../sia/include -I../aces2/include -I$MPIHOME/include  rm_backup.F 1>>make.out 2>>make.err
mpif77 -c -D__fortran -D__fortran77 -DMPIF2C -Zp8 -zero -traceback -DMPI2 -shared-intel -O2 -msse3 -axcore-avx2,core-avx-i -I../../../../sia/include -I../aces2/include -I$MPIHOME/include  analyze.F 1>>make.out 2>>make.err
mpif77 -c -D__fortran -D__fortran77 -DMPIF2C -Zp8 -zero -traceback -DMPI2 -shared-intel -O2 -msse3 -axcore-avx2,core-avx-i -I../../../../sia/include -I../aces2/include -I$MPIHOME/include  readgh.F 1>>make.out 2>>make.err
mpif77 -c -D__fortran -D__fortran77 -DMPIF2C -Zp8 -zero -traceback -DMPI2 -shared-intel -O2 -msse3 -axcore-avx2,core-avx-i -I../../../../sia/include -I../aces2/include -I$MPIHOME/include  built_langcrd.F 1>>make.out 2>>make.err
mpif77 -c -D__fortran -D__fortran77 -DMPIF2C -Zp8 -zero -traceback -DMPI2 -shared-intel -O2 -msse3 -axcore-avx2,core-avx-i -I../../../../sia/include -I../aces2/include -I$MPIHOME/include  archive.F 1>>make.out 2>>make.err
mpif77 -c -D__fortran -D__fortran77 -DMPIF2C -Zp8 -zero -traceback -DMPI2 -shared-intel -O2 -msse3 -axcore-avx2,core-avx-i -I../../../../sia/include -I../aces2/include -I$MPIHOME/include  tkstep.F 1>>make.out 2>>make.err
mpif77 -c -D__fortran -D__fortran77 -DMPIF2C -Zp8 -zero -traceback -DMPI2 -shared-intel -O2 -msse3 -axcore-avx2,core-avx-i -I../../../../sia/include -I../aces2/include -I$MPIHOME/include  compare.F 1>>make.out 2>>make.err
mpif77 -c -D__fortran -D__fortran77 -DMPIF2C -Zp8 -zero -traceback -DMPI2 -shared-intel -O2 -msse3 -axcore-avx2,core-avx-i -I../../../../sia/include -I../aces2/include -I$MPIHOME/include  geomout.F 1>>make.out 2>>make.err
mpif77 -c -D__fortran -D__fortran77 -DMPIF2C -Zp8 -zero -traceback -DMPI2 -shared-intel -O2 -msse3 -axcore-avx2,core-avx-i -I../../../../sia/include -I../aces2/include -I$MPIHOME/include  post_opt_update.F 1>>make.out 2>>make.err
mpif77 -c -D__fortran -D__fortran77 -DMPIF2C -Zp8 -zero -traceback -DMPI2 -shared-intel -O2 -msse3 -axcore-avx2,core-avx-i -I../../../../sia/include -I../aces2/include -I$MPIHOME/include  symunq.F 1>>make.out 2>>make.err
mpif77 -c -D__fortran -D__fortran77 -DMPIF2C -Zp8 -zero -traceback -DMPI2 -shared-intel -O2 -msse3 -axcore-avx2,core-avx-i -I../../../../sia/include -I../aces2/include -I$MPIHOME/include  what2follow.F 1>>make.out 2>>make.err
mpif77 -c -D__fortran -D__fortran77 -DMPIF2C -Zp8 -zero -traceback -DMPI2 -shared-intel -O2 -msse3 -axcore-avx2,core-avx-i -I../../../../sia/include -I../aces2/include -I$MPIHOME/include  qstlst_or_evec.F 1>>make.out 2>>make.err
mpif77 -c -D__fortran -D__fortran77 -DMPIF2C -Zp8 -zero -traceback -DMPI2 -shared-intel -O2 -msse3 -axcore-avx2,core-avx-i -I../../../../sia/include -I../aces2/include -I$MPIHOME/include  procestep.F 1>>make.out 2>>make.err
mpif77 -c -D__fortran -D__fortran77 -DMPIF2C -Zp8 -zero -traceback -DMPI2 -shared-intel -O2 -msse3 -axcore-avx2,core-avx-i -I../../../../sia/include -I../aces2/include -I$MPIHOME/include  dihs.F 1>>make.out 2>>make.err
mpif77 -c -D__fortran -D__fortran77 -DMPIF2C -Zp8 -zero -traceback -DMPI2 -shared-intel -O2 -msse3 -axcore-avx2,core-avx-i -I../../../../sia/include -I../aces2/include -I$MPIHOME/include  evec_shift.F 1>>make.out 2>>make.err
mpif77 -c -D__fortran -D__fortran77 -DMPIF2C -Zp8 -zero -traceback -DMPI2 -shared-intel -O2 -msse3 -axcore-avx2,core-avx-i -I../../../../sia/include -I../aces2/include -I$MPIHOME/include  assign_cnnectvitis.F 1>>make.out 2>>make.err
mpif77 -c -D__fortran -D__fortran77 -DMPIF2C -Zp8 -zero -traceback -DMPI2 -shared-intel -O2 -msse3 -axcore-avx2,core-avx-i -I../../../../sia/include -I../aces2/include -I$MPIHOME/include  scopy.F 1>>make.out 2>>make.err
mpif77 -c -D__fortran -D__fortran77 -DMPIF2C -Zp8 -zero -traceback -DMPI2 -shared-intel -O2 -msse3 -axcore-avx2,core-avx-i -I../../../../sia/include -I../aces2/include -I$MPIHOME/include  genrep.F 1>>make.out 2>>make.err
mpif77 -c -D__fortran -D__fortran77 -DMPIF2C -Zp8 -zero -traceback -DMPI2 -shared-intel -O2 -msse3 -axcore-avx2,core-avx-i -I../../../../sia/include -I../aces2/include -I$MPIHOME/include  sortc.F 1>>make.out 2>>make.err
mpif77 -c -D__fortran -D__fortran77 -DMPIF2C -Zp8 -zero -traceback -DMPI2 -shared-intel -O2 -msse3 -axcore-avx2,core-avx-i -I../../../../sia/include -I../aces2/include -I$MPIHOME/include  initp.F 1>>make.out 2>>make.err
mpif77 -c -D__fortran -D__fortran77 -DMPIF2C -Zp8 -zero -traceback -DMPI2 -shared-intel -O2 -msse3 -axcore-avx2,core-avx-i -I../../../../sia/include -I../aces2/include -I$MPIHOME/include  aces2_joda_main.F 1>>make.out 2>>make.err
mpif77 -c -D__fortran -D__fortran77 -DMPIF2C -Zp8 -zero -traceback -DMPI2 -shared-intel -O2 -msse3 -axcore-avx2,core-avx-i -I../../../../sia/include -I../aces2/include -I$MPIHOME/include  mxm.F 1>>make.out 2>>make.err
mpif77 -c -D__fortran -D__fortran77 -DMPIF2C -Zp8 -zero -traceback -DMPI2 -shared-intel -O2 -msse3 -axcore-avx2,core-avx-i -I../../../../sia/include -I../aces2/include -I$MPIHOME/include  project_fc.F 1>>make.out 2>>make.err
mpif77 -c -D__fortran -D__fortran77 -DMPIF2C -Zp8 -zero -traceback -DMPI2 -shared-intel -O2 -msse3 -axcore-avx2,core-avx-i -I../../../../sia/include -I../aces2/include -I$MPIHOME/include  grpops.F 1>>make.out 2>>make.err
mpif77 -c -D__fortran -D__fortran77 -DMPIF2C -Zp8 -zero -traceback -DMPI2 -shared-intel -O2 -msse3 -axcore-avx2,core-avx-i -I../../../../sia/include -I../aces2/include -I$MPIHOME/include  getptspqr.F 1>>make.out 2>>make.err
mpif77 -c -D__fortran -D__fortran77 -DMPIF2C -Zp8 -zero -traceback -DMPI2 -shared-intel -O2 -msse3 -axcore-avx2,core-avx-i -I../../../../sia/include -I../aces2/include -I$MPIHOME/include  alongx.F 1>>make.out 2>>make.err
mpif77 -c -D__fortran -D__fortran77 -DMPIF2C -Zp8 -zero -traceback -DMPI2 -shared-intel -O2 -msse3 -axcore-avx2,core-avx-i -I../../../../sia/include -I../aces2/include -I$MPIHOME/include  built_dihangcrd.F 1>>make.out 2>>make.err
mpif77 -c -D__fortran -D__fortran77 -DMPIF2C -Zp8 -zero -traceback -DMPI2 -shared-intel -O2 -msse3 -axcore-avx2,core-avx-i -I../../../../sia/include -I../aces2/include -I$MPIHOME/include  ssum.F 1>>make.out 2>>make.err
mpif77 -c -D__fortran -D__fortran77 -DMPIF2C -Zp8 -zero -traceback -DMPI2 -shared-intel -O2 -msse3 -axcore-avx2,core-avx-i -I../../../../sia/include -I../aces2/include -I$MPIHOME/include  bfgs.F 1>>make.out 2>>make.err
mpif77 -c -D__fortran -D__fortran77 -DMPIF2C -Zp8 -zero -traceback -DMPI2 -shared-intel -O2 -msse3 -axcore-avx2,core-avx-i -I../../../../sia/include -I../aces2/include -I$MPIHOME/include  polyprt.F 1>>make.out 2>>make.err
mpif77 -c -D__fortran -D__fortran77 -DMPIF2C -Zp8 -zero -traceback -DMPI2 -shared-intel -O2 -msse3 -axcore-avx2,core-avx-i -I../../../../sia/include -I../aces2/include -I$MPIHOME/include  output.F 1>>make.out 2>>make.err
mpif77 -c -D__fortran -D__fortran77 -DMPIF2C -Zp8 -zero -traceback -DMPI2 -shared-intel -O2 -msse3 -axcore-avx2,core-avx-i -I../../../../sia/include -I../aces2/include -I$MPIHOME/include  domorsezmt.F 1>>make.out 2>>make.err
mpif77 -c -D__fortran -D__fortran77 -DMPIF2C -Zp8 -zero -traceback -DMPI2 -shared-intel -O2 -msse3 -axcore-avx2,core-avx-i -I../../../../sia/include -I../aces2/include -I$MPIHOME/include  anlyshes.F 1>>make.out 2>>make.err
mpif77 -c -D__fortran -D__fortran77 -DMPIF2C -Zp8 -zero -traceback -DMPI2 -shared-intel -O2 -msse3 -axcore-avx2,core-avx-i -I../../../../sia/include -I../aces2/include -I$MPIHOME/include  app_cart_constrains.F 1>>make.out 2>>make.err
mpif77 -c -D__fortran -D__fortran77 -DMPIF2C -Zp8 -zero -traceback -DMPI2 -shared-intel -O2 -msse3 -axcore-avx2,core-avx-i -I../../../../sia/include -I../aces2/include -I$MPIHOME/include  symmetry_auto.F 1>>make.out 2>>make.err
mpif77 -c -D__fortran -D__fortran77 -DMPIF2C -Zp8 -zero -traceback -DMPI2 -shared-intel -O2 -msse3 -axcore-avx2,core-avx-i -I../../../../sia/include -I../aces2/include -I$MPIHOME/include  msp_psb.F 1>>make.out 2>>make.err
mpif77 -c -D__fortran -D__fortran77 -DMPIF2C -Zp8 -zero -traceback -DMPI2 -shared-intel -O2 -msse3 -axcore-avx2,core-avx-i -I../../../../sia/include -I../aces2/include -I$MPIHOME/include  rotcon.F 1>>make.out 2>>make.err
mpif77 -c -D__fortran -D__fortran77 -DMPIF2C -Zp8 -zero -traceback -DMPI2 -shared-intel -O2 -msse3 -axcore-avx2,core-avx-i -I../../../../sia/include -I../aces2/include -I$MPIHOME/include  flushs.F 1>>make.out 2>>make.err
mpif77 -c -D__fortran -D__fortran77 -DMPIF2C -Zp8 -zero -traceback -DMPI2 -shared-intel -O2 -msse3 -axcore-avx2,core-avx-i -I../../../../sia/include -I../aces2/include -I$MPIHOME/include  stripdum.F 1>>make.out 2>>make.err
mpif77 -c -D__fortran -D__fortran77 -DMPIF2C -Zp8 -zero -traceback -DMPI2 -shared-intel -O2 -msse3 -axcore-avx2,core-avx-i -I../../../../sia/include -I../aces2/include -I$MPIHOME/include  expnd2.F 1>>make.out 2>>make.err
mpif77 -c -D__fortran -D__fortran77 -DMPIF2C -Zp8 -zero -traceback -DMPI2 -shared-intel -O2 -msse3 -axcore-avx2,core-avx-i -I../../../../sia/include -I../aces2/include -I$MPIHOME/include  squez4.F 1>>make.out 2>>make.err
mpif77 -c -D__fortran -D__fortran77 -DMPIF2C -Zp8 -zero -traceback -DMPI2 -shared-intel -O2 -msse3 -axcore-avx2,core-avx-i -I../../../../sia/include -I../aces2/include -I$MPIHOME/include  jsd1.F 1>>make.out 2>>make.err
mpif77 -c -D__fortran -D__fortran77 -DMPIF2C -Zp8 -zero -traceback -DMPI2 -shared-intel -O2 -msse3 -axcore-avx2,core-avx-i -I../../../../sia/include -I../aces2/include -I$MPIHOME/include  projpld.F 1>>make.out 2>>make.err
mpif77 -c -D__fortran -D__fortran77 -DMPIF2C -Zp8 -zero -traceback -DMPI2 -shared-intel -O2 -msse3 -axcore-avx2,core-avx-i -I../../../../sia/include -I../aces2/include -I$MPIHOME/include  previb.F 1>>make.out 2>>make.err
mpif77 -c -D__fortran -D__fortran77 -DMPIF2C -Zp8 -zero -traceback -DMPI2 -shared-intel -O2 -msse3 -axcore-avx2,core-avx-i -I../../../../sia/include -I../aces2/include -I$MPIHOME/include  savori.F 1>>make.out 2>>make.err
mpif77 -c -D__fortran -D__fortran77 -DMPIF2C -Zp8 -zero -traceback -DMPI2 -shared-intel -O2 -msse3 -axcore-avx2,core-avx-i -I../../../../sia/include -I../aces2/include -I$MPIHOME/include  symdrv.F 1>>make.out 2>>make.err
mpif77 -c -D__fortran -D__fortran77 -DMPIF2C -Zp8 -zero -traceback -DMPI2 -shared-intel -O2 -msse3 -axcore-avx2,core-avx-i -I../../../../sia/include -I../aces2/include -I$MPIHOME/include  twidle.F 1>>make.out 2>>make.err
mpif77 -c -D__fortran -D__fortran77 -DMPIF2C -Zp8 -zero -traceback -DMPI2 -shared-intel -O2 -msse3 -axcore-avx2,core-avx-i -I../../../../sia/include -I../aces2/include -I$MPIHOME/include  xdot.F 1>>make.out 2>>make.err
mpif77 -c -D__fortran -D__fortran77 -DMPIF2C -Zp8 -zero -traceback -DMPI2 -shared-intel -O2 -msse3 -axcore-avx2,core-avx-i -I../../../../sia/include -I../aces2/include -I$MPIHOME/include  sortxyz.F 1>>make.out 2>>make.err
mpif77 -c -D__fortran -D__fortran77 -DMPIF2C -Zp8 -zero -traceback -DMPI2 -shared-intel -O2 -msse3 -axcore-avx2,core-avx-i -I../../../../sia/include -I../aces2/include -I$MPIHOME/include  iorgrp.F 1>>make.out 2>>make.err
mpif77 -c -D__fortran -D__fortran77 -DMPIF2C -Zp8 -zero -traceback -DMPI2 -shared-intel -O2 -msse3 -axcore-avx2,core-avx-i -I../../../../sia/include -I../aces2/include -I$MPIHOME/include  cart2int_hess.F 1>>make.out 2>>make.err
mpif77 -c -D__fortran -D__fortran77 -DMPIF2C -Zp8 -zero -traceback -DMPI2 -shared-intel -O2 -msse3 -axcore-avx2,core-avx-i -I../../../../sia/include -I../aces2/include -I$MPIHOME/include  ishell.F 1>>make.out 2>>make.err
mpif77 -c -D__fortran -D__fortran77 -DMPIF2C -Zp8 -zero -traceback -DMPI2 -shared-intel -O2 -msse3 -axcore-avx2,core-avx-i -I../../../../sia/include -I../aces2/include -I$MPIHOME/include  vstat.F 1>>make.out 2>>make.err
mpif77 -c -D__fortran -D__fortran77 -DMPIF2C -Zp8 -zero -traceback -DMPI2 -shared-intel -O2 -msse3 -axcore-avx2,core-avx-i -I../../../../sia/include -I../aces2/include -I$MPIHOME/include  irreps.F 1>>make.out 2>>make.err
mpif77 -c -D__fortran -D__fortran77 -DMPIF2C -Zp8 -zero -traceback -DMPI2 -shared-intel -O2 -msse3 -axcore-avx2,core-avx-i -I../../../../sia/include -I../aces2/include -I$MPIHOME/include  procestep_xyz.F 1>>make.out 2>>make.err
mpif77 -c -D__fortran -D__fortran77 -DMPIF2C -Zp8 -zero -traceback -DMPI2 -shared-intel -O2 -msse3 -axcore-avx2,core-avx-i -I../../../../sia/include -I../aces2/include -I$MPIHOME/include  mtransp.F 1>>make.out 2>>make.err
mpif77 -c -D__fortran -D__fortran77 -DMPIF2C -Zp8 -zero -traceback -DMPI2 -shared-intel -O2 -msse3 -axcore-avx2,core-avx-i -I../../../../sia/include -I../aces2/include -I$MPIHOME/include  swpord.F 1>>make.out 2>>make.err
mpif77 -c -D__fortran -D__fortran77 -DMPIF2C -Zp8 -zero -traceback -DMPI2 -shared-intel -O2 -msse3 -axcore-avx2,core-avx-i -I../../../../sia/include -I../aces2/include -I$MPIHOME/include  siaz.F 1>>make.out 2>>make.err
mpif77 -c -D__fortran -D__fortran77 -DMPIF2C -Zp8 -zero -traceback -DMPI2 -shared-intel -O2 -msse3 -axcore-avx2,core-avx-i -I../../../../sia/include -I../aces2/include -I$MPIHOME/include  izero.F 1>>make.out 2>>make.err
mpif77 -c -D__fortran -D__fortran77 -DMPIF2C -Zp8 -zero -traceback -DMPI2 -shared-intel -O2 -msse3 -axcore-avx2,core-avx-i -I../../../../sia/include -I../aces2/include -I$MPIHOME/include  write_warn_log.F 1>>make.out 2>>make.err
mpif77 -c -D__fortran -D__fortran77 -DMPIF2C -Zp8 -zero -traceback -DMPI2 -shared-intel -O2 -msse3 -axcore-avx2,core-avx-i -I../../../../sia/include -I../aces2/include -I$MPIHOME/include  nrtsrv.F 1>>make.out 2>>make.err
mpif77 -c -D__fortran -D__fortran77 -DMPIF2C -Zp8 -zero -traceback -DMPI2 -shared-intel -O2 -msse3 -axcore-avx2,core-avx-i -I../../../../sia/include -I../aces2/include -I$MPIHOME/include  check4_180.F 1>>make.out 2>>make.err
mpif77 -c -D__fortran -D__fortran77 -DMPIF2C -Zp8 -zero -traceback -DMPI2 -shared-intel -O2 -msse3 -axcore-avx2,core-avx-i -I../../../../sia/include -I../aces2/include -I$MPIHOME/include  polyprt0.F 1>>make.out 2>>make.err
mpif77 -c -D__fortran -D__fortran77 -DMPIF2C -Zp8 -zero -traceback -DMPI2 -shared-intel -O2 -msse3 -axcore-avx2,core-avx-i -I../../../../sia/include -I../aces2/include -I$MPIHOME/include  hessout.F 1>>make.out 2>>make.err
mpif77 -c -D__fortran -D__fortran77 -DMPIF2C -Zp8 -zero -traceback -DMPI2 -shared-intel -O2 -msse3 -axcore-avx2,core-avx-i -I../../../../sia/include -I../aces2/include -I$MPIHOME/include  built_bgmtrx.F 1>>make.out 2>>make.err
mpif77 -c -D__fortran -D__fortran77 -DMPIF2C -Zp8 -zero -traceback -DMPI2 -shared-intel -O2 -msse3 -axcore-avx2,core-avx-i -I../../../../sia/include -I../aces2/include -I$MPIHOME/include  projec_ifc.F 1>>make.out 2>>make.err
mpif77 -c -D__fortran -D__fortran77 -DMPIF2C -Zp8 -zero -traceback -DMPI2 -shared-intel -O2 -msse3 -axcore-avx2,core-avx-i -I../../../../sia/include -I../aces2/include -I$MPIHOME/include  gen_curr_coords.F 1>>make.out 2>>make.err
mpif77 -c -D__fortran -D__fortran77 -DMPIF2C -Zp8 -zero -traceback -DMPI2 -shared-intel -O2 -msse3 -axcore-avx2,core-avx-i -I../../../../sia/include -I../aces2/include -I$MPIHOME/include  resolve.F 1>>make.out 2>>make.err
mpif77 -c -D__fortran -D__fortran77 -DMPIF2C -Zp8 -zero -traceback -DMPI2 -shared-intel -O2 -msse3 -axcore-avx2,core-avx-i -I../../../../sia/include -I../aces2/include -I$MPIHOME/include  calmoi.F 1>>make.out 2>>make.err
mpif77 -c -D__fortran -D__fortran77 -DMPIF2C -Zp8 -zero -traceback -DMPI2 -shared-intel -O2 -msse3 -axcore-avx2,core-avx-i -I../../../../sia/include -I../aces2/include -I$MPIHOME/include  identfy_fragments.F 1>>make.out 2>>make.err
mpif77 -c -D__fortran -D__fortran77 -DMPIF2C -Zp8 -zero -traceback -DMPI2 -shared-intel -O2 -msse3 -axcore-avx2,core-avx-i -I../../../../sia/include -I../aces2/include -I$MPIHOME/include  projdpd.F 1>>make.out 2>>make.err
mpif77 -c -D__fortran -D__fortran77 -DMPIF2C -Zp8 -zero -traceback -DMPI2 -shared-intel -O2 -msse3 -axcore-avx2,core-avx-i -I../../../../sia/include -I../aces2/include -I$MPIHOME/include  vib1.F 1>>make.out 2>>make.err
mpif77 -c -D__fortran -D__fortran77 -DMPIF2C -Zp8 -zero -traceback -DMPI2 -shared-intel -O2 -msse3 -axcore-avx2,core-avx-i -I../../../../sia/include -I../aces2/include -I$MPIHOME/include  scatter.F 1>>make.out 2>>make.err
mpif77 -c -D__fortran -D__fortran77 -DMPIF2C -Zp8 -zero -traceback -DMPI2 -shared-intel -O2 -msse3 -axcore-avx2,core-avx-i -I../../../../sia/include -I../aces2/include -I$MPIHOME/include  gendih.F 1>>make.out 2>>make.err
mpif77 -c -D__fortran -D__fortran77 -DMPIF2C -Zp8 -zero -traceback -DMPI2 -shared-intel -O2 -msse3 -axcore-avx2,core-avx-i -I../../../../sia/include -I../aces2/include -I$MPIHOME/include  tstops.F 1>>make.out 2>>make.err
mpif77 -c -D__fortran -D__fortran77 -DMPIF2C -Zp8 -zero -traceback -DMPI2 -shared-intel -O2 -msse3 -axcore-avx2,core-avx-i -I../../../../sia/include -I../aces2/include -I$MPIHOME/include  summary.F 1>>make.out 2>>make.err
mpif77 -c -D__fortran -D__fortran77 -DMPIF2C -Zp8 -zero -traceback -DMPI2 -shared-intel -O2 -msse3 -axcore-avx2,core-avx-i -I../../../../sia/include -I../aces2/include -I$MPIHOME/include  assign_dihls.F 1>>make.out 2>>make.err
mpif77 -c -D__fortran -D__fortran77 -DMPIF2C -Zp8 -zero -traceback -DMPI2 -shared-intel -O2 -msse3 -axcore-avx2,core-avx-i -I../../../../sia/include -I../aces2/include -I$MPIHOME/include  fixori.F 1>>make.out 2>>make.err
mpif77 -c -D__fortran -D__fortran77 -DMPIF2C -Zp8 -zero -traceback -DMPI2 -shared-intel -O2 -msse3 -axcore-avx2,core-avx-i -I../../../../sia/include -I../aces2/include -I$MPIHOME/include  blkcpy.F 1>>make.out 2>>make.err
mpif77 -c -D__fortran -D__fortran77 -DMPIF2C -Zp8 -zero -traceback -DMPI2 -shared-intel -O2 -msse3 -axcore-avx2,core-avx-i -I../../../../sia/include -I../aces2/include -I$MPIHOME/include  rotm.F 1>>make.out 2>>make.err
mpif77 -c -D__fortran -D__fortran77 -DMPIF2C -Zp8 -zero -traceback -DMPI2 -shared-intel -O2 -msse3 -axcore-avx2,core-avx-i -I../../../../sia/include -I../aces2/include -I$MPIHOME/include  gen_rednintrnls.F 1>>make.out 2>>make.err
mpif77 -c -D__fortran -D__fortran77 -DMPIF2C -Zp8 -zero -traceback -DMPI2 -shared-intel -O2 -msse3 -axcore-avx2,core-avx-i -I../../../../sia/include -I../aces2/include -I$MPIHOME/include  eval_qstlst_path_ric.F 1>>make.out 2>>make.err
mpif77 -c -D__fortran -D__fortran77 -DMPIF2C -Zp8 -zero -traceback -DMPI2 -shared-intel -O2 -msse3 -axcore-avx2,core-avx-i -I../../../../sia/include -I../aces2/include -I$MPIHOME/include  genrst.F 1>>make.out 2>>make.err
mpif77 -c -D__fortran -D__fortran77 -DMPIF2C -Zp8 -zero -traceback -DMPI2 -shared-intel -O2 -msse3 -axcore-avx2,core-avx-i -I../../../../sia/include -I../aces2/include -I$MPIHOME/include  set_2unit_matrix.F 1>>make.out 2>>make.err
mpif77 -c -D__fortran -D__fortran77 -DMPIF2C -Zp8 -zero -traceback -DMPI2 -shared-intel -O2 -msse3 -axcore-avx2,core-avx-i -I../../../../sia/include -I../aces2/include -I$MPIHOME/include  piksr3.F 1>>make.out 2>>make.err
mpif77 -c -D__fortran -D__fortran77 -DMPIF2C -Zp8 -zero -traceback -DMPI2 -shared-intel -O2 -msse3 -axcore-avx2,core-avx-i -I../../../../sia/include -I../aces2/include -I$MPIHOME/include  gen_new_ric.F 1>>make.out 2>>make.err
mpif77 -c -D__fortran -D__fortran77 -DMPIF2C -Zp8 -zero -traceback -DMPI2 -shared-intel -O2 -msse3 -axcore-avx2,core-avx-i -I../../../../sia/include -I../aces2/include -I$MPIHOME/include  build_cmatrix.F 1>>make.out 2>>make.err
mpif77 -c -D__fortran -D__fortran77 -DMPIF2C -Zp8 -zero -traceback -DMPI2 -shared-intel -O2 -msse3 -axcore-avx2,core-avx-i -I../../../../sia/include -I../aces2/include -I$MPIHOME/include  eval_qstlst_path_udi.F 1>>make.out 2>>make.err
mpif77 -c -D__fortran -D__fortran77 -DMPIF2C -Zp8 -zero -traceback -DMPI2 -shared-intel -O2 -msse3 -axcore-avx2,core-avx-i -I../../../../sia/include -I../aces2/include -I$MPIHOME/include  setxyz.F 1>>make.out 2>>make.err
mpif77 -c -D__fortran -D__fortran77 -DMPIF2C -Zp8 -zero -traceback -DMPI2 -shared-intel -O2 -msse3 -axcore-avx2,core-avx-i -I../../../../sia/include -I../aces2/include -I$MPIHOME/include  assign_angles.F 1>>make.out 2>>make.err
mpif77 -c -D__fortran -D__fortran77 -DMPIF2C -Zp8 -zero -traceback -DMPI2 -shared-intel -O2 -msse3 -axcore-avx2,core-avx-i -I../../../../sia/include -I../aces2/include -I$MPIHOME/include  remove_360.F 1>>make.out 2>>make.err
mpif77 -c -D__fortran -D__fortran77 -DMPIF2C -Zp8 -zero -traceback -DMPI2 -shared-intel -O2 -msse3 -axcore-avx2,core-avx-i -I../../../../sia/include -I../aces2/include -I$MPIHOME/include  eval_qstlst_path.F 1>>make.out 2>>make.err
mpif77 -c -D__fortran -D__fortran77 -DMPIF2C -Zp8 -zero -traceback -DMPI2 -shared-intel -O2 -msse3 -axcore-avx2,core-avx-i -I../../../../sia/include -I../aces2/include -I$MPIHOME/include  ifindne.F 1>>make.out 2>>make.err
mpif77 -c -D__fortran -D__fortran77 -DMPIF2C -Zp8 -zero -traceback -DMPI2 -shared-intel -O2 -msse3 -axcore-avx2,core-avx-i -I../../../../sia/include -I../aces2/include -I$MPIHOME/include  cmp_angle.F 1>>make.out 2>>make.err
mpif77 -c -D__fortran -D__fortran77 -DMPIF2C -Zp8 -zero -traceback -DMPI2 -shared-intel -O2 -msse3 -axcore-avx2,core-avx-i -I../../../../sia/include -I../aces2/include -I$MPIHOME/include  fetchz.F 1>>make.out 2>>make.err
mpif77 -c -D__fortran -D__fortran77 -DMPIF2C -Zp8 -zero -traceback -DMPI2 -shared-intel -O2 -msse3 -axcore-avx2,core-avx-i -I../../../../sia/include -I../aces2/include -I$MPIHOME/include  dfiles.F 1>>make.out 2>>make.err
mpif77 -c -D__fortran -D__fortran77 -DMPIF2C -Zp8 -zero -traceback -DMPI2 -shared-intel -O2 -msse3 -axcore-avx2,core-avx-i -I../../../../sia/include -I../aces2/include -I$MPIHOME/include  delta.F 1>>make.out 2>>make.err
mpif77 -c -D__fortran -D__fortran77 -DMPIF2C -Zp8 -zero -traceback -DMPI2 -shared-intel -O2 -msse3 -axcore-avx2,core-avx-i -I../../../../sia/include -I../aces2/include -I$MPIHOME/include  assign_labels.F 1>>make.out 2>>make.err
mpif77 -c -D__fortran -D__fortran77 -DMPIF2C -Zp8 -zero -traceback -DMPI2 -shared-intel -O2 -msse3 -axcore-avx2,core-avx-i -I../../../../sia/include -I../aces2/include -I$MPIHOME/include  getlambda.F 1>>make.out 2>>make.err
mpif77 -c -D__fortran -D__fortran77 -DMPIF2C -Zp8 -zero -traceback -DMPI2 -shared-intel -O2 -msse3 -axcore-avx2,core-avx-i -I../../../../sia/include -I../aces2/include -I$MPIHOME/include  xgemm.F 1>>make.out 2>>make.err
mpif77 -c -D__fortran -D__fortran77 -DMPIF2C -Zp8 -zero -traceback -DMPI2 -shared-intel -O2 -msse3 -axcore-avx2,core-avx-i -I../../../../sia/include -I../aces2/include -I$MPIHOME/include  built_angcrd.F 1>>make.out 2>>make.err
mpif77 -c -D__fortran -D__fortran77 -DMPIF2C -Zp8 -zero -traceback -DMPI2 -shared-intel -O2 -msse3 -axcore-avx2,core-avx-i -I../../../../sia/include -I../aces2/include -I$MPIHOME/include  hupdate.F 1>>make.out 2>>make.err
mpif77 -c -D__fortran -D__fortran77 -DMPIF2C -Zp8 -zero -traceback -DMPI2 -shared-intel -O2 -msse3 -axcore-avx2,core-avx-i -I../../../../sia/include -I../aces2/include -I$MPIHOME/include  f_remove.F 1>>make.out 2>>make.err
mpif77 -c -D__fortran -D__fortran77 -DMPIF2C -Zp8 -zero -traceback -DMPI2 -shared-intel -O2 -msse3 -axcore-avx2,core-avx-i -I../../../../sia/include -I../aces2/include -I$MPIHOME/include  sitgrp.F 1>>make.out 2>>make.err
mpif77 -c -D__fortran -D__fortran77 -DMPIF2C -Zp8 -zero -traceback -DMPI2 -shared-intel -O2 -msse3 -axcore-avx2,core-avx-i -I../../../../sia/include -I../aces2/include -I$MPIHOME/include  assign_bonds.F 1>>make.out 2>>make.err
mpif77 -c -D__fortran -D__fortran77 -DMPIF2C -Zp8 -zero -traceback -DMPI2 -shared-intel -O2 -msse3 -axcore-avx2,core-avx-i -I../../../../sia/include -I../aces2/include -I$MPIHOME/include  image.F 1>>make.out 2>>make.err
mpif77 -c -D__fortran -D__fortran77 -DMPIF2C -Zp8 -zero -traceback -DMPI2 -shared-intel -O2 -msse3 -axcore-avx2,core-avx-i -I../../../../sia/include -I../aces2/include -I$MPIHOME/include  read_ric_constrains.F 1>>make.out 2>>make.err
mpif77 -c -D__fortran -D__fortran77 -DMPIF2C -Zp8 -zero -traceback -DMPI2 -shared-intel -O2 -msse3 -axcore-avx2,core-avx-i -I../../../../sia/include -I../aces2/include -I$MPIHOME/include  nucrep.F 1>>make.out 2>>make.err
mpif77 -c -D__fortran -D__fortran77 -DMPIF2C -Zp8 -zero -traceback -DMPI2 -shared-intel -O2 -msse3 -axcore-avx2,core-avx-i -I../../../../sia/include -I../aces2/include -I$MPIHOME/include  nmr1.F 1>>make.out 2>>make.err
mpif77 -c -D__fortran -D__fortran77 -DMPIF2C -Zp8 -zero -traceback -DMPI2 -shared-intel -O2 -msse3 -axcore-avx2,core-avx-i -I../../../../sia/include -I../aces2/include -I$MPIHOME/include  transp.F 1>>make.out 2>>make.err
mpif77 -c -D__fortran -D__fortran77 -DMPIF2C -Zp8 -zero -traceback -DMPI2 -shared-intel -O2 -msse3 -axcore-avx2,core-avx-i -I../../../../sia/include -I../aces2/include -I$MPIHOME/include  projfcm.F 1>>make.out 2>>make.err
mpif77 -c -D__fortran -D__fortran77 -DMPIF2C -Zp8 -zero -traceback -DMPI2 -shared-intel -O2 -msse3 -axcore-avx2,core-avx-i -I../../../../sia/include -I../aces2/include -I$MPIHOME/include  trust_update.F 1>>make.out 2>>make.err
mpif77 -c -D__fortran -D__fortran77 -DMPIF2C -Zp8 -zero -traceback -DMPI2 -shared-intel -O2 -msse3 -axcore-avx2,core-avx-i -I../../../../sia/include -I../aces2/include -I$MPIHOME/include  compare2.F 1>>make.out 2>>make.err
mpif77 -c -D__fortran -D__fortran77 -DMPIF2C -Zp8 -zero -traceback -DMPI2 -shared-intel -O2 -msse3 -axcore-avx2,core-avx-i -I../../../../sia/include -I../aces2/include -I$MPIHOME/include  assign_xyz_labels.F 1>>make.out 2>>make.err
mpif77 -c -D__fortran -D__fortran77 -DMPIF2C -Zp8 -zero -traceback -DMPI2 -shared-intel -O2 -msse3 -axcore-avx2,core-avx-i -I../../../../sia/include -I../aces2/include -I$MPIHOME/include  gen_approx_freq.F 1>>make.out 2>>make.err
mpif77 -c -D__fortran -D__fortran77 -DMPIF2C -Zp8 -zero -traceback -DMPI2 -shared-intel -O2 -msse3 -axcore-avx2,core-avx-i -I../../../../sia/include -I../aces2/include -I$MPIHOME/include  buildb.F 1>>make.out 2>>make.err
mpif77 -c -D__fortran -D__fortran77 -DMPIF2C -Zp8 -zero -traceback -DMPI2 -shared-intel -O2 -msse3 -axcore-avx2,core-avx-i -I../../../../sia/include -I../aces2/include -I$MPIHOME/include  cnvrt2rad.F 1>>make.out 2>>make.err
mpif77 -c -D__fortran -D__fortran77 -DMPIF2C -Zp8 -zero -traceback -DMPI2 -shared-intel -O2 -msse3 -axcore-avx2,core-avx-i -I../../../../sia/include -I../aces2/include -I$MPIHOME/include  idntfy_constraints.F 1>>make.out 2>>make.err
mpif77 -c -D__fortran -D__fortran77 -DMPIF2C -Zp8 -zero -traceback -DMPI2 -shared-intel -O2 -msse3 -axcore-avx2,core-avx-i -I../../../../sia/include -I../aces2/include -I$MPIHOME/include  frag__init.F 1>>make.out 2>>make.err
mpif77 -c -D__fortran -D__fortran77 -DMPIF2C -Zp8 -zero -traceback -DMPI2 -shared-intel -O2 -msse3 -axcore-avx2,core-avx-i -I../../../../sia/include -I../aces2/include -I$MPIHOME/include  modmatmul.F 1>>make.out 2>>make.err
mpif77 -c -D__fortran -D__fortran77 -DMPIF2C -Zp8 -zero -traceback -DMPI2 -shared-intel -O2 -msse3 -axcore-avx2,core-avx-i -I../../../../sia/include -I../aces2/include -I$MPIHOME/include  read_cart_constrains.F 1>>make.out 2>>make.err
mpif77 -c -D__fortran -D__fortran77 -DMPIF2C -Zp8 -zero -traceback -DMPI2 -shared-intel -O2 -msse3 -axcore-avx2,core-avx-i -I../../../../sia/include -I../aces2/include -I$MPIHOME/include  frag__work.F 1>>make.out 2>>make.err
mpif77 -c -D__fortran -D__fortran77 -DMPIF2C -Zp8 -zero -traceback -DMPI2 -shared-intel -O2 -msse3 -axcore-avx2,core-avx-i -I../../../../sia/include -I../aces2/include -I$MPIHOME/include  gtflgs.F 1>>make.out 2>>make.err
mpif77 -c -D__fortran -D__fortran77 -DMPIF2C -Zp8 -zero -traceback -DMPI2 -shared-intel -O2 -msse3 -axcore-avx2,core-avx-i -I../../../../sia/include -I../aces2/include -I$MPIHOME/include  angs2bohr.F 1>>make.out 2>>make.err
mpif77 -c -D__fortran -D__fortran77 -DMPIF2C -Zp8 -zero -traceback -DMPI2 -shared-intel -O2 -msse3 -axcore-avx2,core-avx-i -I../../../../sia/include -I../aces2/include -I$MPIHOME/include  perpop2.F 1>>make.out 2>>make.err
mpif77 -c -D__fortran -D__fortran77 -DMPIF2C -Zp8 -zero -traceback -DMPI2 -shared-intel -O2 -msse3 -axcore-avx2,core-avx-i -I../../../../sia/include -I../aces2/include -I$MPIHOME/include  qsdminorts.F 1>>make.out 2>>make.err
mpif77 -c -D__fortran -D__fortran77 -DMPIF2C -Zp8 -zero -traceback -DMPI2 -shared-intel -O2 -msse3 -axcore-avx2,core-avx-i -I../../../../sia/include -I../aces2/include -I$MPIHOME/include  dosyop.F 1>>make.out 2>>make.err
mpif77 -c -D__fortran -D__fortran77 -DMPIF2C -Zp8 -zero -traceback -DMPI2 -shared-intel -O2 -msse3 -axcore-avx2,core-avx-i -I../../../../sia/include -I../aces2/include -I$MPIHOME/include  vminus.F 1>>make.out 2>>make.err
mpif77 -c -D__fortran -D__fortran77 -DMPIF2C -Zp8 -zero -traceback -DMPI2 -shared-intel -O2 -msse3 -axcore-avx2,core-avx-i -I../../../../sia/include -I../aces2/include -I$MPIHOME/include  qsdline.F 1>>make.out 2>>make.err
mpif77 -c -D__fortran -D__fortran77 -DMPIF2C -Zp8 -zero -traceback -DMPI2 -shared-intel -O2 -msse3 -axcore-avx2,core-avx-i -I../../../../sia/include -I../aces2/include -I$MPIHOME/include  stptr.F 1>>make.out 2>>make.err
mpif77 -c -D__fortran -D__fortran77 -DMPIF2C -Zp8 -zero -traceback -DMPI2 -shared-intel -O2 -msse3 -axcore-avx2,core-avx-i -I../../../../sia/include -I../aces2/include -I$MPIHOME/include  jso1.F 1>>make.out 2>>make.err
mpif77 -c -D__fortran -D__fortran77 -DMPIF2C -Zp8 -zero -traceback -DMPI2 -shared-intel -O2 -msse3 -axcore-avx2,core-avx-i -I../../../../sia/include -I../aces2/include -I$MPIHOME/include  outerp.F 1>>make.out 2>>make.err
mpif77 -c -D__fortran -D__fortran77 -DMPIF2C -Zp8 -zero -traceback -DMPI2 -shared-intel -O2 -msse3 -axcore-avx2,core-avx-i -I../../../../sia/include -I../aces2/include -I$MPIHOME/include  chrtab.F 1>>make.out 2>>make.err
mpif77 -c -D__fortran -D__fortran77 -DMPIF2C -Zp8 -zero -traceback -DMPI2 -shared-intel -O2 -msse3 -axcore-avx2,core-avx-i -I../../../../sia/include -I../aces2/include -I$MPIHOME/include  vecprd.F 1>>make.out 2>>make.err
mpif77 -c -D__fortran -D__fortran77 -DMPIF2C -Zp8 -zero -traceback -DMPI2 -shared-intel -O2 -msse3 -axcore-avx2,core-avx-i -I../../../../sia/include -I../aces2/include -I$MPIHOME/include  flowqsdmin.F 1>>make.out 2>>make.err
mpif77 -c -D__fortran -D__fortran77 -DMPIF2C -Zp8 -zero -traceback -DMPI2 -shared-intel -O2 -msse3 -axcore-avx2,core-avx-i -I../../../../sia/include -I../aces2/include -I$MPIHOME/include  built_bndcrd.F 1>>make.out 2>>make.err
mpicc -c -DMPIF2C -DC_SUFFIX  -DMPI2 -DCB_SUFFIX -shared-intel -O2 -msse3 -axcore-avx2,core-avx-i -I../../../../sia/include -I../aces2/include -I$MPIHOME/include  coarse_backup.c 1>>make.out 2>>make.err
mpicc -c -DMPIF2C -DC_SUFFIX  -DMPI2 -DCB_SUFFIX -shared-intel -O2 -msse3 -axcore-avx2,core-avx-i -I../../../../sia/include -I../aces2/include -I$MPIHOME/include  f_remove_core.c 1>>make.out 2>>make.err
mpicc -c -DMPIF2C -DC_SUFFIX  -DMPI2 -DCB_SUFFIX -shared-intel -O2 -msse3 -axcore-avx2,core-avx-i -I../../../../sia/include -I../aces2/include -I$MPIHOME/include  aces_malloc.c 1>>make.out 2>>make.err
mpicc -c -DMPIF2C -DC_SUFFIX  -DMPI2 -DCB_SUFFIX -shared-intel -O2 -msse3 -axcore-avx2,core-avx-i -I../../../../sia/include -I../aces2/include -I$MPIHOME/include  c_system.c 1>>make.out 2>>make.err
mpicc -c -DMPIF2C -DC_SUFFIX  -DMPI2 -DCB_SUFFIX -shared-intel -O2 -msse3 -axcore-avx2,core-avx-i -I../../../../sia/include -I../aces2/include -I$MPIHOME/include  coarse_restore.c 1>>make.out 2>>make.err
mpicc -c -DMPIF2C -DC_SUFFIX  -DMPI2 -DCB_SUFFIX -shared-intel -O2 -msse3 -axcore-avx2,core-avx-i -I../../../../sia/include -I../aces2/include -I$MPIHOME/include  c_adr.c 1>>make.out 2>>make.err
mpicc -c -DMPIF2C -DC_SUFFIX  -DMPI2 -DCB_SUFFIX -shared-intel -O2 -msse3 -axcore-avx2,core-avx-i -I../../../../sia/include -I../aces2/include -I$MPIHOME/include  c_free.c 1>>make.out 2>>make.err
ar rv libgeopt.a cart2int_hess.o rotcon.o filter.o ifindne.o siaz.o built_bgmtrx.o iorgrp.o gen_curr_coords.o calmoi.o nrtsrv.o gendih.o tstops.o summary.o fixori.o initp.o set_2unit_matrix.o piksr3.o sortxyz.o eval_qstlst_path_udi.o entry.o remove_360.o gtflgs.o delta.o compare2.o getlambda.o built_angcrd.o gschmidt.o sitgrp.o assign_bonds.o folowtangent.o transp.o buildb.o modmatmul.o some_string_func.o polyprt0.o eval_qstlst_path_xyz.o init_ric_heap.o symunqonly.o qsdline.o folowdflt.o morsea.o perpop.o stptr.o itndf.o convq.o check_pm_pair.o dbond.o resolve.o powel.o write_warn_log.o app_cart_constrains.o stripdum.o frag__loop_through.o angmag.o reflect.o twidle.o geopt.o analyze.o deang.o dcheck.o get_mopac_hess.o dihs.o f_remove.o image.o assign_cnnectvitis.o scopy.o genrep.o swpord.o cnvrt2rad.o alongx.o project_fc.o grpops.o ssum.o bfgs.o symmetry_auto.o built_langcrd.o expnd2.o dosyop.o jsd1.o gen_new_ric.o chkint.o vstat.o irreps.o procestep_xyz.o izero.o anlyshes.o check4_180.o hupdate.o identfy_fragments.o unitry.o projdpd.o vib1.o scatter.o flowevfmin.o symmetry.o trnops.o assign_dihls.o blkcpy.o eval_qstlst_path_ric.o outerp.o build_cmatrix.o fetchz.o cmp_angle.o dfiles.o setup.o built_dihangcrd.o piksr2.o xtrace.o read_ric_constrains.o nucrep.o projec_ifc.o trust_update.o gen_approx_freq.o idntfy_constraints.o frag__init.o chkeck.o assign_angles.o modfy_hessian.o eval_qstlst_path.o setd2xyz.o bltaotoso.o idnmat.o get_covalradii.o curve.o gather.o domorsexyz_ric.o itoa.o symmet2.o angs2bohr.o domorsezmt.o flushs.o mtransp.o gentranmat.o getptspqr.o genrst.o compkmat.o msp_psb.o stdort.o dumpcord.o ishell.o inertia.o flowevfts.o minv.o convhess.o vadd.o mtran2.o makgen.o read_cart_constrains.o geomout.o qsdminorts.o vminus.o setxyz.o vecprd.o comvec.o polyprt.o flowqsdmin.o subgroup.o what2follow.o gen_rics.o forceout.o mknddo.o geticfcm.o rm_backup.o assign_labels.o archive.o tkstep.o compare.o symdrv.o sortc.o bohr2angs.o projfcm.o mxm.o gen_rednintrnls.o read_cntvtes.o newraph.o nmr1.o output.o jfc1.o rotm.o aces2_joda_main.o cshiftpri.o retrieve.o projpld.o idntfy_symeqv_atms.o squez4.o previb.o built_bndcrd.o savori.o expnd4.o xgemm.o xdot.o proces_redintrnls.o frag__work.o perpop2.o xcopy.o jso1.o chrtab.o is_connected.o hessout.o frmlst.o assign_xyz_labels.o readgh.o adm.o post_opt_update.o symunq.o qstlst_or_evec.o procestep.o evec_shift.o  coarse_backup.o f_remove_core.o aces_malloc.o c_system.o coarse_restore.o c_adr.o c_free.o 
ar: creating libgeopt.a
a - cart2int_hess.o
a - rotcon.o
a - filter.o
a - ifindne.o
a - siaz.o
a - built_bgmtrx.o
a - iorgrp.o
a - gen_curr_coords.o
a - calmoi.o
a - nrtsrv.o
a - gendih.o
a - tstops.o
a - summary.o
a - fixori.o
a - initp.o
a - set_2unit_matrix.o
a - piksr3.o
a - sortxyz.o
a - eval_qstlst_path_udi.o
a - entry.o
a - remove_360.o
a - gtflgs.o
a - delta.o
a - compare2.o
a - getlambda.o
a - built_angcrd.o
a - gschmidt.o
a - sitgrp.o
a - assign_bonds.o
a - folowtangent.o
a - transp.o
a - buildb.o
a - modmatmul.o
a - some_string_func.o
a - polyprt0.o
a - eval_qstlst_path_xyz.o
a - init_ric_heap.o
a - symunqonly.o
a - qsdline.o
a - folowdflt.o
a - morsea.o
a - perpop.o
a - stptr.o
a - itndf.o
a - convq.o
a - check_pm_pair.o
a - dbond.o
a - resolve.o
a - powel.o
a - write_warn_log.o
a - app_cart_constrains.o
a - stripdum.o
a - frag__loop_through.o
a - angmag.o
a - reflect.o
a - twidle.o
a - geopt.o
a - analyze.o
a - deang.o
a - dcheck.o
a - get_mopac_hess.o
a - dihs.o
a - f_remove.o
a - image.o
a - assign_cnnectvitis.o
a - scopy.o
a - genrep.o
a - swpord.o
a - cnvrt2rad.o
a - alongx.o
a - project_fc.o
a - grpops.o
a - ssum.o
a - bfgs.o
a - symmetry_auto.o
a - built_langcrd.o
a - expnd2.o
a - dosyop.o
a - jsd1.o
a - gen_new_ric.o
a - chkint.o
a - vstat.o
a - irreps.o
a - procestep_xyz.o
a - izero.o
a - anlyshes.o
a - check4_180.o
a - hupdate.o
a - identfy_fragments.o
a - unitry.o
a - projdpd.o
a - vib1.o
a - scatter.o
a - flowevfmin.o
a - symmetry.o
a - trnops.o
a - assign_dihls.o
a - blkcpy.o
a - eval_qstlst_path_ric.o
a - outerp.o
a - build_cmatrix.o
a - fetchz.o
a - cmp_angle.o
a - dfiles.o
a - setup.o
a - built_dihangcrd.o
a - piksr2.o
a - xtrace.o
a - read_ric_constrains.o
a - nucrep.o
a - projec_ifc.o
a - trust_update.o
a - gen_approx_freq.o
a - idntfy_constraints.o
a - frag__init.o
a - chkeck.o
a - assign_angles.o
a - modfy_hessian.o
a - eval_qstlst_path.o
a - setd2xyz.o
a - bltaotoso.o
a - idnmat.o
a - get_covalradii.o
a - curve.o
a - gather.o
a - domorsexyz_ric.o
a - itoa.o
a - symmet2.o
a - angs2bohr.o
a - domorsezmt.o
a - flushs.o
a - mtransp.o
a - gentranmat.o
a - getptspqr.o
a - genrst.o
a - compkmat.o
a - msp_psb.o
a - stdort.o
a - dumpcord.o
a - ishell.o
a - inertia.o
a - flowevfts.o
a - minv.o
a - convhess.o
a - vadd.o
a - mtran2.o
a - makgen.o
a - read_cart_constrains.o
a - geomout.o
a - qsdminorts.o
a - vminus.o
a - setxyz.o
a - vecprd.o
a - comvec.o
a - polyprt.o
a - flowqsdmin.o
a - subgroup.o
a - what2follow.o
a - gen_rics.o
a - forceout.o
a - mknddo.o
a - geticfcm.o
a - rm_backup.o
a - assign_labels.o
a - archive.o
a - tkstep.o
a - compare.o
a - symdrv.o
a - sortc.o
a - bohr2angs.o
a - projfcm.o
a - mxm.o
a - gen_rednintrnls.o
a - read_cntvtes.o
a - newraph.o
a - nmr1.o
a - output.o
a - jfc1.o
a - rotm.o
a - aces2_joda_main.o
a - cshiftpri.o
a - retrieve.o
a - projpld.o
a - idntfy_symeqv_atms.o
a - squez4.o
a - previb.o
a - built_bndcrd.o
a - savori.o
a - expnd4.o
a - xgemm.o
a - xdot.o
a - proces_redintrnls.o
a - frag__work.o
a - perpop2.o
a - xcopy.o
a - jso1.o
a - chrtab.o
a - is_connected.o
a - hessout.o
a - frmlst.o
a - assign_xyz_labels.o
a - readgh.o
a - adm.o
a - post_opt_update.o
a - symunq.o
a - qstlst_or_evec.o
a - procestep.o
a - evec_shift.o
a - coarse_backup.o
a - f_remove_core.o
a - aces_malloc.o
a - c_system.o
a - coarse_restore.o
a - c_adr.o
a - c_free.o
cp libgeopt.a ../../../../../lib/libgeopt.a
rm -f make.out make.err
gmake[5]: Leaving directory `/home/perera/Develop/TTU_devls/acesiii/src/aces/aces_library/a2driver/geopt'
gmake[5]: Entering directory `/home/perera/Develop/TTU_devls/acesiii/src/aces/aces_library/a2driver/aces2'
rm -f make.out make.err
mpif77 -c -D__fortran -D__fortran77 -DMPIF2C -Zp8 -zero -traceback -DMPI2 -shared-intel -O2 -msse3 -axcore-avx2,core-avx-i -I../../../../sia/include -I../aces2/include -I$MPIHOME/include  jobarc_query.F 1>>make.out 2>>make.err
mpif77 -c -D__fortran -D__fortran77 -DMPIF2C -Zp8 -zero -traceback -DMPI2 -shared-intel -O2 -msse3 -axcore-avx2,core-avx-i -I../../../../sia/include -I../aces2/include -I$MPIHOME/include  dgetrec.F 1>>make.out 2>>make.err
mpif77 -c -D__fortran -D__fortran77 -DMPIF2C -Zp8 -zero -traceback -DMPI2 -shared-intel -O2 -msse3 -axcore-avx2,core-avx-i -I../../../../sia/include -I../aces2/include -I$MPIHOME/include  parse_int.F 1>>make.out 2>>make.err
mpif77 -c -D__fortran -D__fortran77 -DMPIF2C -Zp8 -zero -traceback -DMPI2 -shared-intel -O2 -msse3 -axcore-avx2,core-avx-i -I../../../../sia/include -I../aces2/include -I$MPIHOME/include  f_strpbrk.F 1>>make.out 2>>make.err
mpif77 -c -D__fortran -D__fortran77 -DMPIF2C -Zp8 -zero -traceback -DMPI2 -shared-intel -O2 -msse3 -axcore-avx2,core-avx-i -I../../../../sia/include -I../aces2/include -I$MPIHOME/include  symeqv.F 1>>make.out 2>>make.err
mpif77 -c -D__fortran -D__fortran77 -DMPIF2C -Zp8 -zero -traceback -DMPI2 -shared-intel -O2 -msse3 -axcore-avx2,core-avx-i -I../../../../sia/include -I../aces2/include -I$MPIHOME/include  figio.F 1>>make.out 2>>make.err
mpif77 -c -D__fortran -D__fortran77 -DMPIF2C -Zp8 -zero -traceback -DMPI2 -shared-intel -O2 -msse3 -axcore-avx2,core-avx-i -I../../../../sia/include -I../aces2/include -I$MPIHOME/include  linblnk.F 1>>make.out 2>>make.err
mpif77 -c -D__fortran -D__fortran77 -DMPIF2C -Zp8 -zero -traceback -DMPI2 -shared-intel -O2 -msse3 -axcore-avx2,core-avx-i -I../../../../sia/include -I../aces2/include -I$MPIHOME/include  f_getarg.F 1>>make.out 2>>make.err
mpif77 -c -D__fortran -D__fortran77 -DMPIF2C -Zp8 -zero -traceback -DMPI2 -shared-intel -O2 -msse3 -axcore-avx2,core-avx-i -I../../../../sia/include -I../aces2/include -I$MPIHOME/include  parse_set_iarr.F 1>>make.out 2>>make.err
mpif77 -c -D__fortran -D__fortran77 -DMPIF2C -Zp8 -zero -traceback -DMPI2 -shared-intel -O2 -msse3 -axcore-avx2,core-avx-i -I../../../../sia/include -I../aces2/include -I$MPIHOME/include  gen_cart_coord.F 1>>make.out 2>>make.err
mpif77 -c -D__fortran -D__fortran77 -DMPIF2C -Zp8 -zero -traceback -DMPI2 -shared-intel -O2 -msse3 -axcore-avx2,core-avx-i -I../../../../sia/include -I../aces2/include -I$MPIHOME/include  joda_main.F 1>>make.out 2>>make.err
mpif77 -c -D__fortran -D__fortran77 -DMPIF2C -Zp8 -zero -traceback -DMPI2 -shared-intel -O2 -msse3 -axcore-avx2,core-avx-i -I../../../../sia/include -I../aces2/include -I$MPIHOME/include  prep_dline_2.F 1>>make.out 2>>make.err
mpif77 -c -D__fortran -D__fortran77 -DMPIF2C -Zp8 -zero -traceback -DMPI2 -shared-intel -O2 -msse3 -axcore-avx2,core-avx-i -I../../../../sia/include -I../aces2/include -I$MPIHOME/include  aces_ja_fin.F 1>>make.out 2>>make.err
mpif77 -c -D__fortran -D__fortran77 -DMPIF2C -Zp8 -zero -traceback -DMPI2 -shared-intel -O2 -msse3 -axcore-avx2,core-avx-i -I../../../../sia/include -I../aces2/include -I$MPIHOME/include  putrec.F 1>>make.out 2>>make.err
mpif77 -c -D__fortran -D__fortran77 -DMPIF2C -Zp8 -zero -traceback -DMPI2 -shared-intel -O2 -msse3 -axcore-avx2,core-avx-i -I../../../../sia/include -I../aces2/include -I$MPIHOME/include  fnblnk.F 1>>make.out 2>>make.err
mpif77 -c -D__fortran -D__fortran77 -DMPIF2C -Zp8 -zero -traceback -DMPI2 -shared-intel -O2 -msse3 -axcore-avx2,core-avx-i -I../../../../sia/include -I../aces2/include -I$MPIHOME/include  aces_ja_init.F 1>>make.out 2>>make.err
mpif77 -c -D__fortran -D__fortran77 -DMPIF2C -Zp8 -zero -traceback -DMPI2 -shared-intel -O2 -msse3 -axcore-avx2,core-avx-i -I../../../../sia/include -I../aces2/include -I$MPIHOME/include  rdbas.F 1>>make.out 2>>make.err
mpif77 -c -D__fortran -D__fortran77 -DMPIF2C -Zp8 -zero -traceback -DMPI2 -shared-intel -O2 -msse3 -axcore-avx2,core-avx-i -I../../../../sia/include -I../aces2/include -I$MPIHOME/include  shellinf.F 1>>make.out 2>>make.err
mpif77 -c -D__fortran -D__fortran77 -DMPIF2C -Zp8 -zero -traceback -DMPI2 -shared-intel -O2 -msse3 -axcore-avx2,core-avx-i -I../../../../sia/include -I../aces2/include -I$MPIHOME/include  mkvmol.F 1>>make.out 2>>make.err
mpif77 -c -D__fortran -D__fortran77 -DMPIF2C -Zp8 -zero -traceback -DMPI2 -shared-intel -O2 -msse3 -axcore-avx2,core-avx-i -I../../../../sia/include -I../aces2/include -I$MPIHOME/include  rd_intcoord.F 1>>make.out 2>>make.err
mpif77 -c -D__fortran -D__fortran77 -DMPIF2C -Zp8 -zero -traceback -DMPI2 -shared-intel -O2 -msse3 -axcore-avx2,core-avx-i -I../../../../sia/include -I../aces2/include -I$MPIHOME/include  joda_post_processing.F 1>>make.out 2>>make.err
mpif77 -c -D__fortran -D__fortran77 -DMPIF2C -Zp8 -zero -traceback -DMPI2 -shared-intel -O2 -msse3 -axcore-avx2,core-avx-i -I../../../../sia/include -I../aces2/include -I$MPIHOME/include  iputrec.F 1>>make.out 2>>make.err
mpif77 -c -D__fortran -D__fortran77 -DMPIF2C -Zp8 -zero -traceback -DMPI2 -shared-intel -O2 -msse3 -axcore-avx2,core-avx-i -I../../../../sia/include -I../aces2/include -I$MPIHOME/include  getxyz.F 1>>make.out 2>>make.err
mpif77 -c -D__fortran -D__fortran77 -DMPIF2C -Zp8 -zero -traceback -DMPI2 -shared-intel -O2 -msse3 -axcore-avx2,core-avx-i -I../../../../sia/include -I../aces2/include -I$MPIHOME/include  dputrec.F 1>>make.out 2>>make.err
mpif77 -c -D__fortran -D__fortran77 -DMPIF2C -Zp8 -zero -traceback -DMPI2 -shared-intel -O2 -msse3 -axcore-avx2,core-avx-i -I../../../../sia/include -I../aces2/include -I$MPIHOME/include  pertable.F 1>>make.out 2>>make.err
mpif77 -c -D__fortran -D__fortran77 -DMPIF2C -Zp8 -zero -traceback -DMPI2 -shared-intel -O2 -msse3 -axcore-avx2,core-avx-i -I../../../../sia/include -I../aces2/include -I$MPIHOME/include  gfname.F 1>>make.out 2>>make.err
mpif77 -c -D__fortran -D__fortran77 -DMPIF2C -Zp8 -zero -traceback -DMPI2 -shared-intel -O2 -msse3 -axcore-avx2,core-avx-i -I../../../../sia/include -I../aces2/include -I$MPIHOME/include  putcrec.F 1>>make.out 2>>make.err
mpif77 -c -D__fortran -D__fortran77 -DMPIF2C -Zp8 -zero -traceback -DMPI2 -shared-intel -O2 -msse3 -axcore-avx2,core-avx-i -I../../../../sia/include -I../aces2/include -I$MPIHOME/include  wrpbas.F 1>>make.out 2>>make.err
mpif77 -c -D__fortran -D__fortran77 -DMPIF2C -Zp8 -zero -traceback -DMPI2 -shared-intel -O2 -msse3 -axcore-avx2,core-avx-i -I../../../../sia/include -I../aces2/include -I$MPIHOME/include  getrec.F 1>>make.out 2>>make.err
mpif77 -c -D__fortran -D__fortran77 -DMPIF2C -Zp8 -zero -traceback -DMPI2 -shared-intel -O2 -msse3 -axcore-avx2,core-avx-i -I../../../../sia/include -I../aces2/include -I$MPIHOME/include  parsez.F 1>>make.out 2>>make.err
mpif77 -c -D__fortran -D__fortran77 -DMPIF2C -Zp8 -zero -traceback -DMPI2 -shared-intel -O2 -msse3 -axcore-avx2,core-avx-i -I../../../../sia/include -I../aces2/include -I$MPIHOME/include  parse_irp_iarr.F 1>>make.out 2>>make.err
mpif77 -c -D__fortran -D__fortran77 -DMPIF2C -Zp8 -zero -traceback -DMPI2 -shared-intel -O2 -msse3 -axcore-avx2,core-avx-i -I../../../../sia/include -I../aces2/include -I$MPIHOME/include  eig.F 1>>make.out 2>>make.err
mpif77 -c -D__fortran -D__fortran77 -DMPIF2C -Zp8 -zero -traceback -DMPI2 -shared-intel -O2 -msse3 -axcore-avx2,core-avx-i -I../../../../sia/include -I../aces2/include -I$MPIHOME/include  aces3_gtflgs.F 1>>make.out 2>>make.err
mpif77 -c -D__fortran -D__fortran77 -DMPIF2C -Zp8 -zero -traceback -DMPI2 -shared-intel -O2 -msse3 -axcore-avx2,core-avx-i -I../../../../sia/include -I../aces2/include -I$MPIHOME/include  read_zmat_internal_coords.F 1>>make.out 2>>make.err
mpif77 -c -D__fortran -D__fortran77 -DMPIF2C -Zp8 -zero -traceback -DMPI2 -shared-intel -O2 -msse3 -axcore-avx2,core-avx-i -I../../../../sia/include -I../aces2/include -I$MPIHOME/include  igetrec.F 1>>make.out 2>>make.err
mpif77 -c -D__fortran -D__fortran77 -DMPIF2C -Zp8 -zero -traceback -DMPI2 -shared-intel -O2 -msse3 -axcore-avx2,core-avx-i -I../../../../sia/include -I../aces2/include -I$MPIHOME/include  getcrec.F 1>>make.out 2>>make.err
mpif77 -c -D__fortran -D__fortran77 -DMPIF2C -Zp8 -zero -traceback -DMPI2 -shared-intel -O2 -msse3 -axcore-avx2,core-avx-i -I../../../../sia/include -I../aces2/include -I$MPIHOME/include  xtor.F 1>>make.out 2>>make.err
mpif77 -c -D__fortran -D__fortran77 -DMPIF2C -Zp8 -zero -traceback -DMPI2 -shared-intel -O2 -msse3 -axcore-avx2,core-avx-i -I../../../../sia/include -I../aces2/include -I$MPIHOME/include  gmetry.F 1>>make.out 2>>make.err
mpif77 -c -D__fortran -D__fortran77 -DMPIF2C -Zp8 -zero -traceback -DMPI2 -shared-intel -O2 -msse3 -axcore-avx2,core-avx-i -I../../../../sia/include -I../aces2/include -I$MPIHOME/include  debug_zmat.F 1>>make.out 2>>make.err
mpif77 -c -D__fortran -D__fortran77 -DMPIF2C -Zp8 -zero -traceback -DMPI2 -shared-intel -O2 -msse3 -axcore-avx2,core-avx-i -I../../../../sia/include -I../aces2/include -I$MPIHOME/include  aces_init_rte.F 1>>make.out 2>>make.err
mpif77 -c -D__fortran -D__fortran77 -DMPIF2C -Zp8 -zero -traceback -DMPI2 -shared-intel -O2 -msse3 -axcore-avx2,core-avx-i -I../../../../sia/include -I../aces2/include -I$MPIHOME/include  normal.f 1>>make.out 2>>make.err
mpif77 -c -D__fortran -D__fortran77 -DMPIF2C -Zp8 -zero -traceback -DMPI2 -shared-intel -O2 -msse3 -axcore-avx2,core-avx-i -I../../../../sia/include -I../aces2/include -I$MPIHOME/include  atoi.f 1>>make.out 2>>make.err
mpif77 -c -D__fortran -D__fortran77 -DMPIF2C -Zp8 -zero -traceback -DMPI2 -shared-intel -O2 -msse3 -axcore-avx2,core-avx-i -I../../../../sia/include -I../aces2/include -I$MPIHOME/include  qsame.f 1>>make.out 2>>make.err
mpif77 -c -D__fortran -D__fortran77 -DMPIF2C -Zp8 -zero -traceback -DMPI2 -shared-intel -O2 -msse3 -axcore-avx2,core-avx-i -I../../../../sia/include -I../aces2/include -I$MPIHOME/include  vec.f 1>>make.out 2>>make.err
mpif77 -c -D__fortran -D__fortran77 -DMPIF2C -Zp8 -zero -traceback -DMPI2 -shared-intel -O2 -msse3 -axcore-avx2,core-avx-i -I../../../../sia/include -I../aces2/include -I$MPIHOME/include  usqush.f 1>>make.out 2>>make.err
mpif77 -c -D__fortran -D__fortran77 -DMPIF2C -Zp8 -zero -traceback -DMPI2 -shared-intel -O2 -msse3 -axcore-avx2,core-avx-i -I../../../../sia/include -I../aces2/include -I$MPIHOME/include  atomnumb.f 1>>make.out 2>>make.err
mpif77 -c -D__fortran -D__fortran77 -DMPIF2C -Zp8 -zero -traceback -DMPI2 -shared-intel -O2 -msse3 -axcore-avx2,core-avx-i -I../../../../sia/include -I../aces2/include -I$MPIHOME/include  errex.f 1>>make.out 2>>make.err
mpif77 -c -D__fortran -D__fortran77 -DMPIF2C -Zp8 -zero -traceback -DMPI2 -shared-intel -O2 -msse3 -axcore-avx2,core-avx-i -I../../../../sia/include -I../aces2/include -I$MPIHOME/include  aces_exit.f 1>>make.out 2>>make.err
mpif77 -c -D__fortran -D__fortran77 -DMPIF2C -Zp8 -zero -traceback -DMPI2 -shared-intel -O2 -msse3 -axcore-avx2,core-avx-i -I../../../../sia/include -I../aces2/include -I$MPIHOME/include  rdcchr.f 1>>make.out 2>>make.err
mpif77 -c -D__fortran -D__fortran77 -DMPIF2C -Zp8 -zero -traceback -DMPI2 -shared-intel -O2 -msse3 -axcore-avx2,core-avx-i -I../../../../sia/include -I../aces2/include -I$MPIHOME/include  cdiv.f 1>>make.out 2>>make.err
mpif77 -c -D__fortran -D__fortran77 -DMPIF2C -Zp8 -zero -traceback -DMPI2 -shared-intel -O2 -msse3 -axcore-avx2,core-avx-i -I../../../../sia/include -I../aces2/include -I$MPIHOME/include  trmblk.f 1>>make.out 2>>make.err
mpif77 -c -D__fortran -D__fortran77 -DMPIF2C -Zp8 -zero -traceback -DMPI2 -shared-intel -O2 -msse3 -axcore-avx2,core-avx-i -I../../../../sia/include -I../aces2/include -I$MPIHOME/include  geopt.f 1>>make.out 2>>make.err
mpif77 -c -D__fortran -D__fortran77 -DMPIF2C -Zp8 -zero -traceback -DMPI2 -shared-intel -O2 -msse3 -axcore-avx2,core-avx-i -I../../../../sia/include -I../aces2/include -I$MPIHOME/include  corchr.f 1>>make.out 2>>make.err
mpif77 -c -D__fortran -D__fortran77 -DMPIF2C -Zp8 -zero -traceback -DMPI2 -shared-intel -O2 -msse3 -axcore-avx2,core-avx-i -I../../../../sia/include -I../aces2/include -I$MPIHOME/include  dacosx.f 1>>make.out 2>>make.err
mpif77 -c -D__fortran -D__fortran77 -DMPIF2C -Zp8 -zero -traceback -DMPI2 -shared-intel -O2 -msse3 -axcore-avx2,core-avx-i -I../../../../sia/include -I../aces2/include -I$MPIHOME/include  cross.f 1>>make.out 2>>make.err
mpif77 -c -D__fortran -D__fortran77 -DMPIF2C -Zp8 -zero -traceback -DMPI2 -shared-intel -O2 -msse3 -axcore-avx2,core-avx-i -I../../../../sia/include -I../aces2/include -I$MPIHOME/include  angle.f 1>>make.out 2>>make.err
mpif77 -c -D__fortran -D__fortran77 -DMPIF2C -Zp8 -zero -traceback -DMPI2 -shared-intel -O2 -msse3 -axcore-avx2,core-avx-i -I../../../../sia/include -I../aces2/include -I$MPIHOME/include  zero.f 1>>make.out 2>>make.err
mpif77 -c -D__fortran -D__fortran77 -DMPIF2C -Zp8 -zero -traceback -DMPI2 -shared-intel -O2 -msse3 -axcore-avx2,core-avx-i -I../../../../sia/include -I../aces2/include -I$MPIHOME/include  iszeq.f 1>>make.out 2>>make.err
mpif77 -c -D__fortran -D__fortran77 -DMPIF2C -Zp8 -zero -traceback -DMPI2 -shared-intel -O2 -msse3 -axcore-avx2,core-avx-i -I../../../../sia/include -I../aces2/include -I$MPIHOME/include  leq.f 1>>make.out 2>>make.err
mpif77 -c -D__fortran -D__fortran77 -DMPIF2C -Zp8 -zero -traceback -DMPI2 -shared-intel -O2 -msse3 -axcore-avx2,core-avx-i -I../../../../sia/include -I../aces2/include -I$MPIHOME/include  com_shift.f 1>>make.out 2>>make.err
mpif77 -c -D__fortran -D__fortran77 -DMPIF2C -Zp8 -zero -traceback -DMPI2 -shared-intel -O2 -msse3 -axcore-avx2,core-avx-i -I../../../../sia/include -I../aces2/include -I$MPIHOME/include  sqush.f 1>>make.out 2>>make.err
mpif77 -c -D__fortran -D__fortran77 -DMPIF2C -Zp8 -zero -traceback -DMPI2 -shared-intel -O2 -msse3 -axcore-avx2,core-avx-i -I../../../../sia/include -I../aces2/include -I$MPIHOME/include  dist.f 1>>make.out 2>>make.err
mpicc -c -DMPIF2C -DC_SUFFIX  -DMPI2 -DCB_SUFFIX -shared-intel -O2 -msse3 -axcore-avx2,core-avx-i -I../../../../sia/include -I../aces2/include -I$MPIHOME/include  c_strncasecmp.c 1>>make.out 2>>make.err
mpicc -c -DMPIF2C -DC_SUFFIX  -DMPI2 -DCB_SUFFIX -shared-intel -O2 -msse3 -axcore-avx2,core-avx-i -I../../../../sia/include -I../aces2/include -I$MPIHOME/include  f_strpbrk_core.c 1>>make.out 2>>make.err
mpicc -c -DMPIF2C -DC_SUFFIX  -DMPI2 -DCB_SUFFIX -shared-intel -O2 -msse3 -axcore-avx2,core-avx-i -I../../../../sia/include -I../aces2/include -I$MPIHOME/include  c_exit.c 1>>make.out 2>>make.err
mpicc -c -DMPIF2C -DC_SUFFIX  -DMPI2 -DCB_SUFFIX -shared-intel -O2 -msse3 -axcore-avx2,core-avx-i -I../../../../sia/include -I../aces2/include -I$MPIHOME/include  c_memmove.c 1>>make.out 2>>make.err
mpicc -c -DMPIF2C -DC_SUFFIX  -DMPI2 -DCB_SUFFIX -shared-intel -O2 -msse3 -axcore-avx2,core-avx-i -I../../../../sia/include -I../aces2/include -I$MPIHOME/include  asv_ctl.c 1>>make.out 2>>make.err
mpicc -c -DMPIF2C -DC_SUFFIX  -DMPI2 -DCB_SUFFIX -shared-intel -O2 -msse3 -axcore-avx2,core-avx-i -I../../../../sia/include -I../aces2/include -I$MPIHOME/include  icopy.c 1>>make.out 2>>make.err
mpicc -c -DMPIF2C -DC_SUFFIX  -DMPI2 -DCB_SUFFIX -shared-intel -O2 -msse3 -axcore-avx2,core-avx-i -I../../../../sia/include -I../aces2/include -I$MPIHOME/include  c_memset.c 1>>make.out 2>>make.err
ar rv libaces2.a parse_int.o gen_cart_coord.o getxyz.o aces_ja_fin.o gfname.o f_getarg.o parse_set_iarr.o aces_ja_init.o fnblnk.o iputrec.o dputrec.o igetrec.o putcrec.o shellinf.o mkvmol.o wrpbas.o jobarc_query.o joda_main.o read_zmat_internal_coords.o getcrec.o figio.o gmetry.o xtor.o debug_zmat.o putrec.o f_strpbrk.o symeqv.o pertable.o linblnk.o prep_dline_2.o parse_irp_iarr.o eig.o rdbas.o rd_intcoord.o joda_post_processing.o getrec.o dgetrec.o parsez.o aces3_gtflgs.o aces_init_rte.o normal.o atoi.o qsame.o vec.o usqush.o atomnumb.o errex.o aces_exit.o rdcchr.o cdiv.o trmblk.o geopt.o corchr.o dacosx.o cross.o angle.o zero.o iszeq.o leq.o com_shift.o sqush.o dist.o c_strncasecmp.o f_strpbrk_core.o c_exit.o c_memmove.o asv_ctl.o icopy.o c_memset.o
ar: creating libaces2.a
a - parse_int.o
a - gen_cart_coord.o
a - getxyz.o
a - aces_ja_fin.o
a - gfname.o
a - f_getarg.o
a - parse_set_iarr.o
a - aces_ja_init.o
a - fnblnk.o
a - iputrec.o
a - dputrec.o
a - igetrec.o
a - putcrec.o
a - shellinf.o
a - mkvmol.o
a - wrpbas.o
a - jobarc_query.o
a - joda_main.o
a - read_zmat_internal_coords.o
a - getcrec.o
a - figio.o
a - gmetry.o
a - xtor.o
a - debug_zmat.o
a - putrec.o
a - f_strpbrk.o
a - symeqv.o
a - pertable.o
a - linblnk.o
a - prep_dline_2.o
a - parse_irp_iarr.o
a - eig.o
a - rdbas.o
a - rd_intcoord.o
a - joda_post_processing.o
a - getrec.o
a - dgetrec.o
a - parsez.o
a - aces3_gtflgs.o
a - aces_init_rte.o
a - normal.o
a - atoi.o
a - qsame.o
a - vec.o
a - usqush.o
a - atomnumb.o
a - errex.o
a - aces_exit.o
a - rdcchr.o
a - cdiv.o
a - trmblk.o
a - geopt.o
a - corchr.o
a - dacosx.o
a - cross.o
a - angle.o
a - zero.o
a - iszeq.o
a - leq.o
a - com_shift.o
a - sqush.o
a - dist.o
a - c_strncasecmp.o
a - f_strpbrk_core.o
a - c_exit.o
a - c_memmove.o
a - asv_ctl.o
a - icopy.o
a - c_memset.o
cp libaces2.a ../../../../../lib/libaces2.a
gmake[5]: Leaving directory `/home/perera/Develop/TTU_devls/acesiii/src/aces/aces_library/a2driver/aces2'
gmake[5]: Entering directory `/home/perera/Develop/TTU_devls/acesiii/src/aces/aces_library/a2driver/symcor'
rm -f make.out make.err
mpif77 -c -D__fortran -D__fortran77 -DMPIF2C -Zp8 -zero -traceback -DMPI2 -shared-intel -O2 -msse3 -axcore-avx2,core-avx-i -I../../../../sia/include -I../aces2/include -I$MPIHOME/include  doener.F 1>>make.out 2>>make.err
mpif77 -c -D__fortran -D__fortran77 -DMPIF2C -Zp8 -zero -traceback -DMPI2 -shared-intel -O2 -msse3 -axcore-avx2,core-avx-i -I../../../../sia/include -I../aces2/include -I$MPIHOME/include  sort2.F 1>>make.out 2>>make.err
mpif77 -c -D__fortran -D__fortran77 -DMPIF2C -Zp8 -zero -traceback -DMPI2 -shared-intel -O2 -msse3 -axcore-avx2,core-avx-i -I../../../../sia/include -I../aces2/include -I$MPIHOME/include  aces_ja_truncate.F 1>>make.out 2>>make.err
mpif77 -c -D__fortran -D__fortran77 -DMPIF2C -Zp8 -zero -traceback -DMPI2 -shared-intel -O2 -msse3 -axcore-avx2,core-avx-i -I../../../../sia/include -I../aces2/include -I$MPIHOME/include  symcor.F 1>>make.out 2>>make.err
mpif77 -c -D__fortran -D__fortran77 -DMPIF2C -Zp8 -zero -traceback -DMPI2 -shared-intel -O2 -msse3 -axcore-avx2,core-avx-i -I../../../../sia/include -I../aces2/include -I$MPIHOME/include  upd_fd.F 1>>make.out 2>>make.err
mpif77 -c -D__fortran -D__fortran77 -DMPIF2C -Zp8 -zero -traceback -DMPI2 -shared-intel -O2 -msse3 -axcore-avx2,core-avx-i -I../../../../sia/include -I../aces2/include -I$MPIHOME/include  setpts.F 1>>make.out 2>>make.err
mpif77 -c -D__fortran -D__fortran77 -DMPIF2C -Zp8 -zero -traceback -DMPI2 -shared-intel -O2 -msse3 -axcore-avx2,core-avx-i -I../../../../sia/include -I../aces2/include -I$MPIHOME/include  paces_batch_stat.F 1>>make.out 2>>make.err
mpif77 -c -D__fortran -D__fortran77 -DMPIF2C -Zp8 -zero -traceback -DMPI2 -shared-intel -O2 -msse3 -axcore-avx2,core-avx-i -I../../../../sia/include -I../aces2/include -I$MPIHOME/include  isrcheq.F 1>>make.out 2>>make.err
mpif77 -c -D__fortran -D__fortran77 -DMPIF2C -Zp8 -zero -traceback -DMPI2 -shared-intel -O2 -msse3 -axcore-avx2,core-avx-i -I../../../../sia/include -I../aces2/include -I$MPIHOME/include  setgrd.F 1>>make.out 2>>make.err
mpif77 -c -D__fortran -D__fortran77 -DMPIF2C -Zp8 -zero -traceback -DMPI2 -shared-intel -O2 -msse3 -axcore-avx2,core-avx-i -I../../../../sia/include -I../aces2/include -I$MPIHOME/include  trndip.F 1>>make.out 2>>make.err
mpif77 -c -D__fortran -D__fortran77 -DMPIF2C -Zp8 -zero -traceback -DMPI2 -shared-intel -O2 -msse3 -axcore-avx2,core-avx-i -I../../../../sia/include -I../aces2/include -I$MPIHOME/include  isrchne.F 1>>make.out 2>>make.err
mpif77 -c -D__fortran -D__fortran77 -DMPIF2C -Zp8 -zero -traceback -DMPI2 -shared-intel -O2 -msse3 -axcore-avx2,core-avx-i -I../../../../sia/include -I../aces2/include -I$MPIHOME/include  setfcm.F 1>>make.out 2>>make.err
mpif77 -c -D__fortran -D__fortran77 -DMPIF2C -Zp8 -zero -traceback -DMPI2 -shared-intel -O2 -msse3 -axcore-avx2,core-avx-i -I../../../../sia/include -I../aces2/include -I$MPIHOME/include  prtcoord.F 1>>make.out 2>>make.err
mpif77 -c -D__fortran -D__fortran77 -DMPIF2C -Zp8 -zero -traceback -DMPI2 -shared-intel -O2 -msse3 -axcore-avx2,core-avx-i -I../../../../sia/include -I../aces2/include -I$MPIHOME/include  collect.F 1>>make.out 2>>make.err
mpif77 -c -D__fortran -D__fortran77 -DMPIF2C -Zp8 -zero -traceback -DMPI2 -shared-intel -O2 -msse3 -axcore-avx2,core-avx-i -I../../../../sia/include -I../aces2/include -I$MPIHOME/include  grad2fcm.F 1>>make.out 2>>make.err
mpif77 -c -D__fortran -D__fortran77 -DMPIF2C -Zp8 -zero -traceback -DMPI2 -shared-intel -O2 -msse3 -axcore-avx2,core-avx-i -I../../../../sia/include -I../aces2/include -I$MPIHOME/include  init_fd.F 1>>make.out 2>>make.err
mpif77 -c -D__fortran -D__fortran77 -DMPIF2C -Zp8 -zero -traceback -DMPI2 -shared-intel -O2 -msse3 -axcore-avx2,core-avx-i -I../../../../sia/include -I../aces2/include -I$MPIHOME/include  dograd.f 1>>make.out 2>>make.err
mpif77 -c -D__fortran -D__fortran77 -DMPIF2C -Zp8 -zero -traceback -DMPI2 -shared-intel -O2 -msse3 -axcore-avx2,core-avx-i -I../../../../sia/include -I../aces2/include -I$MPIHOME/include  prdegen.f 1>>make.out 2>>make.err
mpif77 -c -D__fortran -D__fortran77 -DMPIF2C -Zp8 -zero -traceback -DMPI2 -shared-intel -O2 -msse3 -axcore-avx2,core-avx-i -I../../../../sia/include -I../aces2/include -I$MPIHOME/include  trnfcm.f 1>>make.out 2>>make.err
mpif77 -c -D__fortran -D__fortran77 -DMPIF2C -Zp8 -zero -traceback -DMPI2 -shared-intel -O2 -msse3 -axcore-avx2,core-avx-i -I../../../../sia/include -I../aces2/include -I$MPIHOME/include  trngrd.f 1>>make.out 2>>make.err
mpif77 -c -D__fortran -D__fortran77 -DMPIF2C -Zp8 -zero -traceback -DMPI2 -shared-intel -O2 -msse3 -axcore-avx2,core-avx-i -I../../../../sia/include -I../aces2/include -I$MPIHOME/include  q2qprime.f 1>>make.out 2>>make.err
mpif77 -c -D__fortran -D__fortran77 -DMPIF2C -Zp8 -zero -traceback -DMPI2 -shared-intel -O2 -msse3 -axcore-avx2,core-avx-i -I../../../../sia/include -I../aces2/include -I$MPIHOME/include  rotm.f 1>>make.out 2>>make.err
mpif77 -c -D__fortran -D__fortran77 -DMPIF2C -Zp8 -zero -traceback -DMPI2 -shared-intel -O2 -msse3 -axcore-avx2,core-avx-i -I../../../../sia/include -I../aces2/include -I$MPIHOME/include  getgrd.f 1>>make.out 2>>make.err
mpif77 -c -D__fortran -D__fortran77 -DMPIF2C -Zp8 -zero -traceback -DMPI2 -shared-intel -O2 -msse3 -axcore-avx2,core-avx-i -I../../../../sia/include -I../aces2/include -I$MPIHOME/include  schmidt.f 1>>make.out 2>>make.err
mpif77 -c -D__fortran -D__fortran77 -DMPIF2C -Zp8 -zero -traceback -DMPI2 -shared-intel -O2 -msse3 -axcore-avx2,core-avx-i -I../../../../sia/include -I../aces2/include -I$MPIHOME/include  assirr.f 1>>make.out 2>>make.err
mpif77 -c -D__fortran -D__fortran77 -DMPIF2C -Zp8 -zero -traceback -DMPI2 -shared-intel -O2 -msse3 -axcore-avx2,core-avx-i -I../../../../sia/include -I../aces2/include -I$MPIHOME/include  ener2fcm.f 1>>make.out 2>>make.err
mpif77 -c -D__fortran -D__fortran77 -DMPIF2C -Zp8 -zero -traceback -DMPI2 -shared-intel -O2 -msse3 -axcore-avx2,core-avx-i -I../../../../sia/include -I../aces2/include -I$MPIHOME/include  ener2grd.f 1>>make.out 2>>make.err
mpif77 -c -D__fortran -D__fortran77 -DMPIF2C -Zp8 -zero -traceback -DMPI2 -shared-intel -O2 -msse3 -axcore-avx2,core-avx-i -I../../../../sia/include -I../aces2/include -I$MPIHOME/include  traprj.f 1>>make.out 2>>make.err
mpif77 -c -D__fortran -D__fortran77 -DMPIF2C -Zp8 -zero -traceback -DMPI2 -shared-intel -O2 -msse3 -axcore-avx2,core-avx-i -I../../../../sia/include -I../aces2/include -I$MPIHOME/include  piksr3.f 1>>make.out 2>>make.err
mpif77 -c -D__fortran -D__fortran77 -DMPIF2C -Zp8 -zero -traceback -DMPI2 -shared-intel -O2 -msse3 -axcore-avx2,core-avx-i -I../../../../sia/include -I../aces2/include -I$MPIHOME/include  symadq.f 1>>make.out 2>>make.err
mpif77 -c -D__fortran -D__fortran77 -DMPIF2C -Zp8 -zero -traceback -DMPI2 -shared-intel -O2 -msse3 -axcore-avx2,core-avx-i -I../../../../sia/include -I../aces2/include -I$MPIHOME/include  chrtable.f 1>>make.out 2>>make.err
mpif77 -c -D__fortran -D__fortran77 -DMPIF2C -Zp8 -zero -traceback -DMPI2 -shared-intel -O2 -msse3 -axcore-avx2,core-avx-i -I../../../../sia/include -I../aces2/include -I$MPIHOME/include  rotprj.f 1>>make.out 2>>make.err
mpif77 -c -D__fortran -D__fortran77 -DMPIF2C -Zp8 -zero -traceback -DMPI2 -shared-intel -O2 -msse3 -axcore-avx2,core-avx-i -I../../../../sia/include -I../aces2/include -I$MPIHOME/include  gschmidt.f 1>>make.out 2>>make.err
mpif77 -c -D__fortran -D__fortran77 -DMPIF2C -Zp8 -zero -traceback -DMPI2 -shared-intel -O2 -msse3 -axcore-avx2,core-avx-i -I../../../../sia/include -I../aces2/include -I$MPIHOME/include  vibinf.f 1>>make.out 2>>make.err
ar rv libsymcor.a doener.o isrchne.o aces_ja_truncate.o sort2.o trndip.o symcor.o paces_batch_stat.o setfcm.o collect.o grad2fcm.o setpts.o init_fd.o upd_fd.o isrcheq.o setgrd.o prtcoord.o dograd.o prdegen.o trnfcm.o trngrd.o q2qprime.o rotm.o getgrd.o schmidt.o assirr.o ener2fcm.o ener2grd.o traprj.o piksr3.o symadq.o chrtable.o rotprj.o gschmidt.o vibinf.o  
ar: creating libsymcor.a
a - doener.o
a - isrchne.o
a - aces_ja_truncate.o
a - sort2.o
a - trndip.o
a - symcor.o
a - paces_batch_stat.o
a - setfcm.o
a - collect.o
a - grad2fcm.o
a - setpts.o
a - init_fd.o
a - upd_fd.o
a - isrcheq.o
a - setgrd.o
a - prtcoord.o
a - dograd.o
a - prdegen.o
a - trnfcm.o
a - trngrd.o
a - q2qprime.o
a - rotm.o
a - getgrd.o
a - schmidt.o
a - assirr.o
a - ener2fcm.o
a - ener2grd.o
a - traprj.o
a - piksr3.o
a - symadq.o
a - chrtable.o
a - rotprj.o
a - gschmidt.o
a - vibinf.o
cp libsymcor.a ../../../../../lib/libsymcor.a
rm -f make.out make.err
gmake[5]: Leaving directory `/home/perera/Develop/TTU_devls/acesiii/src/aces/aces_library/a2driver/symcor'
gmake[4]: Leaving directory `/home/perera/Develop/TTU_devls/acesiii/src/aces/aces_library/a2driver'
gmake[4]: Entering directory `/home/perera/Develop/TTU_devls/acesiii/src/aces/aces_library/special_directory'
gmake[5]: Entering directory `/home/perera/Develop/TTU_devls/acesiii/src/aces/aces_library/special_directory/ecp'
rm -f make.out make.err
mpif77 -c -D__fortran -D__fortran77 -DMPIF2C -Zp8 -zero -traceback -DMPI2 -shared-intel -O2 -msse3 -axcore-avx2,core-avx-i -I../../../../sia/include -I../../a2driver/aces2/include -I$MPIHOME/include  chrges.F 1>>make.out 2>>make.err
mpif77 -c -D__fortran -D__fortran77 -DMPIF2C -Zp8 -zero -traceback -DMPI2 -shared-intel -O2 -msse3 -axcore-avx2,core-avx-i -I../../../../sia/include -I../../a2driver/aces2/include -I$MPIHOME/include  ecp_int_typ1.F 1>>make.out 2>>make.err
mpif77 -c -D__fortran -D__fortran77 -DMPIF2C -Zp8 -zero -traceback -DMPI2 -shared-intel -O2 -msse3 -axcore-avx2,core-avx-i -I../../../../sia/include -I../../a2driver/aces2/include -I$MPIHOME/include  prepareecp.F 1>>make.out 2>>make.err
mpif77 -c -D__fortran -D__fortran77 -DMPIF2C -Zp8 -zero -traceback -DMPI2 -shared-intel -O2 -msse3 -axcore-avx2,core-avx-i -I../../../../sia/include -I../../a2driver/aces2/include -I$MPIHOME/include  make_bc_cacb_xyz.F 1>>make.out 2>>make.err
mpif77 -c -D__fortran -D__fortran77 -DMPIF2C -Zp8 -zero -traceback -DMPI2 -shared-intel -O2 -msse3 -axcore-avx2,core-avx-i -I../../../../sia/include -I../../a2driver/aces2/include -I$MPIHOME/include  set_lmn.F 1>>make.out 2>>make.err
mpif77 -c -D__fortran -D__fortran77 -DMPIF2C -Zp8 -zero -traceback -DMPI2 -shared-intel -O2 -msse3 -axcore-avx2,core-avx-i -I../../../../sia/include -I../../a2driver/aces2/include -I$MPIHOME/include  dfactorial.F 1>>make.out 2>>make.err
mpif77 -c -D__fortran -D__fortran77 -DMPIF2C -Zp8 -zero -traceback -DMPI2 -shared-intel -O2 -msse3 -axcore-avx2,core-avx-i -I../../../../sia/include -I../../a2driver/aces2/include -I$MPIHOME/include  rdecp.F 1>>make.out 2>>make.err
mpif77 -c -D__fortran -D__fortran77 -DMPIF2C -Zp8 -zero -traceback -DMPI2 -shared-intel -O2 -msse3 -axcore-avx2,core-avx-i -I../../../../sia/include -I../../a2driver/aces2/include -I$MPIHOME/include  symeqv.F 1>>make.out 2>>make.err
mpif77 -c -D__fortran -D__fortran77 -DMPIF2C -Zp8 -zero -traceback -DMPI2 -shared-intel -O2 -msse3 -axcore-avx2,core-avx-i -I../../../../sia/include -I../../a2driver/aces2/include -I$MPIHOME/include  ecp_grdint.F 1>>make.out 2>>make.err
mpif77 -c -D__fortran -D__fortran77 -DMPIF2C -Zp8 -zero -traceback -DMPI2 -shared-intel -O2 -msse3 -axcore-avx2,core-avx-i -I../../../../sia/include -I../../a2driver/aces2/include -I$MPIHOME/include  ecp_rad_int_typ1.F 1>>make.out 2>>make.err
mpif77 -c -D__fortran -D__fortran77 -DMPIF2C -Zp8 -zero -traceback -DMPI2 -shared-intel -O2 -msse3 -axcore-avx2,core-avx-i -I../../../../sia/include -I../../a2driver/aces2/include -I$MPIHOME/include  a3_ecp_grdint_driver.F 1>>make.out 2>>make.err
mpif77 -c -D__fortran -D__fortran77 -DMPIF2C -Zp8 -zero -traceback -DMPI2 -shared-intel -O2 -msse3 -axcore-avx2,core-avx-i -I../../../../sia/include -I../../a2driver/aces2/include -I$MPIHOME/include  set_rst.F 1>>make.out 2>>make.err
mpif77 -c -D__fortran -D__fortran77 -DMPIF2C -Zp8 -zero -traceback -DMPI2 -shared-intel -O2 -msse3 -axcore-avx2,core-avx-i -I../../../../sia/include -I../../a2driver/aces2/include -I$MPIHOME/include  make_res.F 1>>make.out 2>>make.err
mpif77 -c -D__fortran -D__fortran77 -DMPIF2C -Zp8 -zero -traceback -DMPI2 -shared-intel -O2 -msse3 -axcore-avx2,core-avx-i -I../../../../sia/include -I../../a2driver/aces2/include -I$MPIHOME/include  qcomp_38D_odd.F 1>>make.out 2>>make.err
mpif77 -c -D__fortran -D__fortran77 -DMPIF2C -Zp8 -zero -traceback -DMPI2 -shared-intel -O2 -msse3 -axcore-avx2,core-avx-i -I../../../../sia/include -I../../a2driver/aces2/include -I$MPIHOME/include  ecp_init.F 1>>make.out 2>>make.err
mpif77 -c -D__fortran -D__fortran77 -DMPIF2C -Zp8 -zero -traceback -DMPI2 -shared-intel -O2 -msse3 -axcore-avx2,core-avx-i -I../../../../sia/include -I../../a2driver/aces2/include -I$MPIHOME/include  binomial_coefs.F 1>>make.out 2>>make.err
mpif77 -c -D__fortran -D__fortran77 -DMPIF2C -Zp8 -zero -traceback -DMPI2 -shared-intel -O2 -msse3 -axcore-avx2,core-avx-i -I../../../../sia/include -I../../a2driver/aces2/include -I$MPIHOME/include  get_shell_den.F 1>>make.out 2>>make.err
mpif77 -c -D__fortran -D__fortran77 -DMPIF2C -Zp8 -zero -traceback -DMPI2 -shared-intel -O2 -msse3 -axcore-avx2,core-avx-i -I../../../../sia/include -I../../a2driver/aces2/include -I$MPIHOME/include  mat_reorder.F 1>>make.out 2>>make.err
mpif77 -c -D__fortran -D__fortran77 -DMPIF2C -Zp8 -zero -traceback -DMPI2 -shared-intel -O2 -msse3 -axcore-avx2,core-avx-i -I../../../../sia/include -I../../a2driver/aces2/include -I$MPIHOME/include  ecp_int_typ2.F 1>>make.out 2>>make.err
mpif77 -c -D__fortran -D__fortran77 -DMPIF2C -Zp8 -zero -traceback -DMPI2 -shared-intel -O2 -msse3 -axcore-avx2,core-avx-i -I../../../../sia/include -I../../a2driver/aces2/include -I$MPIHOME/include  a3_ecp_basis_init.F 1>>make.out 2>>make.err
mpif77 -c -D__fortran -D__fortran77 -DMPIF2C -Zp8 -zero -traceback -DMPI2 -shared-intel -O2 -msse3 -axcore-avx2,core-avx-i -I../../../../sia/include -I../../a2driver/aces2/include -I$MPIHOME/include  factorial.F 1>>make.out 2>>make.err
mpif77 -c -D__fortran -D__fortran77 -DMPIF2C -Zp8 -zero -traceback -DMPI2 -shared-intel -O2 -msse3 -axcore-avx2,core-avx-i -I../../../../sia/include -I../../a2driver/aces2/include -I$MPIHOME/include  a3_ecpgrd_int.F 1>>make.out 2>>make.err
mpif77 -c -D__fortran -D__fortran77 -DMPIF2C -Zp8 -zero -traceback -DMPI2 -shared-intel -O2 -msse3 -axcore-avx2,core-avx-i -I../../../../sia/include -I../../a2driver/aces2/include -I$MPIHOME/include  ecp_grdint_4prim.F 1>>make.out 2>>make.err
mpif77 -c -D__fortran -D__fortran77 -DMPIF2C -Zp8 -zero -traceback -DMPI2 -shared-intel -O2 -msse3 -axcore-avx2,core-avx-i -I../../../../sia/include -I../../a2driver/aces2/include -I$MPIHOME/include  bess.F 1>>make.out 2>>make.err
mpif77 -c -D__fortran -D__fortran77 -DMPIF2C -Zp8 -zero -traceback -DMPI2 -shared-intel -O2 -msse3 -axcore-avx2,core-avx-i -I../../../../sia/include -I../../a2driver/aces2/include -I$MPIHOME/include  make_bc_pq_xyz.F 1>>make.out 2>>make.err
mpif77 -c -D__fortran -D__fortran77 -DMPIF2C -Zp8 -zero -traceback -DMPI2 -shared-intel -O2 -msse3 -axcore-avx2,core-avx-i -I../../../../sia/include -I../../a2driver/aces2/include -I$MPIHOME/include  ecp_rad_int_typ2.F 1>>make.out 2>>make.err
mpif77 -c -D__fortran -D__fortran77 -DMPIF2C -Zp8 -zero -traceback -DMPI2 -shared-intel -O2 -msse3 -axcore-avx2,core-avx-i -I../../../../sia/include -I../../a2driver/aces2/include -I$MPIHOME/include  wrecp.F 1>>make.out 2>>make.err
mpif77 -c -D__fortran -D__fortran77 -DMPIF2C -Zp8 -zero -traceback -DMPI2 -shared-intel -O2 -msse3 -axcore-avx2,core-avx-i -I../../../../sia/include -I../../a2driver/aces2/include -I$MPIHOME/include  screen_ang_typ1.F 1>>make.out 2>>make.err
mpif77 -c -D__fortran -D__fortran77 -DMPIF2C -Zp8 -zero -traceback -DMPI2 -shared-intel -O2 -msse3 -axcore-avx2,core-avx-i -I../../../../sia/include -I../../a2driver/aces2/include -I$MPIHOME/include  get_center.F 1>>make.out 2>>make.err
mpif77 -c -D__fortran -D__fortran77 -DMPIF2C -Zp8 -zero -traceback -DMPI2 -shared-intel -O2 -msse3 -axcore-avx2,core-avx-i -I../../../../sia/include -I../../a2driver/aces2/include -I$MPIHOME/include  ecp_int_4shell.F 1>>make.out 2>>make.err
mpif77 -c -D__fortran -D__fortran77 -DMPIF2C -Zp8 -zero -traceback -DMPI2 -shared-intel -O2 -msse3 -axcore-avx2,core-avx-i -I../../../../sia/include -I../../a2driver/aces2/include -I$MPIHOME/include  ecp_ang_int2.F 1>>make.out 2>>make.err
mpif77 -c -D__fortran -D__fortran77 -DMPIF2C -Zp8 -zero -traceback -DMPI2 -shared-intel -O2 -msse3 -axcore-avx2,core-avx-i -I../../../../sia/include -I../../a2driver/aces2/include -I$MPIHOME/include  ecp_int.F 1>>make.out 2>>make.err
mpif77 -c -D__fortran -D__fortran77 -DMPIF2C -Zp8 -zero -traceback -DMPI2 -shared-intel -O2 -msse3 -axcore-avx2,core-avx-i -I../../../../sia/include -I../../a2driver/aces2/include -I$MPIHOME/include  oedecp__xyz_to_ry_ab.F 1>>make.out 2>>make.err
mpif77 -c -D__fortran -D__fortran77 -DMPIF2C -Zp8 -zero -traceback -DMPI2 -shared-intel -O2 -msse3 -axcore-avx2,core-avx-i -I../../../../sia/include -I../../a2driver/aces2/include -I$MPIHOME/include  a3_ecp_int_driver.F 1>>make.out 2>>make.err
mpif77 -c -D__fortran -D__fortran77 -DMPIF2C -Zp8 -zero -traceback -DMPI2 -shared-intel -O2 -msse3 -axcore-avx2,core-avx-i -I../../../../sia/include -I../../a2driver/aces2/include -I$MPIHOME/include  qcomp.F 1>>make.out 2>>make.err
mpif77 -c -D__fortran -D__fortran77 -DMPIF2C -Zp8 -zero -traceback -DMPI2 -shared-intel -O2 -msse3 -axcore-avx2,core-avx-i -I../../../../sia/include -I../../a2driver/aces2/include -I$MPIHOME/include  sps.F 1>>make.out 2>>make.err
mpif77 -c -D__fortran -D__fortran77 -DMPIF2C -Zp8 -zero -traceback -DMPI2 -shared-intel -O2 -msse3 -axcore-avx2,core-avx-i -I../../../../sia/include -I../../a2driver/aces2/include -I$MPIHOME/include  ecp_ang_int_typ1.F 1>>make.out 2>>make.err
mpif77 -c -D__fortran -D__fortran77 -DMPIF2C -Zp8 -zero -traceback -DMPI2 -shared-intel -O2 -msse3 -axcore-avx2,core-avx-i -I../../../../sia/include -I../../a2driver/aces2/include -I$MPIHOME/include  qcomp_sps.F 1>>make.out 2>>make.err
mpif77 -c -D__fortran -D__fortran77 -DMPIF2C -Zp8 -zero -traceback -DMPI2 -shared-intel -O2 -msse3 -axcore-avx2,core-avx-i -I../../../../sia/include -I../../a2driver/aces2/include -I$MPIHOME/include  qcomp_38D.F 1>>make.out 2>>make.err
mpif77 -c -D__fortran -D__fortran77 -DMPIF2C -Zp8 -zero -traceback -DMPI2 -shared-intel -O2 -msse3 -axcore-avx2,core-avx-i -I../../../../sia/include -I../../a2driver/aces2/include -I$MPIHOME/include  radint_recur.F 1>>make.out 2>>make.err
mpif77 -c -D__fortran -D__fortran77 -DMPIF2C -Zp8 -zero -traceback -DMPI2 -shared-intel -O2 -msse3 -axcore-avx2,core-avx-i -I../../../../sia/include -I../../a2driver/aces2/include -I$MPIHOME/include  screen_ang_typ2.F 1>>make.out 2>>make.err
mpif77 -c -D__fortran -D__fortran77 -DMPIF2C -Zp8 -zero -traceback -DMPI2 -shared-intel -O2 -msse3 -axcore-avx2,core-avx-i -I../../../../sia/include -I../../a2driver/aces2/include -I$MPIHOME/include  a3_ecp_grdint_main.F 1>>make.out 2>>make.err
mpif77 -c -D__fortran -D__fortran77 -DMPIF2C -Zp8 -zero -traceback -DMPI2 -shared-intel -O2 -msse3 -axcore-avx2,core-avx-i -I../../../../sia/include -I../../a2driver/aces2/include -I$MPIHOME/include  gpwm.F 1>>make.out 2>>make.err
mpif77 -c -D__fortran -D__fortran77 -DMPIF2C -Zp8 -zero -traceback -DMPI2 -shared-intel -O2 -msse3 -axcore-avx2,core-avx-i -I../../../../sia/include -I../../a2driver/aces2/include -I$MPIHOME/include  ecpmain.F 1>>make.out 2>>make.err
mpif77 -c -D__fortran -D__fortran77 -DMPIF2C -Zp8 -zero -traceback -DMPI2 -shared-intel -O2 -msse3 -axcore-avx2,core-avx-i -I../../../../sia/include -I../../a2driver/aces2/include -I$MPIHOME/include  oedecp__xyz_to_ry_matrix.F 1>>make.out 2>>make.err
mpif77 -c -D__fortran -D__fortran77 -DMPIF2C -Zp8 -zero -traceback -DMPI2 -shared-intel -O2 -msse3 -axcore-avx2,core-avx-i -I../../../../sia/include -I../../a2driver/aces2/include -I$MPIHOME/include  ang_int.F 1>>make.out 2>>make.err
mpif77 -c -D__fortran -D__fortran77 -DMPIF2C -Zp8 -zero -traceback -DMPI2 -shared-intel -O2 -msse3 -axcore-avx2,core-avx-i -I../../../../sia/include -I../../a2driver/aces2/include -I$MPIHOME/include  ecppar.F 1>>make.out 2>>make.err
mpif77 -c -D__fortran -D__fortran77 -DMPIF2C -Zp8 -zero -traceback -DMPI2 -shared-intel -O2 -msse3 -axcore-avx2,core-avx-i -I../../../../sia/include -I../../a2driver/aces2/include -I$MPIHOME/include  make_ftab.F 1>>make.out 2>>make.err
mpif77 -c -D__fortran -D__fortran77 -DMPIF2C -Zp8 -zero -traceback -DMPI2 -shared-intel -O2 -msse3 -axcore-avx2,core-avx-i -I../../../../sia/include -I../../a2driver/aces2/include -I$MPIHOME/include  qpasy.F 1>>make.out 2>>make.err
mpif77 -c -D__fortran -D__fortran77 -DMPIF2C -Zp8 -zero -traceback -DMPI2 -shared-intel -O2 -msse3 -axcore-avx2,core-avx-i -I../../../../sia/include -I../../a2driver/aces2/include -I$MPIHOME/include  write_ecpgrdint_2disk.F 1>>make.out 2>>make.err
mpif77 -c -D__fortran -D__fortran77 -DMPIF2C -Zp8 -zero -traceback -DMPI2 -shared-intel -O2 -msse3 -axcore-avx2,core-avx-i -I../../../../sia/include -I../../a2driver/aces2/include -I$MPIHOME/include  ecp_molread.F 1>>make.out 2>>make.err
mpif77 -c -D__fortran -D__fortran77 -DMPIF2C -Zp8 -zero -traceback -DMPI2 -shared-intel -O2 -msse3 -axcore-avx2,core-avx-i -I../../../../sia/include -I../../a2driver/aces2/include -I$MPIHOME/include  factorialo.F 1>>make.out 2>>make.err
mpif77 -c -D__fortran -D__fortran77 -DMPIF2C -Zp8 -zero -traceback -DMPI2 -shared-intel -O2 -msse3 -axcore-avx2,core-avx-i -I../../../../sia/include -I../../a2driver/aces2/include -I$MPIHOME/include  ecp_ang_int_typ2.F 1>>make.out 2>>make.err
mpif77 -c -D__fortran -D__fortran77 -DMPIF2C -Zp8 -zero -traceback -DMPI2 -shared-intel -O2 -msse3 -axcore-avx2,core-avx-i -I../../../../sia/include -I../../a2driver/aces2/include -I$MPIHOME/include  atgrep.F 1>>make.out 2>>make.err
mpif77 -c -D__fortran -D__fortran77 -DMPIF2C -Zp8 -zero -traceback -DMPI2 -shared-intel -O2 -msse3 -axcore-avx2,core-avx-i -I../../../../sia/include -I../../a2driver/aces2/include -I$MPIHOME/include  ecp_int_4prim.F 1>>make.out 2>>make.err
mpif77 -c -D__fortran -D__fortran77 -DMPIF2C -Zp8 -zero -traceback -DMPI2 -shared-intel -O2 -msse3 -axcore-avx2,core-avx-i -I../../../../sia/include -I../../a2driver/aces2/include -I$MPIHOME/include  a3_ecp_main.F 1>>make.out 2>>make.err
mpif77 -c -D__fortran -D__fortran77 -DMPIF2C -Zp8 -zero -traceback -DMPI2 -shared-intel -O2 -msse3 -axcore-avx2,core-avx-i -I../../../../sia/include -I../../a2driver/aces2/include -I$MPIHOME/include  ecpdef.F 1>>make.out 2>>make.err
mpif77 -c -D__fortran -D__fortran77 -DMPIF2C -Zp8 -zero -traceback -DMPI2 -shared-intel -O2 -msse3 -axcore-avx2,core-avx-i -I../../../../sia/include -I../../a2driver/aces2/include -I$MPIHOME/include  make_ztab.F 1>>make.out 2>>make.err
mpif77 -c -D__fortran -D__fortran77 -DMPIF2C -Zp8 -zero -traceback -DMPI2 -shared-intel -O2 -msse3 -axcore-avx2,core-avx-i -I../../../../sia/include -I../../a2driver/aces2/include -I$MPIHOME/include  a3_ecp_basis_init_4grd.F 1>>make.out 2>>make.err
mpif77 -c -D__fortran -D__fortran77 -DMPIF2C -Zp8 -zero -traceback -DMPI2 -shared-intel -O2 -msse3 -axcore-avx2,core-avx-i -I../../../../sia/include -I../../a2driver/aces2/include -I$MPIHOME/include  a3_ecp_set4_grdint.F 1>>make.out 2>>make.err
mpif77 -c -D__fortran -D__fortran77 -DMPIF2C -Zp8 -zero -traceback -DMPI2 -shared-intel -O2 -msse3 -axcore-avx2,core-avx-i -I../../../../sia/include -I../../a2driver/aces2/include -I$MPIHOME/include  ecpget.F 1>>make.out 2>>make.err
mpif77 -c -D__fortran -D__fortran77 -DMPIF2C -Zp8 -zero -traceback -DMPI2 -shared-intel -O2 -msse3 -axcore-avx2,core-avx-i -I../../../../sia/include -I../../a2driver/aces2/include -I$MPIHOME/include  make_xyz.F 1>>make.out 2>>make.err
mpif77 -c -D__fortran -D__fortran77 -DMPIF2C -Zp8 -zero -traceback -DMPI2 -shared-intel -O2 -msse3 -axcore-avx2,core-avx-i -I../../../../sia/include -I../../a2driver/aces2/include -I$MPIHOME/include  iattop.f 1>>make.out 2>>make.err
mpif77 -c -D__fortran -D__fortran77 -DMPIF2C -Zp8 -zero -traceback -DMPI2 -shared-intel -O2 -msse3 -axcore-avx2,core-avx-i -I../../../../sia/include -I../../a2driver/aces2/include -I$MPIHOME/include  iblank.f 1>>make.out 2>>make.err
mpif77 -c -D__fortran -D__fortran77 -DMPIF2C -Zp8 -zero -traceback -DMPI2 -shared-intel -O2 -msse3 -axcore-avx2,core-avx-i -I../../../../sia/include -I../../a2driver/aces2/include -I$MPIHOME/include  insmem.f 1>>make.out 2>>make.err
mpif77 -c -D__fortran -D__fortran77 -DMPIF2C -Zp8 -zero -traceback -DMPI2 -shared-intel -O2 -msse3 -axcore-avx2,core-avx-i -I../../../../sia/include -I../../a2driver/aces2/include -I$MPIHOME/include  wisch.f 1>>make.out 2>>make.err
mpif77 -c -D__fortran -D__fortran77 -DMPIF2C -Zp8 -zero -traceback -DMPI2 -shared-intel -O2 -msse3 -axcore-avx2,core-avx-i -I../../../../sia/include -I../../a2driver/aces2/include -I$MPIHOME/include  getstr.f 1>>make.out 2>>make.err
mpif77 -c -D__fortran -D__fortran77 -DMPIF2C -Zp8 -zero -traceback -DMPI2 -shared-intel -O2 -msse3 -axcore-avx2,core-avx-i -I../../../../sia/include -I../../a2driver/aces2/include -I$MPIHOME/include  lstr.f 1>>make.out 2>>make.err
mpif77 -c -D__fortran -D__fortran77 -DMPIF2C -Zp8 -zero -traceback -DMPI2 -shared-intel -O2 -msse3 -axcore-avx2,core-avx-i -I../../../../sia/include -I../../a2driver/aces2/include -I$MPIHOME/include  rdebbs.f 1>>make.out 2>>make.err
mpif77 -c -D__fortran -D__fortran77 -DMPIF2C -Zp8 -zero -traceback -DMPI2 -shared-intel -O2 -msse3 -axcore-avx2,core-avx-i -I../../../../sia/include -I../../a2driver/aces2/include -I$MPIHOME/include  set_gradpoints.f 1>>make.out 2>>make.err
mpicc -c -DMPIF2C -DC_SUFFIX  -DMPI2 -DCB_SUFFIX -shared-intel -O2 -msse3 -axcore-avx2,core-avx-i -I../../../../sia/include -I../../a2driver/aces2/include -I$MPIHOME/include  dzero.c 1>>make.out 2>>make.err
ar rv libecplib.a chrges.o prepareecp.o factorial.o rdecp.o radint_recur.o ecp_rad_int_typ1.o ecp_grdint.o ecp_init.o binomial_coefs.o wrecp.o qcomp.o a3_ecpgrd_int.o screen_ang_typ1.o make_bc_pq_xyz.o ecp_rad_int_typ2.o ecp_int_4shell.o ecp_ang_int2.o sps.o screen_ang_typ2.o oedecp__xyz_to_ry_ab.o ang_int.o write_ecpgrdint_2disk.o make_ftab.o ecpget.o ecp_int_typ1.o set_lmn.o symeqv.o a3_ecp_grdint_driver.o set_rst.o qcomp_38D_odd.o ecp_int.o get_shell_den.o mat_reorder.o ecp_int_typ2.o a3_ecp_basis_init.o factorialo.o ecp_grdint_4prim.o bess.o get_center.o dfactorial.o make_res.o a3_ecp_set4_grdint.o a3_ecp_int_driver.o ecp_ang_int_typ1.o qcomp_sps.o qcomp_38D.o a3_ecp_grdint_main.o gpwm.o ecpmain.o oedecp__xyz_to_ry_matrix.o ecppar.o qpasy.o ecp_molread.o ecp_ang_int_typ2.o atgrep.o ecp_int_4prim.o a3_ecp_main.o ecpdef.o make_bc_cacb_xyz.o make_ztab.o a3_ecp_basis_init_4grd.o make_xyz.o iattop.o iblank.o insmem.o wisch.o getstr.o lstr.o rdebbs.o set_gradpoints.o dzero.o
ar: creating libecplib.a
a - chrges.o
a - prepareecp.o
a - factorial.o
a - rdecp.o
a - radint_recur.o
a - ecp_rad_int_typ1.o
a - ecp_grdint.o
a - ecp_init.o
a - binomial_coefs.o
a - wrecp.o
a - qcomp.o
a - a3_ecpgrd_int.o
a - screen_ang_typ1.o
a - make_bc_pq_xyz.o
a - ecp_rad_int_typ2.o
a - ecp_int_4shell.o
a - ecp_ang_int2.o
a - sps.o
a - screen_ang_typ2.o
a - oedecp__xyz_to_ry_ab.o
a - ang_int.o
a - write_ecpgrdint_2disk.o
a - make_ftab.o
a - ecpget.o
a - ecp_int_typ1.o
a - set_lmn.o
a - symeqv.o
a - a3_ecp_grdint_driver.o
a - set_rst.o
a - qcomp_38D_odd.o
a - ecp_int.o
a - get_shell_den.o
a - mat_reorder.o
a - ecp_int_typ2.o
a - a3_ecp_basis_init.o
a - factorialo.o
a - ecp_grdint_4prim.o
a - bess.o
a - get_center.o
a - dfactorial.o
a - make_res.o
a - a3_ecp_set4_grdint.o
a - a3_ecp_int_driver.o
a - ecp_ang_int_typ1.o
a - qcomp_sps.o
a - qcomp_38D.o
a - a3_ecp_grdint_main.o
a - gpwm.o
a - ecpmain.o
a - oedecp__xyz_to_ry_matrix.o
a - ecppar.o
a - qpasy.o
a - ecp_molread.o
a - ecp_ang_int_typ2.o
a - atgrep.o
a - ecp_int_4prim.o
a - a3_ecp_main.o
a - ecpdef.o
a - make_bc_cacb_xyz.o
a - make_ztab.o
a - a3_ecp_basis_init_4grd.o
a - make_xyz.o
a - iattop.o
a - iblank.o
a - insmem.o
a - wisch.o
a - getstr.o
a - lstr.o
a - rdebbs.o
a - set_gradpoints.o
a - dzero.o
cp libecplib.a ../../../../../lib/libecp.a
rm -f make.out make.err
gmake[5]: Leaving directory `/home/perera/Develop/TTU_devls/acesiii/src/aces/aces_library/special_directory/ecp'
gmake[5]: Entering directory `/home/perera/Develop/TTU_devls/acesiii/src/aces/aces_library/special_directory/nlo'
rm -f make.out make.err
mpif77 -c -D__fortran -D__fortran77 -DMPIF2C -Zp8 -zero -traceback -DMPI2 -shared-intel -O2 -msse3 -axcore-avx2,core-avx-i -I../../../../sia/include -I../aces2/include -I$MPIHOME/include  nlo__analyze_rings.F 1>>make.out 2>>make.err
mpif77 -c -D__fortran -D__fortran77 -DMPIF2C -Zp8 -zero -traceback -DMPI2 -shared-intel -O2 -msse3 -axcore-avx2,core-avx-i -I../../../../sia/include -I../aces2/include -I$MPIHOME/include  mat__c_eq_unit_float.f 1>>make.out 2>>make.err
mpif77 -c -D__fortran -D__fortran77 -DMPIF2C -Zp8 -zero -traceback -DMPI2 -shared-intel -O2 -msse3 -axcore-avx2,core-avx-i -I../../../../sia/include -I../aces2/include -I$MPIHOME/include  mat__dgemm_c_eq_axb_float.f 1>>make.out 2>>make.err
mpif77 -c -D__fortran -D__fortran77 -DMPIF2C -Zp8 -zero -traceback -DMPI2 -shared-intel -O2 -msse3 -axcore-avx2,core-avx-i -I../../../../sia/include -I../aces2/include -I$MPIHOME/include  nlo__gener_nlo_orbitals.f 1>>make.out 2>>make.err
mpif77 -c -D__fortran -D__fortran77 -DMPIF2C -Zp8 -zero -traceback -DMPI2 -shared-intel -O2 -msse3 -axcore-avx2,core-avx-i -I../../../../sia/include -I../aces2/include -I$MPIHOME/include  mat__reorder_matrix_columns.f 1>>make.out 2>>make.err
mpif77 -c -D__fortran -D__fortran77 -DMPIF2C -Zp8 -zero -traceback -DMPI2 -shared-intel -O2 -msse3 -axcore-avx2,core-avx-i -I../../../../sia/include -I../aces2/include -I$MPIHOME/include  nlo__print_nlmo_results.f 1>>make.out 2>>make.err
mpif77 -c -D__fortran -D__fortran77 -DMPIF2C -Zp8 -zero -traceback -DMPI2 -shared-intel -O2 -msse3 -axcore-avx2,core-avx-i -I../../../../sia/include -I../aces2/include -I$MPIHOME/include  mat__w_eq_u_float.f 1>>make.out 2>>make.err
mpif77 -c -D__fortran -D__fortran77 -DMPIF2C -Zp8 -zero -traceback -DMPI2 -shared-intel -O2 -msse3 -axcore-avx2,core-avx-i -I../../../../sia/include -I../aces2/include -I$MPIHOME/include  mat__c_eq_c_times_a_float.f 1>>make.out 2>>make.err
mpif77 -c -D__fortran -D__fortran77 -DMPIF2C -Zp8 -zero -traceback -DMPI2 -shared-intel -O2 -msse3 -axcore-avx2,core-avx-i -I../../../../sia/include -I../aces2/include -I$MPIHOME/include  nlo__form_atomic_nonvalence_nbo.f 1>>make.out 2>>make.err
mpif77 -c -D__fortran -D__fortran77 -DMPIF2C -Zp8 -zero -traceback -DMPI2 -shared-intel -O2 -msse3 -axcore-avx2,core-avx-i -I../../../../sia/include -I../aces2/include -I$MPIHOME/include  nlo__form_atomic_nonvalence_nho.f 1>>make.out 2>>make.err
mpif77 -c -D__fortran -D__fortran77 -DMPIF2C -Zp8 -zero -traceback -DMPI2 -shared-intel -O2 -msse3 -axcore-avx2,core-avx-i -I../../../../sia/include -I../aces2/include -I$MPIHOME/include  nlo__extract_atomic_content.f 1>>make.out 2>>make.err
mpif77 -c -D__fortran -D__fortran77 -DMPIF2C -Zp8 -zero -traceback -DMPI2 -shared-intel -O2 -msse3 -axcore-avx2,core-avx-i -I../../../../sia/include -I../aces2/include -I$MPIHOME/include  nlo__find_rotation_nbo_indices.f 1>>make.out 2>>make.err
mpif77 -c -D__fortran -D__fortran77 -DMPIF2C -Zp8 -zero -traceback -DMPI2 -shared-intel -O2 -msse3 -axcore-avx2,core-avx-i -I../../../../sia/include -I../aces2/include -I$MPIHOME/include  nlo__denormalize_coeff_matrix.f 1>>make.out 2>>make.err
mpif77 -c -D__fortran -D__fortran77 -DMPIF2C -Zp8 -zero -traceback -DMPI2 -shared-intel -O2 -msse3 -axcore-avx2,core-avx-i -I../../../../sia/include -I../aces2/include -I$MPIHOME/include  mat__w_eq_zero_float.f 1>>make.out 2>>make.err
mpif77 -c -D__fortran -D__fortran77 -DMPIF2C -Zp8 -zero -traceback -DMPI2 -shared-intel -O2 -msse3 -axcore-avx2,core-avx-i -I../../../../sia/include -I../aces2/include -I$MPIHOME/include  nlo__normalize_overlap_density.f 1>>make.out 2>>make.err
mpif77 -c -D__fortran -D__fortran77 -DMPIF2C -Zp8 -zero -traceback -DMPI2 -shared-intel -O2 -msse3 -axcore-avx2,core-avx-i -I../../../../sia/include -I../aces2/include -I$MPIHOME/include  mat__balance_symmetric_matrix.f 1>>make.out 2>>make.err
mpif77 -c -D__fortran -D__fortran77 -DMPIF2C -Zp8 -zero -traceback -DMPI2 -shared-intel -O2 -msse3 -axcore-avx2,core-avx-i -I../../../../sia/include -I../aces2/include -I$MPIHOME/include  ofh__backspace_unit.f 1>>make.out 2>>make.err
mpif77 -c -D__fortran -D__fortran77 -DMPIF2C -Zp8 -zero -traceback -DMPI2 -shared-intel -O2 -msse3 -axcore-avx2,core-avx-i -I../../../../sia/include -I../aces2/include -I$MPIHOME/include  mat__print_v_float_5_nozeros.f 1>>make.out 2>>make.err
mpif77 -c -D__fortran -D__fortran77 -DMPIF2C -Zp8 -zero -traceback -DMPI2 -shared-intel -O2 -msse3 -axcore-avx2,core-avx-i -I../../../../sia/include -I../aces2/include -I$MPIHOME/include  nlo__compare_vector_pairs.f 1>>make.out 2>>make.err
mpif77 -c -D__fortran -D__fortran77 -DMPIF2C -Zp8 -zero -traceback -DMPI2 -shared-intel -O2 -msse3 -axcore-avx2,core-avx-i -I../../../../sia/include -I../aces2/include -I$MPIHOME/include  mat__print_a_float_5_nozeros.f 1>>make.out 2>>make.err
mpif77 -c -D__fortran -D__fortran77 -DMPIF2C -Zp8 -zero -traceback -DMPI2 -shared-intel -O2 -msse3 -axcore-avx2,core-avx-i -I../../../../sia/include -I../aces2/include -I$MPIHOME/include  nlo__rotate_axial_nbo.f 1>>make.out 2>>make.err
mpif77 -c -D__fortran -D__fortran77 -DMPIF2C -Zp8 -zero -traceback -DMPI2 -shared-intel -O2 -msse3 -axcore-avx2,core-avx-i -I../../../../sia/include -I../aces2/include -I$MPIHOME/include  mat__reorder_vector_integer.f 1>>make.out 2>>make.err
mpif77 -c -D__fortran -D__fortran77 -DMPIF2C -Zp8 -zero -traceback -DMPI2 -shared-intel -O2 -msse3 -axcore-avx2,core-avx-i -I../../../../sia/include -I../aces2/include -I$MPIHOME/include  nlo__rotate_tgroup_nbo.f 1>>make.out 2>>make.err
mpif77 -c -D__fortran -D__fortran77 -DMPIF2C -Zp8 -zero -traceback -DMPI2 -shared-intel -O2 -msse3 -axcore-avx2,core-avx-i -I../../../../sia/include -I../aces2/include -I$MPIHOME/include  ofh__skip_file_comments.f 1>>make.out 2>>make.err
mpif77 -c -D__fortran -D__fortran77 -DMPIF2C -Zp8 -zero -traceback -DMPI2 -shared-intel -O2 -msse3 -axcore-avx2,core-avx-i -I../../../../sia/include -I../aces2/include -I$MPIHOME/include  dacosd.f 1>>make.out 2>>make.err
mpif77 -c -D__fortran -D__fortran77 -DMPIF2C -Zp8 -zero -traceback -DMPI2 -shared-intel -O2 -msse3 -axcore-avx2,core-avx-i -I../../../../sia/include -I../aces2/include -I$MPIHOME/include  nlo__form_l_sitesym_coeffs.f 1>>make.out 2>>make.err
mpif77 -c -D__fortran -D__fortran77 -DMPIF2C -Zp8 -zero -traceback -DMPI2 -shared-intel -O2 -msse3 -axcore-avx2,core-avx-i -I../../../../sia/include -I../aces2/include -I$MPIHOME/include  nlo__characterize_nho_space.f 1>>make.out 2>>make.err
mpif77 -c -D__fortran -D__fortran77 -DMPIF2C -Zp8 -zero -traceback -DMPI2 -shared-intel -O2 -msse3 -axcore-avx2,core-avx-i -I../../../../sia/include -I../aces2/include -I$MPIHOME/include  mat__ct_eq_at_times_b_float.f 1>>make.out 2>>make.err
mpif77 -c -D__fortran -D__fortran77 -DMPIF2C -Zp8 -zero -traceback -DMPI2 -shared-intel -O2 -msse3 -axcore-avx2,core-avx-i -I../../../../sia/include -I../aces2/include -I$MPIHOME/include  nlo__accept_atoms_bond_search.f 1>>make.out 2>>make.err
mpif77 -c -D__fortran -D__fortran77 -DMPIF2C -Zp8 -zero -traceback -DMPI2 -shared-intel -O2 -msse3 -axcore-avx2,core-avx-i -I../../../../sia/include -I../aces2/include -I$MPIHOME/include  nlo__wsw_orthonormalize.f 1>>make.out 2>>make.err
mpif77 -c -D__fortran -D__fortran77 -DMPIF2C -Zp8 -zero -traceback -DMPI2 -shared-intel -O2 -msse3 -axcore-avx2,core-avx-i -I../../../../sia/include -I../aces2/include -I$MPIHOME/include  nlo__complete_nho_space.f 1>>make.out 2>>make.err
mpif77 -c -D__fortran -D__fortran77 -DMPIF2C -Zp8 -zero -traceback -DMPI2 -shared-intel -O2 -msse3 -axcore-avx2,core-avx-i -I../../../../sia/include -I../aces2/include -I$MPIHOME/include  mat__c_eq_a_times_bt_float.f 1>>make.out 2>>make.err
mpif77 -c -D__fortran -D__fortran77 -DMPIF2C -Zp8 -zero -traceback -DMPI2 -shared-intel -O2 -msse3 -axcore-avx2,core-avx-i -I../../../../sia/include -I../aces2/include -I$MPIHOME/include  mat__blockdiag_real_symmetric.f 1>>make.out 2>>make.err
mpif77 -c -D__fortran -D__fortran77 -DMPIF2C -Zp8 -zero -traceback -DMPI2 -shared-intel -O2 -msse3 -axcore-avx2,core-avx-i -I../../../../sia/include -I../aces2/include -I$MPIHOME/include  ofh__close_and_delete_unit.f 1>>make.out 2>>make.err
mpif77 -c -D__fortran -D__fortran77 -DMPIF2C -Zp8 -zero -traceback -DMPI2 -shared-intel -O2 -msse3 -axcore-avx2,core-avx-i -I../../../../sia/include -I../aces2/include -I$MPIHOME/include  nlo__form_m_expanded_weights.f 1>>make.out 2>>make.err
mpif77 -c -D__fortran -D__fortran77 -DMPIF2C -Zp8 -zero -traceback -DMPI2 -shared-intel -O2 -msse3 -axcore-avx2,core-avx-i -I../../../../sia/include -I../aces2/include -I$MPIHOME/include  nlo__form_sp2_nbo.f 1>>make.out 2>>make.err
mpif77 -c -D__fortran -D__fortran77 -DMPIF2C -Zp8 -zero -traceback -DMPI2 -shared-intel -O2 -msse3 -axcore-avx2,core-avx-i -I../../../../sia/include -I../aces2/include -I$MPIHOME/include  nlo__determine_orbital_locality.f 1>>make.out 2>>make.err
mpif77 -c -D__fortran -D__fortran77 -DMPIF2C -Zp8 -zero -traceback -DMPI2 -shared-intel -O2 -msse3 -axcore-avx2,core-avx-i -I../../../../sia/include -I../aces2/include -I$MPIHOME/include  nlo__print_nbo_results.f 1>>make.out 2>>make.err
mpif77 -c -D__fortran -D__fortran77 -DMPIF2C -Zp8 -zero -traceback -DMPI2 -shared-intel -O2 -msse3 -axcore-avx2,core-avx-i -I../../../../sia/include -I../aces2/include -I$MPIHOME/include  mat__w_eq_zero_integer.f 1>>make.out 2>>make.err
mpif77 -c -D__fortran -D__fortran77 -DMPIF2C -Zp8 -zero -traceback -DMPI2 -shared-intel -O2 -msse3 -axcore-avx2,core-avx-i -I../../../../sia/include -I../aces2/include -I$MPIHOME/include  mat__print_a_float_3_nozeros.f 1>>make.out 2>>make.err
mpif77 -c -D__fortran -D__fortran77 -DMPIF2C -Zp8 -zero -traceback -DMPI2 -shared-intel -O2 -msse3 -axcore-avx2,core-avx-i -I../../../../sia/include -I../aces2/include -I$MPIHOME/include  ofh__stop.f 1>>make.out 2>>make.err
mpif77 -c -D__fortran -D__fortran77 -DMPIF2C -Zp8 -zero -traceback -DMPI2 -shared-intel -O2 -msse3 -axcore-avx2,core-avx-i -I../../../../sia/include -I../aces2/include -I$MPIHOME/include  ofh__close_logfile.f 1>>make.out 2>>make.err
mpif77 -c -D__fortran -D__fortran77 -DMPIF2C -Zp8 -zero -traceback -DMPI2 -shared-intel -O2 -msse3 -axcore-avx2,core-avx-i -I../../../../sia/include -I../aces2/include -I$MPIHOME/include  nlo__check_coplanarity.f 1>>make.out 2>>make.err
mpif77 -c -D__fortran -D__fortran77 -DMPIF2C -Zp8 -zero -traceback -DMPI2 -shared-intel -O2 -msse3 -axcore-avx2,core-avx-i -I../../../../sia/include -I../aces2/include -I$MPIHOME/include  mat__c_eq_orthotran_diag.f 1>>make.out 2>>make.err
mpif77 -c -D__fortran -D__fortran77 -DMPIF2C -Zp8 -zero -traceback -DMPI2 -shared-intel -O2 -msse3 -axcore-avx2,core-avx-i -I../../../../sia/include -I../aces2/include -I$MPIHOME/include  nlo__form_sp2_pair_nbo.f 1>>make.out 2>>make.err
mpif77 -c -D__fortran -D__fortran77 -DMPIF2C -Zp8 -zero -traceback -DMPI2 -shared-intel -O2 -msse3 -axcore-avx2,core-avx-i -I../../../../sia/include -I../aces2/include -I$MPIHOME/include  ofh__rewind_unit.f 1>>make.out 2>>make.err
mpif77 -c -D__fortran -D__fortran77 -DMPIF2C -Zp8 -zero -traceback -DMPI2 -shared-intel -O2 -msse3 -axcore-avx2,core-avx-i -I../../../../sia/include -I../aces2/include -I$MPIHOME/include  nlo__gener_pre_nao_orbitals.f 1>>make.out 2>>make.err
mpif77 -c -D__fortran -D__fortran77 -DMPIF2C -Zp8 -zero -traceback -DMPI2 -shared-intel -O2 -msse3 -axcore-avx2,core-avx-i -I../../../../sia/include -I../aces2/include -I$MPIHOME/include  mat__print_v_integer_nozeros.f 1>>make.out 2>>make.err
mpif77 -c -D__fortran -D__fortran77 -DMPIF2C -Zp8 -zero -traceback -DMPI2 -shared-intel -O2 -msse3 -axcore-avx2,core-avx-i -I../../../../sia/include -I../aces2/include -I$MPIHOME/include  mat__print_a_integer_nozeros.f 1>>make.out 2>>make.err
mpif77 -c -D__fortran -D__fortran77 -DMPIF2C -Zp8 -zero -traceback -DMPI2 -shared-intel -O2 -msse3 -axcore-avx2,core-avx-i -I../../../../sia/include -I../aces2/include -I$MPIHOME/include  nlo__form_nbo_x_centers.f 1>>make.out 2>>make.err
mpif77 -c -D__fortran -D__fortran77 -DMPIF2C -Zp8 -zero -traceback -DMPI2 -shared-intel -O2 -msse3 -axcore-avx2,core-avx-i -I../../../../sia/include -I../aces2/include -I$MPIHOME/include  nlo__perturb_occupation_matrix.f 1>>make.out 2>>make.err
mpif77 -c -D__fortran -D__fortran77 -DMPIF2C -Zp8 -zero -traceback -DMPI2 -shared-intel -O2 -msse3 -axcore-avx2,core-avx-i -I../../../../sia/include -I../aces2/include -I$MPIHOME/include  mat__c_eq_at_times_b_float.f 1>>make.out 2>>make.err
mpif77 -c -D__fortran -D__fortran77 -DMPIF2C -Zp8 -zero -traceback -DMPI2 -shared-intel -O2 -msse3 -axcore-avx2,core-avx-i -I../../../../sia/include -I../aces2/include -I$MPIHOME/include  nlo__close_files.f 1>>make.out 2>>make.err
mpif77 -c -D__fortran -D__fortran77 -DMPIF2C -Zp8 -zero -traceback -DMPI2 -shared-intel -O2 -msse3 -axcore-avx2,core-avx-i -I../../../../sia/include -I../aces2/include -I$MPIHOME/include  nlo__print_symmetry_info.f 1>>make.out 2>>make.err
mpif77 -c -D__fortran -D__fortran77 -DMPIF2C -Zp8 -zero -traceback -DMPI2 -shared-intel -O2 -msse3 -axcore-avx2,core-avx-i -I../../../../sia/include -I../aces2/include -I$MPIHOME/include  mat__gen_eigsys_real_symmetric.f 1>>make.out 2>>make.err
mpif77 -c -D__fortran -D__fortran77 -DMPIF2C -Zp8 -zero -traceback -DMPI2 -shared-intel -O2 -msse3 -axcore-avx2,core-avx-i -I../../../../sia/include -I../aces2/include -I$MPIHOME/include  nlo__optimum_atom_index_order.f 1>>make.out 2>>make.err
mpif77 -c -D__fortran -D__fortran77 -DMPIF2C -Zp8 -zero -traceback -DMPI2 -shared-intel -O2 -msse3 -axcore-avx2,core-avx-i -I../../../../sia/include -I../aces2/include -I$MPIHOME/include  mat__c_eq_a_times_b_float.f 1>>make.out 2>>make.err
mpif77 -c -D__fortran -D__fortran77 -DMPIF2C -Zp8 -zero -traceback -DMPI2 -shared-intel -O2 -msse3 -axcore-avx2,core-avx-i -I../../../../sia/include -I../aces2/include -I$MPIHOME/include  mat__print_v_float_12_nozeros.f 1>>make.out 2>>make.err
mpif77 -c -D__fortran -D__fortran77 -DMPIF2C -Zp8 -zero -traceback -DMPI2 -shared-intel -O2 -msse3 -axcore-avx2,core-avx-i -I../../../../sia/include -I../aces2/include -I$MPIHOME/include  mat__print_a_float_12_nozeros.f 1>>make.out 2>>make.err
mpif77 -c -D__fortran -D__fortran77 -DMPIF2C -Zp8 -zero -traceback -DMPI2 -shared-intel -O2 -msse3 -axcore-avx2,core-avx-i -I../../../../sia/include -I../aces2/include -I$MPIHOME/include  nlo__find_2deg_axial_rotmat.f 1>>make.out 2>>make.err
mpif77 -c -D__fortran -D__fortran77 -DMPIF2C -Zp8 -zero -traceback -DMPI2 -shared-intel -O2 -msse3 -axcore-avx2,core-avx-i -I../../../../sia/include -I../aces2/include -I$MPIHOME/include  ofh__get_file_unit.f 1>>make.out 2>>make.err
mpif77 -c -D__fortran -D__fortran77 -DMPIF2C -Zp8 -zero -traceback -DMPI2 -shared-intel -O2 -msse3 -axcore-avx2,core-avx-i -I../../../../sia/include -I../aces2/include -I$MPIHOME/include  nlo__form_m_expanded_matrix.f 1>>make.out 2>>make.err
mpif77 -c -D__fortran -D__fortran77 -DMPIF2C -Zp8 -zero -traceback -DMPI2 -shared-intel -O2 -msse3 -axcore-avx2,core-avx-i -I../../../../sia/include -I../aces2/include -I$MPIHOME/include  nlo__form_m_averaged_matrix.f 1>>make.out 2>>make.err
mpif77 -c -D__fortran -D__fortran77 -DMPIF2C -Zp8 -zero -traceback -DMPI2 -shared-intel -O2 -msse3 -axcore-avx2,core-avx-i -I../../../../sia/include -I../aces2/include -I$MPIHOME/include  nlo__form_nho_hybrid_pattern.f 1>>make.out 2>>make.err
mpif77 -c -D__fortran -D__fortran77 -DMPIF2C -Zp8 -zero -traceback -DMPI2 -shared-intel -O2 -msse3 -axcore-avx2,core-avx-i -I../../../../sia/include -I../aces2/include -I$MPIHOME/include  nlo__form_m_expanded_coeffs.f 1>>make.out 2>>make.err
mpif77 -c -D__fortran -D__fortran77 -DMPIF2C -Zp8 -zero -traceback -DMPI2 -shared-intel -O2 -msse3 -axcore-avx2,core-avx-i -I../../../../sia/include -I../aces2/include -I$MPIHOME/include  ofh__get_free_unit.f 1>>make.out 2>>make.err
mpif77 -c -D__fortran -D__fortran77 -DMPIF2C -Zp8 -zero -traceback -DMPI2 -shared-intel -O2 -msse3 -axcore-avx2,core-avx-i -I../../../../sia/include -I../aces2/include -I$MPIHOME/include  nlo__rotate_pair_degenerate_nbo.f 1>>make.out 2>>make.err
mpif77 -c -D__fortran -D__fortran77 -DMPIF2C -Zp8 -zero -traceback -DMPI2 -shared-intel -O2 -msse3 -axcore-avx2,core-avx-i -I../../../../sia/include -I../aces2/include -I$MPIHOME/include  nlo__partial_schmidt.f 1>>make.out 2>>make.err
mpif77 -c -D__fortran -D__fortran77 -DMPIF2C -Zp8 -zero -traceback -DMPI2 -shared-intel -O2 -msse3 -axcore-avx2,core-avx-i -I../../../../sia/include -I../aces2/include -I$MPIHOME/include  nlo__sort_flp_vector_elements.f 1>>make.out 2>>make.err
mpif77 -c -D__fortran -D__fortran77 -DMPIF2C -Zp8 -zero -traceback -DMPI2 -shared-intel -O2 -msse3 -axcore-avx2,core-avx-i -I../../../../sia/include -I../aces2/include -I$MPIHOME/include  nlo__analyze_nao_orbitals.f 1>>make.out 2>>make.err
mpif77 -c -D__fortran -D__fortran77 -DMPIF2C -Zp8 -zero -traceback -DMPI2 -shared-intel -O2 -msse3 -axcore-avx2,core-avx-i -I../../../../sia/include -I../aces2/include -I$MPIHOME/include  nlo__initialize_run.f 1>>make.out 2>>make.err
mpif77 -c -D__fortran -D__fortran77 -DMPIF2C -Zp8 -zero -traceback -DMPI2 -shared-intel -O2 -msse3 -axcore-avx2,core-avx-i -I../../../../sia/include -I../aces2/include -I$MPIHOME/include  nlo__gener_nlmo_orbitals.f 1>>make.out 2>>make.err
mpif77 -c -D__fortran -D__fortran77 -DMPIF2C -Zp8 -zero -traceback -DMPI2 -shared-intel -O2 -msse3 -axcore-avx2,core-avx-i -I../../../../sia/include -I../aces2/include -I$MPIHOME/include  mat__c_eq_zero_float.f 1>>make.out 2>>make.err
mpif77 -c -D__fortran -D__fortran77 -DMPIF2C -Zp8 -zero -traceback -DMPI2 -shared-intel -O2 -msse3 -axcore-avx2,core-avx-i -I../../../../sia/include -I../aces2/include -I$MPIHOME/include  nlo__rotate_ogroup_nbo.f 1>>make.out 2>>make.err
mpif77 -c -D__fortran -D__fortran77 -DMPIF2C -Zp8 -zero -traceback -DMPI2 -shared-intel -O2 -msse3 -axcore-avx2,core-avx-i -I../../../../sia/include -I../aces2/include -I$MPIHOME/include  nlo__symmetrize_nbo_orbitals.f 1>>make.out 2>>make.err
mpif77 -c -D__fortran -D__fortran77 -DMPIF2C -Zp8 -zero -traceback -DMPI2 -shared-intel -O2 -msse3 -axcore-avx2,core-avx-i -I../../../../sia/include -I../aces2/include -I$MPIHOME/include  nlo__handle_matrix_sections.f 1>>make.out 2>>make.err
mpif77 -c -D__fortran -D__fortran77 -DMPIF2C -Zp8 -zero -traceback -DMPI2 -shared-intel -O2 -msse3 -axcore-avx2,core-avx-i -I../../../../sia/include -I../aces2/include -I$MPIHOME/include  nlo__symmetry_related_centers.f 1>>make.out 2>>make.err
mpif77 -c -D__fortran -D__fortran77 -DMPIF2C -Zp8 -zero -traceback -DMPI2 -shared-intel -O2 -msse3 -axcore-avx2,core-avx-i -I../../../../sia/include -I../aces2/include -I$MPIHOME/include  nlo__print_molecule_info.f 1>>make.out 2>>make.err
mpif77 -c -D__fortran -D__fortran77 -DMPIF2C -Zp8 -zero -traceback -DMPI2 -shared-intel -O2 -msse3 -axcore-avx2,core-avx-i -I../../../../sia/include -I../aces2/include -I$MPIHOME/include  ofh__open_file.f 1>>make.out 2>>make.err
mpif77 -c -D__fortran -D__fortran77 -DMPIF2C -Zp8 -zero -traceback -DMPI2 -shared-intel -O2 -msse3 -axcore-avx2,core-avx-i -I../../../../sia/include -I../aces2/include -I$MPIHOME/include  nlo__gener_sqroot_overlap.f 1>>make.out 2>>make.err
mpif77 -c -D__fortran -D__fortran77 -DMPIF2C -Zp8 -zero -traceback -DMPI2 -shared-intel -O2 -msse3 -axcore-avx2,core-avx-i -I../../../../sia/include -I../aces2/include -I$MPIHOME/include  nlo__symmetric_jacobi.f 1>>make.out 2>>make.err
mpif77 -c -D__fortran -D__fortran77 -DMPIF2C -Zp8 -zero -traceback -DMPI2 -shared-intel -O2 -msse3 -axcore-avx2,core-avx-i -I../../../../sia/include -I../aces2/include -I$MPIHOME/include  ofh__close_unit.f 1>>make.out 2>>make.err
mpif77 -c -D__fortran -D__fortran77 -DMPIF2C -Zp8 -zero -traceback -DMPI2 -shared-intel -O2 -msse3 -axcore-avx2,core-avx-i -I../../../../sia/include -I../aces2/include -I$MPIHOME/include  mat__c_eq_orthotran_offdiag.f 1>>make.out 2>>make.err
mpif77 -c -D__fortran -D__fortran77 -DMPIF2C -Zp8 -zero -traceback -DMPI2 -shared-intel -O2 -msse3 -axcore-avx2,core-avx-i -I../../../../sia/include -I../aces2/include -I$MPIHOME/include  nlo__find_axial_rotation_matrix.f 1>>make.out 2>>make.err
mpif77 -c -D__fortran -D__fortran77 -DMPIF2C -Zp8 -zero -traceback -DMPI2 -shared-intel -O2 -msse3 -axcore-avx2,core-avx-i -I../../../../sia/include -I../aces2/include -I$MPIHOME/include  nlo__rotate_atom_nbo.f 1>>make.out 2>>make.err
mpif77 -c -D__fortran -D__fortran77 -DMPIF2C -Zp8 -zero -traceback -DMPI2 -shared-intel -O2 -msse3 -axcore-avx2,core-avx-i -I../../../../sia/include -I../aces2/include -I$MPIHOME/include  mat__c_eq_a_float.f 1>>make.out 2>>make.err
mpif77 -c -D__fortran -D__fortran77 -DMPIF2C -Zp8 -zero -traceback -DMPI2 -shared-intel -O2 -msse3 -axcore-avx2,core-avx-i -I../../../../sia/include -I../aces2/include -I$MPIHOME/include  ofh__start.f 1>>make.out 2>>make.err
mpif77 -c -D__fortran -D__fortran77 -DMPIF2C -Zp8 -zero -traceback -DMPI2 -shared-intel -O2 -msse3 -axcore-avx2,core-avx-i -I../../../../sia/include -I../aces2/include -I$MPIHOME/include  nlo__print_nao_results.f 1>>make.out 2>>make.err
mpif77 -c -D__fortran -D__fortran77 -DMPIF2C -Zp8 -zero -traceback -DMPI2 -shared-intel -O2 -msse3 -axcore-avx2,core-avx-i -I../../../../sia/include -I../aces2/include -I$MPIHOME/include  ofh__open_logfile.f 1>>make.out 2>>make.err
mpif77 -c -D__fortran -D__fortran77 -DMPIF2C -Zp8 -zero -traceback -DMPI2 -shared-intel -O2 -msse3 -axcore-avx2,core-avx-i -I../../../../sia/include -I../aces2/include -I$MPIHOME/include  nlo__print_nho_results.f 1>>make.out 2>>make.err
mpif77 -c -D__fortran -D__fortran77 -DMPIF2C -Zp8 -zero -traceback -DMPI2 -shared-intel -O2 -msse3 -axcore-avx2,core-avx-i -I../../../../sia/include -I../aces2/include -I$MPIHOME/include  nlo__form_sd2_nbo.f 1>>make.out 2>>make.err
mpif77 -c -D__fortran -D__fortran77 -DMPIF2C -Zp8 -zero -traceback -DMPI2 -shared-intel -O2 -msse3 -axcore-avx2,core-avx-i -I../../../../sia/include -I../aces2/include -I$MPIHOME/include  nlo__gener_nbo_orbitals.f 1>>make.out 2>>make.err
mpif77 -c -D__fortran -D__fortran77 -DMPIF2C -Zp8 -zero -traceback -DMPI2 -shared-intel -O2 -msse3 -axcore-avx2,core-avx-i -I../../../../sia/include -I../aces2/include -I$MPIHOME/include  nlo__gener_nho_orbitals.f 1>>make.out 2>>make.err
mpif77 -c -D__fortran -D__fortran77 -DMPIF2C -Zp8 -zero -traceback -DMPI2 -shared-intel -O2 -msse3 -axcore-avx2,core-avx-i -I../../../../sia/include -I../aces2/include -I$MPIHOME/include  mat__dgemm_ct_eq_atxb_float.f 1>>make.out 2>>make.err
mpif77 -c -D__fortran -D__fortran77 -DMPIF2C -Zp8 -zero -traceback -DMPI2 -shared-intel -O2 -msse3 -axcore-avx2,core-avx-i -I../../../../sia/include -I../aces2/include -I$MPIHOME/include  ofh__close_all_units.f 1>>make.out 2>>make.err
mpif77 -c -D__fortran -D__fortran77 -DMPIF2C -Zp8 -zero -traceback -DMPI2 -shared-intel -O2 -msse3 -axcore-avx2,core-avx-i -I../../../../sia/include -I../aces2/include -I$MPIHOME/include  mat__c_eq_c_transposed_float.f 1>>make.out 2>>make.err
mpif77 -c -D__fortran -D__fortran77 -DMPIF2C -Zp8 -zero -traceback -DMPI2 -shared-intel -O2 -msse3 -axcore-avx2,core-avx-i -I../../../../sia/include -I../aces2/include -I$MPIHOME/include  nlo__analyze_bond_order_matrix.f 1>>make.out 2>>make.err
mpif77 -c -D__fortran -D__fortran77 -DMPIF2C -Zp8 -zero -traceback -DMPI2 -shared-intel -O2 -msse3 -axcore-avx2,core-avx-i -I../../../../sia/include -I../aces2/include -I$MPIHOME/include  nlo__rotate_atom_ogroup_nbo.f 1>>make.out 2>>make.err
mpif77 -c -D__fortran -D__fortran77 -DMPIF2C -Zp8 -zero -traceback -DMPI2 -shared-intel -O2 -msse3 -axcore-avx2,core-avx-i -I../../../../sia/include -I../aces2/include -I$MPIHOME/include  mat__reorder_vector_float.f 1>>make.out 2>>make.err
mpif77 -c -D__fortran -D__fortran77 -DMPIF2C -Zp8 -zero -traceback -DMPI2 -shared-intel -O2 -msse3 -axcore-avx2,core-avx-i -I../../../../sia/include -I../aces2/include -I$MPIHOME/include  nlo__open_files.f 1>>make.out 2>>make.err
mpif77 -c -D__fortran -D__fortran77 -DMPIF2C -Zp8 -zero -traceback -DMPI2 -shared-intel -O2 -msse3 -axcore-avx2,core-avx-i -I../../../../sia/include -I../aces2/include -I$MPIHOME/include  nlo__check_linear_dependency.f 1>>make.out 2>>make.err
mpif77 -c -D__fortran -D__fortran77 -DMPIF2C -Zp8 -zero -traceback -DMPI2 -shared-intel -O2 -msse3 -axcore-avx2,core-avx-i -I../../../../sia/include -I../aces2/include -I$MPIHOME/include  mat__diagonalize_real_symmetric.f 1>>make.out 2>>make.err
mpif77 -c -D__fortran -D__fortran77 -DMPIF2C -Zp8 -zero -traceback -DMPI2 -shared-intel -O2 -msse3 -axcore-avx2,core-avx-i -I../../../../sia/include -I../aces2/include -I$MPIHOME/include  mat__print_a_float_18_nozeros.f 1>>make.out 2>>make.err
mpif77 -c -D__fortran -D__fortran77 -DMPIF2C -Zp8 -zero -traceback -DMPI2 -shared-intel -O2 -msse3 -axcore-avx2,core-avx-i -I../../../../sia/include -I../aces2/include -I$MPIHOME/include  nlo__refine_occupation_matrix.f 1>>make.out 2>>make.err
mpif77 -c -D__fortran -D__fortran77 -DMPIF2C -Zp8 -zero -traceback -DMPI2 -shared-intel -O2 -msse3 -axcore-avx2,core-avx-i -I../../../../sia/include -I../aces2/include -I$MPIHOME/include  mat__dgemm_c_eq_axbt_float.f 1>>make.out 2>>make.err
mpif77 -c -D__fortran -D__fortran77 -DMPIF2C -Zp8 -zero -traceback -DMPI2 -shared-intel -O2 -msse3 -axcore-avx2,core-avx-i -I../../../../sia/include -I../aces2/include -I$MPIHOME/include  nlo__check_nho_x_centers.f 1>>make.out 2>>make.err
mpif77 -c -D__fortran -D__fortran77 -DMPIF2C -Zp8 -zero -traceback -DMPI2 -shared-intel -O2 -msse3 -axcore-avx2,core-avx-i -I../../../../sia/include -I../aces2/include -I$MPIHOME/include  nlo__symmetrize_atomic_nbo.f 1>>make.out 2>>make.err
mpif77 -c -D__fortran -D__fortran77 -DMPIF2C -Zp8 -zero -traceback -DMPI2 -shared-intel -O2 -msse3 -axcore-avx2,core-avx-i -I../../../../sia/include -I../aces2/include -I$MPIHOME/include  nlo__sort_int_vector_elements.f 1>>make.out 2>>make.err
mpif77 -c -D__fortran -D__fortran77 -DMPIF2C -Zp8 -zero -traceback -DMPI2 -shared-intel -O2 -msse3 -axcore-avx2,core-avx-i -I../../../../sia/include -I../aces2/include -I$MPIHOME/include  mat__orthotran_minimax_1_norm.f 1>>make.out 2>>make.err
mpif77 -c -D__fortran -D__fortran77 -DMPIF2C -Zp8 -zero -traceback -DMPI2 -shared-intel -O2 -msse3 -axcore-avx2,core-avx-i -I../../../../sia/include -I../aces2/include -I$MPIHOME/include  nlo__rotate_atom_tgroup_nbo.f 1>>make.out 2>>make.err
mpif77 -c -D__fortran -D__fortran77 -DMPIF2C -Zp8 -zero -traceback -DMPI2 -shared-intel -O2 -msse3 -axcore-avx2,core-avx-i -I../../../../sia/include -I../aces2/include -I$MPIHOME/include  nlo__check_nho_all_x_centers.f 1>>make.out 2>>make.err
mpif77 -c -D__fortran -D__fortran77 -DMPIF2C -Zp8 -zero -traceback -DMPI2 -shared-intel -O2 -msse3 -axcore-avx2,core-avx-i -I../../../../sia/include -I../aces2/include -I$MPIHOME/include  nlo__calc_interaction_order.f 1>>make.out 2>>make.err
mpif77 -c -D__fortran -D__fortran77 -DMPIF2C -Zp8 -zero -traceback -DMPI2 -shared-intel -O2 -msse3 -axcore-avx2,core-avx-i -I../../../../sia/include -I../aces2/include -I$MPIHOME/include  mat__dgemm_c_eq_atxb_float.f 1>>make.out 2>>make.err
mpif77 -c -D__fortran -D__fortran77 -DMPIF2C -Zp8 -zero -traceback -DMPI2 -shared-intel -O2 -msse3 -axcore-avx2,core-avx-i -I../../../../sia/include -I../aces2/include -I$MPIHOME/include  ofh__finish.f 1>>make.out 2>>make.err
mpif77 -c -D__fortran -D__fortran77 -DMPIF2C -Zp8 -zero -traceback -DMPI2 -shared-intel -O2 -msse3 -axcore-avx2,core-avx-i -I../../../../sia/include -I../aces2/include -I$MPIHOME/include  nlo__print_nho_search_info.f 1>>make.out 2>>make.err
mpif77 -c -D__fortran -D__fortran77 -DMPIF2C -Zp8 -zero -traceback -DMPI2 -shared-intel -O2 -msse3 -axcore-avx2,core-avx-i -I../../../../sia/include -I../aces2/include -I$MPIHOME/include  mat__c_eq_zero_integer.f 1>>make.out 2>>make.err
mpif77 -c -D__fortran -D__fortran77 -DMPIF2C -Zp8 -zero -traceback -DMPI2 -shared-intel -O2 -msse3 -axcore-avx2,core-avx-i -I../../../../sia/include -I../aces2/include -I$MPIHOME/include  nlo__gener_nao_orbitals.f 1>>make.out 2>>make.err
mpif77 -c -D__fortran -D__fortran77 -DMPIF2C -Zp8 -zero -traceback -DMPI2 -shared-intel -O2 -msse3 -axcore-avx2,core-avx-i -I../../../../sia/include -I../aces2/include -I$MPIHOME/include  nlo__angular_momentum_nbo.f 1>>make.out 2>>make.err
ar rv libnlo.a nlo__analyze_rings.o mat__c_eq_unit_float.o mat__dgemm_c_eq_axb_float.o nlo__gener_nlo_orbitals.o mat__reorder_matrix_columns.o nlo__print_nlmo_results.o mat__w_eq_u_float.o mat__c_eq_c_times_a_float.o nlo__form_atomic_nonvalence_nbo.o nlo__form_atomic_nonvalence_nho.o nlo__extract_atomic_content.o nlo__find_rotation_nbo_indices.o nlo__denormalize_coeff_matrix.o mat__w_eq_zero_float.o nlo__normalize_overlap_density.o mat__balance_symmetric_matrix.o ofh__backspace_unit.o mat__print_v_float_5_nozeros.o nlo__compare_vector_pairs.o mat__print_a_float_5_nozeros.o nlo__rotate_axial_nbo.o mat__reorder_vector_integer.o nlo__rotate_tgroup_nbo.o ofh__skip_file_comments.o dacosd.o nlo__form_l_sitesym_coeffs.o nlo__characterize_nho_space.o mat__ct_eq_at_times_b_float.o nlo__accept_atoms_bond_search.o nlo__wsw_orthonormalize.o nlo__complete_nho_space.o mat__c_eq_a_times_bt_float.o mat__blockdiag_real_symmetric.o ofh__close_and_delete_unit.o nlo__form_m_expanded_weights.o nlo__form_sp2_nbo.o nlo__determine_orbital_locality.o nlo__print_nbo_results.o mat__w_eq_zero_integer.o mat__print_a_float_3_nozeros.o ofh__stop.o ofh__close_logfile.o nlo__check_coplanarity.o mat__c_eq_orthotran_diag.o nlo__form_sp2_pair_nbo.o ofh__rewind_unit.o nlo__gener_pre_nao_orbitals.o mat__print_v_integer_nozeros.o mat__print_a_integer_nozeros.o nlo__form_nbo_x_centers.o nlo__perturb_occupation_matrix.o mat__c_eq_at_times_b_float.o nlo__close_files.o nlo__print_symmetry_info.o mat__gen_eigsys_real_symmetric.o nlo__optimum_atom_index_order.o mat__c_eq_a_times_b_float.o mat__print_v_float_12_nozeros.o mat__print_a_float_12_nozeros.o nlo__find_2deg_axial_rotmat.o ofh__get_file_unit.o nlo__form_m_expanded_matrix.o nlo__form_m_averaged_matrix.o nlo__form_nho_hybrid_pattern.o nlo__form_m_expanded_coeffs.o ofh__get_free_unit.o nlo__rotate_pair_degenerate_nbo.o nlo__partial_schmidt.o nlo__sort_flp_vector_elements.o nlo__analyze_nao_orbitals.o nlo__initialize_run.o nlo__gener_nlmo_orbitals.o mat__c_eq_zero_float.o nlo__rotate_ogroup_nbo.o nlo__symmetrize_nbo_orbitals.o nlo__handle_matrix_sections.o nlo__symmetry_related_centers.o nlo__print_molecule_info.o ofh__open_file.o nlo__gener_sqroot_overlap.o nlo__symmetric_jacobi.o ofh__close_unit.o mat__c_eq_orthotran_offdiag.o nlo__find_axial_rotation_matrix.o nlo__rotate_atom_nbo.o mat__c_eq_a_float.o ofh__start.o nlo__print_nao_results.o ofh__open_logfile.o nlo__print_nho_results.o nlo__form_sd2_nbo.o nlo__gener_nbo_orbitals.o nlo__gener_nho_orbitals.o mat__dgemm_ct_eq_atxb_float.o ofh__close_all_units.o mat__c_eq_c_transposed_float.o nlo__analyze_bond_order_matrix.o nlo__rotate_atom_ogroup_nbo.o mat__reorder_vector_float.o nlo__open_files.o nlo__check_linear_dependency.o mat__diagonalize_real_symmetric.o mat__print_a_float_18_nozeros.o nlo__refine_occupation_matrix.o mat__dgemm_c_eq_axbt_float.o nlo__check_nho_x_centers.o nlo__symmetrize_atomic_nbo.o nlo__sort_int_vector_elements.o mat__orthotran_minimax_1_norm.o nlo__rotate_atom_tgroup_nbo.o nlo__check_nho_all_x_centers.o nlo__calc_interaction_order.o mat__dgemm_c_eq_atxb_float.o ofh__finish.o nlo__print_nho_search_info.o mat__c_eq_zero_integer.o nlo__gener_nao_orbitals.o nlo__angular_momentum_nbo.o 
ar: creating libnlo.a
a - nlo__analyze_rings.o
a - mat__c_eq_unit_float.o
a - mat__dgemm_c_eq_axb_float.o
a - nlo__gener_nlo_orbitals.o
a - mat__reorder_matrix_columns.o
a - nlo__print_nlmo_results.o
a - mat__w_eq_u_float.o
a - mat__c_eq_c_times_a_float.o
a - nlo__form_atomic_nonvalence_nbo.o
a - nlo__form_atomic_nonvalence_nho.o
a - nlo__extract_atomic_content.o
a - nlo__find_rotation_nbo_indices.o
a - nlo__denormalize_coeff_matrix.o
a - mat__w_eq_zero_float.o
a - nlo__normalize_overlap_density.o
a - mat__balance_symmetric_matrix.o
a - ofh__backspace_unit.o
a - mat__print_v_float_5_nozeros.o
a - nlo__compare_vector_pairs.o
a - mat__print_a_float_5_nozeros.o
a - nlo__rotate_axial_nbo.o
a - mat__reorder_vector_integer.o
a - nlo__rotate_tgroup_nbo.o
a - ofh__skip_file_comments.o
a - dacosd.o
a - nlo__form_l_sitesym_coeffs.o
a - nlo__characterize_nho_space.o
a - mat__ct_eq_at_times_b_float.o
a - nlo__accept_atoms_bond_search.o
a - nlo__wsw_orthonormalize.o
a - nlo__complete_nho_space.o
a - mat__c_eq_a_times_bt_float.o
a - mat__blockdiag_real_symmetric.o
a - ofh__close_and_delete_unit.o
a - nlo__form_m_expanded_weights.o
a - nlo__form_sp2_nbo.o
a - nlo__determine_orbital_locality.o
a - nlo__print_nbo_results.o
a - mat__w_eq_zero_integer.o
a - mat__print_a_float_3_nozeros.o
a - ofh__stop.o
a - ofh__close_logfile.o
a - nlo__check_coplanarity.o
a - mat__c_eq_orthotran_diag.o
a - nlo__form_sp2_pair_nbo.o
a - ofh__rewind_unit.o
a - nlo__gener_pre_nao_orbitals.o
a - mat__print_v_integer_nozeros.o
a - mat__print_a_integer_nozeros.o
a - nlo__form_nbo_x_centers.o
a - nlo__perturb_occupation_matrix.o
a - mat__c_eq_at_times_b_float.o
a - nlo__close_files.o
a - nlo__print_symmetry_info.o
a - mat__gen_eigsys_real_symmetric.o
a - nlo__optimum_atom_index_order.o
a - mat__c_eq_a_times_b_float.o
a - mat__print_v_float_12_nozeros.o
a - mat__print_a_float_12_nozeros.o
a - nlo__find_2deg_axial_rotmat.o
a - ofh__get_file_unit.o
a - nlo__form_m_expanded_matrix.o
a - nlo__form_m_averaged_matrix.o
a - nlo__form_nho_hybrid_pattern.o
a - nlo__form_m_expanded_coeffs.o
a - ofh__get_free_unit.o
a - nlo__rotate_pair_degenerate_nbo.o
a - nlo__partial_schmidt.o
a - nlo__sort_flp_vector_elements.o
a - nlo__analyze_nao_orbitals.o
a - nlo__initialize_run.o
a - nlo__gener_nlmo_orbitals.o
a - mat__c_eq_zero_float.o
a - nlo__rotate_ogroup_nbo.o
a - nlo__symmetrize_nbo_orbitals.o
a - nlo__handle_matrix_sections.o
a - nlo__symmetry_related_centers.o
a - nlo__print_molecule_info.o
a - ofh__open_file.o
a - nlo__gener_sqroot_overlap.o
a - nlo__symmetric_jacobi.o
a - ofh__close_unit.o
a - mat__c_eq_orthotran_offdiag.o
a - nlo__find_axial_rotation_matrix.o
a - nlo__rotate_atom_nbo.o
a - mat__c_eq_a_float.o
a - ofh__start.o
a - nlo__print_nao_results.o
a - ofh__open_logfile.o
a - nlo__print_nho_results.o
a - nlo__form_sd2_nbo.o
a - nlo__gener_nbo_orbitals.o
a - nlo__gener_nho_orbitals.o
a - mat__dgemm_ct_eq_atxb_float.o
a - ofh__close_all_units.o
a - mat__c_eq_c_transposed_float.o
a - nlo__analyze_bond_order_matrix.o
a - nlo__rotate_atom_ogroup_nbo.o
a - mat__reorder_vector_float.o
a - nlo__open_files.o
a - nlo__check_linear_dependency.o
a - mat__diagonalize_real_symmetric.o
a - mat__print_a_float_18_nozeros.o
a - nlo__refine_occupation_matrix.o
a - mat__dgemm_c_eq_axbt_float.o
a - nlo__check_nho_x_centers.o
a - nlo__symmetrize_atomic_nbo.o
a - nlo__sort_int_vector_elements.o
a - mat__orthotran_minimax_1_norm.o
a - nlo__rotate_atom_tgroup_nbo.o
a - nlo__check_nho_all_x_centers.o
a - nlo__calc_interaction_order.o
a - mat__dgemm_c_eq_atxb_float.o
a - ofh__finish.o
a - nlo__print_nho_search_info.o
a - mat__c_eq_zero_integer.o
a - nlo__gener_nao_orbitals.o
a - nlo__angular_momentum_nbo.o
cp libnlo.a ../../../../../lib/libnlo.a
rm -f make.out make.err
gmake[5]: Leaving directory `/home/perera/Develop/TTU_devls/acesiii/src/aces/aces_library/special_directory/nlo'
gmake[5]: Entering directory `/home/perera/Develop/TTU_devls/acesiii/src/aces/aces_library/special_directory/dkh'
rm -f make.out make.err
mpif77 -c -D__fortran -D__fortran77 -DMPIF2C -Zp8 -zero -traceback -DMPI2 -shared-intel -O2 -msse3 -axcore-avx2,core-avx-i -I../../../../sia/include -I../../a2driver/aces2/include -I$MPIHOME/include  form_dkh_ints.F 1>>make.out 2>>make.err
mpif77 -c -D__fortran -D__fortran77 -DMPIF2C -Zp8 -zero -traceback -DMPI2 -shared-intel -O2 -msse3 -axcore-avx2,core-avx-i -I../../../../sia/include -I../../a2driver/aces2/include -I$MPIHOME/include  dkh__compute_oed_integrals.F 1>>make.out 2>>make.err
mpif77 -c -D__fortran -D__fortran77 -DMPIF2C -Zp8 -zero -traceback -DMPI2 -shared-intel -O2 -msse3 -axcore-avx2,core-avx-i -I../../../../sia/include -I../../a2driver/aces2/include -I$MPIHOME/include  dkh__contract.F 1>>make.out 2>>make.err
mpif77 -c -D__fortran -D__fortran77 -DMPIF2C -Zp8 -zero -traceback -DMPI2 -shared-intel -O2 -msse3 -axcore-avx2,core-avx-i -I../../../../sia/include -I../../a2driver/aces2/include -I$MPIHOME/include  dkh__init.F 1>>make.out 2>>make.err
mpif77 -c -D__fortran -D__fortran77 -DMPIF2C -Zp8 -zero -traceback -DMPI2 -shared-intel -O2 -msse3 -axcore-avx2,core-avx-i -I../../../../sia/include -I../../a2driver/aces2/include -I$MPIHOME/include  squez2.F 1>>make.out 2>>make.err
mpif77 -c -D__fortran -D__fortran77 -DMPIF2C -Zp8 -zero -traceback -DMPI2 -shared-intel -O2 -msse3 -axcore-avx2,core-avx-i -I../../../../sia/include -I../../a2driver/aces2/include -I$MPIHOME/include  get_ints_block.F 1>>make.out 2>>make.err
mpif77 -c -D__fortran -D__fortran77 -DMPIF2C -Zp8 -zero -traceback -DMPI2 -shared-intel -O2 -msse3 -axcore-avx2,core-avx-i -I../../../../sia/include -I../../a2driver/aces2/include -I$MPIHOME/include  get_ccoefs_block.F 1>>make.out 2>>make.err
mpif77 -c -D__fortran -D__fortran77 -DMPIF2C -Zp8 -zero -traceback -DMPI2 -shared-intel -O2 -msse3 -axcore-avx2,core-avx-i -I../../../../sia/include -I../../a2driver/aces2/include -I$MPIHOME/include  dkh__erd_scratch_mem_calc.F 1>>make.out 2>>make.err
mpif77 -c -D__fortran -D__fortran77 -DMPIF2C -Zp8 -zero -traceback -DMPI2 -shared-intel -O2 -msse3 -axcore-avx2,core-avx-i -I../../../../sia/include -I../../a2driver/aces2/include -I$MPIHOME/include  dkh__prim_ccoefs.F 1>>make.out 2>>make.err
mpif77 -c -D__fortran -D__fortran77 -DMPIF2C -Zp8 -zero -traceback -DMPI2 -shared-intel -O2 -msse3 -axcore-avx2,core-avx-i -I../../../../sia/include -I../../a2driver/aces2/include -I$MPIHOME/include  dkh__main.F 1>>make.out 2>>make.err
mpif77 -c -D__fortran -D__fortran77 -DMPIF2C -Zp8 -zero -traceback -DMPI2 -shared-intel -O2 -msse3 -axcore-avx2,core-avx-i -I../../../../sia/include -I../../a2driver/aces2/include -I$MPIHOME/include  dkh__int_gen_init.F 1>>make.out 2>>make.err
mpif77 -c -D__fortran -D__fortran77 -DMPIF2C -Zp8 -zero -traceback -DMPI2 -shared-intel -O2 -msse3 -axcore-avx2,core-avx-i -I../../../../sia/include -I../../a2driver/aces2/include -I$MPIHOME/include  dkh__sympack.F 1>>make.out 2>>make.err
mpif77 -c -D__fortran -D__fortran77 -DMPIF2C -Zp8 -zero -traceback -DMPI2 -shared-intel -O2 -msse3 -axcore-avx2,core-avx-i -I../../../../sia/include -I../../a2driver/aces2/include -I$MPIHOME/include  contract.F 1>>make.out 2>>make.err
mpif77 -c -D__fortran -D__fortran77 -DMPIF2C -Zp8 -zero -traceback -DMPI2 -shared-intel -O2 -msse3 -axcore-avx2,core-avx-i -I../../../../sia/include -I../../a2driver/aces2/include -I$MPIHOME/include  molread_dkh.F 1>>make.out 2>>make.err
mpif77 -c -D__fortran -D__fortran77 -DMPIF2C -Zp8 -zero -traceback -DMPI2 -shared-intel -O2 -msse3 -axcore-avx2,core-avx-i -I../../../../sia/include -I../../a2driver/aces2/include -I$MPIHOME/include  dkh__first_order.f 1>>make.out 2>>make.err
mpif77 -c -D__fortran -D__fortran77 -DMPIF2C -Zp8 -zero -traceback -DMPI2 -shared-intel -O2 -msse3 -axcore-avx2,core-avx-i -I../../../../sia/include -I../../a2driver/aces2/include -I$MPIHOME/include  dkh__fourth_order.f 1>>make.out 2>>make.err
mpif77 -c -D__fortran -D__fortran77 -DMPIF2C -Zp8 -zero -traceback -DMPI2 -shared-intel -O2 -msse3 -axcore-avx2,core-avx-i -I../../../../sia/include -I../../a2driver/aces2/include -I$MPIHOME/include  dkh__matrix_manips.f 1>>make.out 2>>make.err
mpif77 -c -D__fortran -D__fortran77 -DMPIF2C -Zp8 -zero -traceback -DMPI2 -shared-intel -O2 -msse3 -axcore-avx2,core-avx-i -I../../../../sia/include -I../../a2driver/aces2/include -I$MPIHOME/include  dkh__fifth_order.f 1>>make.out 2>>make.err
mpif77 -c -D__fortran -D__fortran77 -DMPIF2C -Zp8 -zero -traceback -DMPI2 -shared-intel -O2 -msse3 -axcore-avx2,core-avx-i -I../../../../sia/include -I../../a2driver/aces2/include -I$MPIHOME/include  dkh__second_order.f 1>>make.out 2>>make.err
mpif77 -c -D__fortran -D__fortran77 -DMPIF2C -Zp8 -zero -traceback -DMPI2 -shared-intel -O2 -msse3 -axcore-avx2,core-avx-i -I../../../../sia/include -I../../a2driver/aces2/include -I$MPIHOME/include  dkh__main_trans.f 1>>make.out 2>>make.err
mpif77 -c -D__fortran -D__fortran77 -DMPIF2C -Zp8 -zero -traceback -DMPI2 -shared-intel -O2 -msse3 -axcore-avx2,core-avx-i -I../../../../sia/include -I../../a2driver/aces2/include -I$MPIHOME/include  dkh__third_order.f 1>>make.out 2>>make.err
ar rv libdkhlib.a form_dkh_ints.o dkh__compute_oed_integrals.o dkh__contract.o dkh__init.o squez2.o get_ints_block.o get_ccoefs_block.o dkh__erd_scratch_mem_calc.o dkh__prim_ccoefs.o dkh__main.o dkh__int_gen_init.o dkh__sympack.o contract.o molread_dkh.o dkh__first_order.o dkh__fourth_order.o dkh__matrix_manips.o dkh__fifth_order.o dkh__second_order.o dkh__main_trans.o dkh__third_order.o 
ar: creating libdkhlib.a
a - form_dkh_ints.o
a - dkh__compute_oed_integrals.o
a - dkh__contract.o
a - dkh__init.o
a - squez2.o
a - get_ints_block.o
a - get_ccoefs_block.o
a - dkh__erd_scratch_mem_calc.o
a - dkh__prim_ccoefs.o
a - dkh__main.o
a - dkh__int_gen_init.o
a - dkh__sympack.o
a - contract.o
a - molread_dkh.o
a - dkh__first_order.o
a - dkh__fourth_order.o
a - dkh__matrix_manips.o
a - dkh__fifth_order.o
a - dkh__second_order.o
a - dkh__main_trans.o
a - dkh__third_order.o
cp libdkhlib.a ../../../../../lib/libdkh.a
rm -f make.out make.err
gmake[5]: Leaving directory `/home/perera/Develop/TTU_devls/acesiii/src/aces/aces_library/special_directory/dkh'
gmake[5]: Entering directory `/home/perera/Develop/TTU_devls/acesiii/src/aces/aces_library/special_directory/prop_ints'
rm -f make.out make.err
mpif77 -c -D__fortran -D__fortran77 -DMPIF2C -Zp8 -zero -traceback -DMPI2 -shared-intel -O2 -msse3 -axcore-avx2,core-avx-i -I../../../../sia/include -I../aces2/include -I$MPIHOME/include  oed__soi_csgtoYZ.F 1>>make.out 2>>make.err
mpif77 -c -D__fortran -D__fortran77 -DMPIF2C -Zp8 -zero -traceback -DMPI2 -shared-intel -O2 -msse3 -axcore-avx2,core-avx-i -I../../../../sia/include -I../aces2/include -I$MPIHOME/include  erd__soi_csgto_yx.F 1>>make.out 2>>make.err
mpif77 -c -D__fortran -D__fortran77 -DMPIF2C -Zp8 -zero -traceback -DMPI2 -shared-intel -O2 -msse3 -axcore-avx2,core-avx-i -I../../../../sia/include -I../aces2/include -I$MPIHOME/include  oed__delta_set_ab.F 1>>make.out 2>>make.err
mpif77 -c -D__fortran -D__fortran77 -DMPIF2C -Zp8 -zero -traceback -DMPI2 -shared-intel -O2 -msse3 -axcore-avx2,core-avx-i -I../../../../sia/include -I../aces2/include -I$MPIHOME/include  print_tcints.F 1>>make.out 2>>make.err
mpif77 -c -D__fortran -D__fortran77 -DMPIF2C -Zp8 -zero -traceback -DMPI2 -shared-intel -O2 -msse3 -axcore-avx2,core-avx-i -I../../../../sia/include -I../aces2/include -I$MPIHOME/include  oed__delta_e0_pcgto_ba_block.F 1>>make.out 2>>make.err
mpif77 -c -D__fortran -D__fortran77 -DMPIF2C -Zp8 -zero -traceback -DMPI2 -shared-intel -O2 -msse3 -axcore-avx2,core-avx-i -I../../../../sia/include -I../aces2/include -I$MPIHOME/include  oed__soi_csgtoYX.F 1>>make.out 2>>make.err
mpif77 -c -D__fortran -D__fortran77 -DMPIF2C -Zp8 -zero -traceback -DMPI2 -shared-intel -O2 -msse3 -axcore-avx2,core-avx-i -I../../../../sia/include -I../aces2/include -I$MPIHOME/include  erd__soi_csgto_xy.F 1>>make.out 2>>make.err
mpif77 -c -D__fortran -D__fortran77 -DMPIF2C -Zp8 -zero -traceback -DMPI2 -shared-intel -O2 -msse3 -axcore-avx2,core-avx-i -I../../../../sia/include -I../aces2/include -I$MPIHOME/include  oed__soi_csgtozx.F 1>>make.out 2>>make.err
mpif77 -c -D__fortran -D__fortran77 -DMPIF2C -Zp8 -zero -traceback -DMPI2 -shared-intel -O2 -msse3 -axcore-avx2,core-avx-i -I../../../../sia/include -I../aces2/include -I$MPIHOME/include  print_cints.F 1>>make.out 2>>make.err
mpif77 -c -D__fortran -D__fortran77 -DMPIF2C -Zp8 -zero -traceback -DMPI2 -shared-intel -O2 -msse3 -axcore-avx2,core-avx-i -I../../../../sia/include -I../aces2/include -I$MPIHOME/include  oed__soi_csgtoXZ.F 1>>make.out 2>>make.err
mpif77 -c -D__fortran -D__fortran77 -DMPIF2C -Zp8 -zero -traceback -DMPI2 -shared-intel -O2 -msse3 -axcore-avx2,core-avx-i -I../../../../sia/include -I../aces2/include -I$MPIHOME/include  oed__soi_csgtoZY.F 1>>make.out 2>>make.err
mpif77 -c -D__fortran -D__fortran77 -DMPIF2C -Zp8 -zero -traceback -DMPI2 -shared-intel -O2 -msse3 -axcore-avx2,core-avx-i -I../../../../sia/include -I../aces2/include -I$MPIHOME/include  oed__soi_3cen_pcgto_blockyx.F 1>>make.out 2>>make.err
mpif77 -c -D__fortran -D__fortran77 -DMPIF2C -Zp8 -zero -traceback -DMPI2 -shared-intel -O2 -msse3 -axcore-avx2,core-avx-i -I../../../../sia/include -I../aces2/include -I$MPIHOME/include  oed__soi_3cen_pcgto_blockxz.F 1>>make.out 2>>make.err
mpif77 -c -D__fortran -D__fortran77 -DMPIF2C -Zp8 -zero -traceback -DMPI2 -shared-intel -O2 -msse3 -axcore-avx2,core-avx-i -I../../../../sia/include -I../aces2/include -I$MPIHOME/include  erd__soi_batch_xy.F 1>>make.out 2>>make.err
mpif77 -c -D__fortran -D__fortran77 -DMPIF2C -Zp8 -zero -traceback -DMPI2 -shared-intel -O2 -msse3 -axcore-avx2,core-avx-i -I../../../../sia/include -I../aces2/include -I$MPIHOME/include  oed__soi_batch.F 1>>make.out 2>>make.err
mpif77 -c -D__fortran -D__fortran77 -DMPIF2C -Zp8 -zero -traceback -DMPI2 -shared-intel -O2 -msse3 -axcore-avx2,core-avx-i -I../../../../sia/include -I../aces2/include -I$MPIHOME/include  oed__delta_e0_pcgto_ab_block.F 1>>make.out 2>>make.err
mpif77 -c -D__fortran -D__fortran77 -DMPIF2C -Zp8 -zero -traceback -DMPI2 -shared-intel -O2 -msse3 -axcore-avx2,core-avx-i -I../../../../sia/include -I../aces2/include -I$MPIHOME/include  oed__soi_batchXY.F 1>>make.out 2>>make.err
mpif77 -c -D__fortran -D__fortran77 -DMPIF2C -Zp8 -zero -traceback -DMPI2 -shared-intel -O2 -msse3 -axcore-avx2,core-avx-i -I../../../../sia/include -I../aces2/include -I$MPIHOME/include  erd__memory_soi_derv_csgto.F 1>>make.out 2>>make.err
mpif77 -c -D__fortran -D__fortran77 -DMPIF2C -Zp8 -zero -traceback -DMPI2 -shared-intel -O2 -msse3 -axcore-avx2,core-avx-i -I../../../../sia/include -I../aces2/include -I$MPIHOME/include  oed__delta_e0_def_blocks.F 1>>make.out 2>>make.err
mpif77 -c -D__fortran -D__fortran77 -DMPIF2C -Zp8 -zero -traceback -DMPI2 -shared-intel -O2 -msse3 -axcore-avx2,core-avx-i -I../../../../sia/include -I../aces2/include -I$MPIHOME/include  oed__soi_batchXZ.F 1>>make.out 2>>make.err
mpif77 -c -D__fortran -D__fortran77 -DMPIF2C -Zp8 -zero -traceback -DMPI2 -shared-intel -O2 -msse3 -axcore-avx2,core-avx-i -I../../../../sia/include -I../aces2/include -I$MPIHOME/include  oed__soi_batchZX.F 1>>make.out 2>>make.err
mpif77 -c -D__fortran -D__fortran77 -DMPIF2C -Zp8 -zero -traceback -DMPI2 -shared-intel -O2 -msse3 -axcore-avx2,core-avx-i -I../../../../sia/include -I../aces2/include -I$MPIHOME/include  oed__soi_3cen_pcgto_blockzx.F 1>>make.out 2>>make.err
mpif77 -c -D__fortran -D__fortran77 -DMPIF2C -Zp8 -zero -traceback -DMPI2 -shared-intel -O2 -msse3 -axcore-avx2,core-avx-i -I../../../../sia/include -I../aces2/include -I$MPIHOME/include  erd__soi_batch_yx.F 1>>make.out 2>>make.err
mpif77 -c -D__fortran -D__fortran77 -DMPIF2C -Zp8 -zero -traceback -DMPI2 -shared-intel -O2 -msse3 -axcore-avx2,core-avx-i -I../../../../sia/include -I../aces2/include -I$MPIHOME/include  oed__soi_set_derv_ijc_triples.F 1>>make.out 2>>make.err
mpif77 -c -D__fortran -D__fortran77 -DMPIF2C -Zp8 -zero -traceback -DMPI2 -shared-intel -O2 -msse3 -axcore-avx2,core-avx-i -I../../../../sia/include -I../aces2/include -I$MPIHOME/include  erd__soi_pcgto_block_yx.F 1>>make.out 2>>make.err
mpif77 -c -D__fortran -D__fortran77 -DMPIF2C -Zp8 -zero -traceback -DMPI2 -shared-intel -O2 -msse3 -axcore-avx2,core-avx-i -I../../../../sia/include -I../aces2/include -I$MPIHOME/include  erd__memory_eri_soi_derv_batch.F 1>>make.out 2>>make.err
mpif77 -c -D__fortran -D__fortran77 -DMPIF2C -Zp8 -zero -traceback -DMPI2 -shared-intel -O2 -msse3 -axcore-avx2,core-avx-i -I../../../../sia/include -I../aces2/include -I$MPIHOME/include  erd__soi_pcgto_blockxy.F 1>>make.out 2>>make.err
mpif77 -c -D__fortran -D__fortran77 -DMPIF2C -Zp8 -zero -traceback -DMPI2 -shared-intel -O2 -msse3 -axcore-avx2,core-avx-i -I../../../../sia/include -I../aces2/include -I$MPIHOME/include  oed__soi_3cen_pcgto_blockxy.F 1>>make.out 2>>make.err
mpif77 -c -D__fortran -D__fortran77 -DMPIF2C -Zp8 -zero -traceback -DMPI2 -shared-intel -O2 -msse3 -axcore-avx2,core-avx-i -I../../../../sia/include -I../aces2/include -I$MPIHOME/include  oed__gener_delta_batch.F 1>>make.out 2>>make.err
mpif77 -c -D__fortran -D__fortran77 -DMPIF2C -Zp8 -zero -traceback -DMPI2 -shared-intel -O2 -msse3 -axcore-avx2,core-avx-i -I../../../../sia/include -I../aces2/include -I$MPIHOME/include  oed__soi_batchYZ.F 1>>make.out 2>>make.err
mpif77 -c -D__fortran -D__fortran77 -DMPIF2C -Zp8 -zero -traceback -DMPI2 -shared-intel -O2 -msse3 -axcore-avx2,core-avx-i -I../../../../sia/include -I../aces2/include -I$MPIHOME/include  oed__delta_prepare_ctr.F 1>>make.out 2>>make.err
mpif77 -c -D__fortran -D__fortran77 -DMPIF2C -Zp8 -zero -traceback -DMPI2 -shared-intel -O2 -msse3 -axcore-avx2,core-avx-i -I../../../../sia/include -I../aces2/include -I$MPIHOME/include  set_lmn_delta.F 1>>make.out 2>>make.err
mpif77 -c -D__fortran -D__fortran77 -DMPIF2C -Zp8 -zero -traceback -DMPI2 -shared-intel -O2 -msse3 -axcore-avx2,core-avx-i -I../../../../sia/include -I../aces2/include -I$MPIHOME/include  oed__delta_set_ij_pairs.F 1>>make.out 2>>make.err
mpif77 -c -D__fortran -D__fortran77 -DMPIF2C -Zp8 -zero -traceback -DMPI2 -shared-intel -O2 -msse3 -axcore-avx2,core-avx-i -I../../../../sia/include -I../aces2/include -I$MPIHOME/include  oed__soi_batchYX.F 1>>make.out 2>>make.err
mpif77 -c -D__fortran -D__fortran77 -DMPIF2C -Zp8 -zero -traceback -DMPI2 -shared-intel -O2 -msse3 -axcore-avx2,core-avx-i -I../../../../sia/include -I../aces2/include -I$MPIHOME/include  oed__soi_3cen_pcgto_blockzy.F 1>>make.out 2>>make.err
mpif77 -c -D__fortran -D__fortran77 -DMPIF2C -Zp8 -zero -traceback -DMPI2 -shared-intel -O2 -msse3 -axcore-avx2,core-avx-i -I../../../../sia/include -I../aces2/include -I$MPIHOME/include  oed__soi_3cen_pcgto_blockyz.F 1>>make.out 2>>make.err
mpif77 -c -D__fortran -D__fortran77 -DMPIF2C -Zp8 -zero -traceback -DMPI2 -shared-intel -O2 -msse3 -axcore-avx2,core-avx-i -I../../../../sia/include -I../aces2/include -I$MPIHOME/include  erd__set_soi_derv_abcd.F 1>>make.out 2>>make.err
mpif77 -c -D__fortran -D__fortran77 -DMPIF2C -Zp8 -zero -traceback -DMPI2 -shared-intel -O2 -msse3 -axcore-avx2,core-avx-i -I../../../../sia/include -I../aces2/include -I$MPIHOME/include  erd__set_soi_abcd.F 1>>make.out 2>>make.err
mpif77 -c -D__fortran -D__fortran77 -DMPIF2C -Zp8 -zero -traceback -DMPI2 -shared-intel -O2 -msse3 -axcore-avx2,core-avx-i -I../../../../sia/include -I../aces2/include -I$MPIHOME/include  oed__soi_csgtoXY.F 1>>make.out 2>>make.err
mpif77 -c -D__fortran -D__fortran77 -DMPIF2C -Zp8 -zero -traceback -DMPI2 -shared-intel -O2 -msse3 -axcore-avx2,core-avx-i -I../../../../sia/include -I../aces2/include -I$MPIHOME/include  oed__soi_batchZY.F 1>>make.out 2>>make.err
mpif77 -c -D__fortran -D__fortran77 -DMPIF2C -Zp8 -zero -traceback -DMPI2 -shared-intel -O2 -msse3 -axcore-avx2,core-avx-i -I../../../../sia/include -I../aces2/include -I$MPIHOME/include  erd__soi_pcgto_block_xy.F 1>>make.out 2>>make.err
mpif77 -c -D__fortran -D__fortran77 -DMPIF2C -Zp8 -zero -traceback -DMPI2 -shared-intel -O2 -msse3 -axcore-avx2,core-avx-i -I../../../../sia/include -I../aces2/include -I$MPIHOME/include  oed__soi_set_ab.F 1>>make.out 2>>make.err
mpif77 -c -D__fortran -D__fortran77 -DMPIF2C -Zp8 -zero -traceback -DMPI2 -shared-intel -O2 -msse3 -axcore-avx2,core-avx-i -I../../../../sia/include -I../aces2/include -I$MPIHOME/include  oed__delta_csgto.F 1>>make.out 2>>make.err
mpif77 -c -D__fortran -D__fortran77 -DMPIF2C -Zp8 -zero -traceback -DMPI2 -shared-intel -O2 -msse3 -axcore-avx2,core-avx-i -I../../../../sia/include -I../aces2/include -I$MPIHOME/include  erd__soi_batch.F 1>>make.out 2>>make.err
mpif77 -c -D__fortran -D__fortran77 -DMPIF2C -Zp8 -zero -traceback -DMPI2 -shared-intel -O2 -msse3 -axcore-avx2,core-avx-i -I../../../../sia/include -I../aces2/include -I$MPIHOME/include  oed__delta_e0_pcgto_aeqb_block.F 1>>make.out 2>>make.err
mpif77 -c -D__fortran -D__fortran77 -DMPIF2C -Zp8 -zero -traceback -DMPI2 -shared-intel -O2 -msse3 -axcore-avx2,core-avx-i -I../../../../sia/include -I../aces2/include -I$MPIHOME/include  oed__efield_cstgo.f 1>>make.out 2>>make.err
mpif77 -c -D__fortran -D__fortran77 -DMPIF2C -Zp8 -zero -traceback -DMPI2 -shared-intel -O2 -msse3 -axcore-avx2,core-avx-i -I../../../../sia/include -I../aces2/include -I$MPIHOME/include  oed__efield_derv_3cen_pcgto_block.f 1>>make.out 2>>make.err
mpif77 -c -D__fortran -D__fortran77 -DMPIF2C -Zp8 -zero -traceback -DMPI2 -shared-intel -O2 -msse3 -axcore-avx2,core-avx-i -I../../../../sia/include -I../aces2/include -I$MPIHOME/include  oed__gener_efield_batch.f 1>>make.out 2>>make.err
mpif77 -c -D__fortran -D__fortran77 -DMPIF2C -Zp8 -zero -traceback -DMPI2 -shared-intel -O2 -msse3 -axcore-avx2,core-avx-i -I../../../../sia/include -I../aces2/include -I$MPIHOME/include  oed__efield_1d_shderv_integrals.f 1>>make.out 2>>make.err
mpif77 -c -D__fortran -D__fortran77 -DMPIF2C -Zp8 -zero -traceback -DMPI2 -shared-intel -O2 -msse3 -axcore-avx2,core-avx-i -I../../../../sia/include -I../aces2/include -I$MPIHOME/include  oed__gener_dshield_batch.f 1>>make.out 2>>make.err
mpif77 -c -D__fortran -D__fortran77 -DMPIF2C -Zp8 -zero -traceback -DMPI2 -shared-intel -O2 -msse3 -axcore-avx2,core-avx-i -I../../../../sia/include -I../aces2/include -I$MPIHOME/include  oed__efield_set_derv_ab.f 1>>make.out 2>>make.err
ar rv libprop_intslib.a oed__soi_csgtoYZ.o erd__soi_csgto_yx.o oed__delta_set_ab.o print_tcints.o oed__delta_e0_pcgto_ba_block.o oed__soi_csgtoYX.o erd__soi_csgto_xy.o oed__soi_csgtozx.o print_cints.o oed__soi_csgtoXZ.o oed__soi_csgtoZY.o oed__soi_3cen_pcgto_blockyx.o oed__soi_3cen_pcgto_blockxz.o erd__soi_batch_xy.o oed__soi_batch.o oed__delta_e0_pcgto_ab_block.o oed__soi_batchXY.o erd__memory_soi_derv_csgto.o oed__delta_e0_def_blocks.o oed__soi_batchXZ.o oed__soi_batchZX.o oed__soi_3cen_pcgto_blockzx.o erd__soi_batch_yx.o oed__soi_set_derv_ijc_triples.o erd__soi_pcgto_block_yx.o erd__memory_eri_soi_derv_batch.o erd__soi_pcgto_blockxy.o oed__soi_3cen_pcgto_blockxy.o oed__gener_delta_batch.o oed__soi_batchYZ.o oed__delta_prepare_ctr.o set_lmn_delta.o oed__delta_set_ij_pairs.o oed__soi_batchYX.o oed__soi_3cen_pcgto_blockzy.o oed__soi_3cen_pcgto_blockyz.o erd__set_soi_derv_abcd.o erd__set_soi_abcd.o oed__soi_csgtoXY.o oed__soi_batchZY.o erd__soi_pcgto_block_xy.o oed__soi_set_ab.o oed__delta_csgto.o erd__soi_batch.o oed__delta_e0_pcgto_aeqb_block.o oed__efield_cstgo.o oed__efield_derv_3cen_pcgto_block.o oed__gener_efield_batch.o oed__efield_1d_shderv_integrals.o oed__gener_dshield_batch.o oed__efield_set_derv_ab.o 
r - oed__soi_csgtoYZ.o
r - erd__soi_csgto_yx.o
r - oed__delta_set_ab.o
r - print_tcints.o
r - oed__delta_e0_pcgto_ba_block.o
r - oed__soi_csgtoYX.o
r - erd__soi_csgto_xy.o
r - oed__soi_csgtozx.o
r - print_cints.o
r - oed__soi_csgtoXZ.o
r - oed__soi_csgtoZY.o
r - oed__soi_3cen_pcgto_blockyx.o
r - oed__soi_3cen_pcgto_blockxz.o
r - erd__soi_batch_xy.o
r - oed__soi_batch.o
r - oed__delta_e0_pcgto_ab_block.o
r - oed__soi_batchXY.o
r - erd__memory_soi_derv_csgto.o
r - oed__delta_e0_def_blocks.o
r - oed__soi_batchXZ.o
r - oed__soi_batchZX.o
r - oed__soi_3cen_pcgto_blockzx.o
r - erd__soi_batch_yx.o
r - oed__soi_set_derv_ijc_triples.o
r - erd__soi_pcgto_block_yx.o
r - erd__memory_eri_soi_derv_batch.o
r - erd__soi_pcgto_blockxy.o
r - oed__soi_3cen_pcgto_blockxy.o
r - oed__gener_delta_batch.o
r - oed__soi_batchYZ.o
r - oed__delta_prepare_ctr.o
r - set_lmn_delta.o
r - oed__delta_set_ij_pairs.o
r - oed__soi_batchYX.o
r - oed__soi_3cen_pcgto_blockzy.o
r - oed__soi_3cen_pcgto_blockyz.o
r - erd__set_soi_derv_abcd.o
r - erd__set_soi_abcd.o
r - oed__soi_csgtoXY.o
r - oed__soi_batchZY.o
r - erd__soi_pcgto_block_xy.o
r - oed__soi_set_ab.o
r - oed__delta_csgto.o
r - erd__soi_batch.o
r - oed__delta_e0_pcgto_aeqb_block.o
r - oed__efield_cstgo.o
r - oed__efield_derv_3cen_pcgto_block.o
r - oed__gener_efield_batch.o
r - oed__efield_1d_shderv_integrals.o
r - oed__gener_dshield_batch.o
r - oed__efield_set_derv_ab.o
cp libprop_intslib.a ../../../../../lib/libprop_ints.a
rm -f make.out make.err
gmake[5]: Leaving directory `/home/perera/Develop/TTU_devls/acesiii/src/aces/aces_library/special_directory/prop_ints'
gmake[5]: Entering directory `/home/perera/Develop/TTU_devls/acesiii/src/aces/aces_library/special_directory/erd'
rm -f make.out make.err
mpif77 -c -D__fortran -D__fortran77 -DMPIF2C -Zp8 -zero -traceback -DMPI2 -shared-intel -O2 -msse3 -axcore-avx2,core-avx-i -I../../../../sia/include -I../aces2/include -I$MPIHOME/include  erd__prepare_ctr.F 1>>make.out 2>>make.err
mpif77 -c -D__fortran -D__fortran77 -DMPIF2C -Zp8 -zero -traceback -DMPI2 -shared-intel -O2 -msse3 -axcore-avx2,core-avx-i -I../../../../sia/include -I../aces2/include -I$MPIHOME/include  erd__2d_dshieldzx_pq_integrals.f 1>>make.out 2>>make.err
mpif77 -c -D__fortran -D__fortran77 -DMPIF2C -Zp8 -zero -traceback -DMPI2 -shared-intel -O2 -msse3 -axcore-avx2,core-avx-i -I../../../../sia/include -I../aces2/include -I$MPIHOME/include  erd__derv_int2d_to_abc0.f 1>>make.out 2>>make.err
mpif77 -c -D__fortran -D__fortran77 -DMPIF2C -Zp8 -zero -traceback -DMPI2 -shared-intel -O2 -msse3 -axcore-avx2,core-avx-i -I../../../../sia/include -I../aces2/include -I$MPIHOME/include  erd__map_ijkl_to_ikjl.f 1>>make.out 2>>make.err
mpif77 -c -D__fortran -D__fortran77 -DMPIF2C -Zp8 -zero -traceback -DMPI2 -shared-intel -O2 -msse3 -axcore-avx2,core-avx-i -I../../../../sia/include -I../aces2/include -I$MPIHOME/include  erd__set_abcd.f 1>>make.out 2>>make.err
mpif77 -c -D__fortran -D__fortran77 -DMPIF2C -Zp8 -zero -traceback -DMPI2 -shared-intel -O2 -msse3 -axcore-avx2,core-avx-i -I../../../../sia/include -I../aces2/include -I$MPIHOME/include  erd__memory_1111_2dsh_csgto.f 1>>make.out 2>>make.err
mpif77 -c -D__fortran -D__fortran77 -DMPIF2C -Zp8 -zero -traceback -DMPI2 -shared-intel -O2 -msse3 -axcore-avx2,core-avx-i -I../../../../sia/include -I../aces2/include -I$MPIHOME/include  erd__gener_dshield_batch.f 1>>make.out 2>>make.err
mpif77 -c -D__fortran -D__fortran77 -DMPIF2C -Zp8 -zero -traceback -DMPI2 -shared-intel -O2 -msse3 -axcore-avx2,core-avx-i -I../../../../sia/include -I../aces2/include -I$MPIHOME/include  erd__gener_eri_batch.f 1>>make.out 2>>make.err
mpif77 -c -D__fortran -D__fortran77 -DMPIF2C -Zp8 -zero -traceback -DMPI2 -shared-intel -O2 -msse3 -axcore-avx2,core-avx-i -I../../../../sia/include -I../aces2/include -I$MPIHOME/include  erd__set_soi_derv_abcd.f 1>>make.out 2>>make.err
mpif77 -c -D__fortran -D__fortran77 -DMPIF2C -Zp8 -zero -traceback -DMPI2 -shared-intel -O2 -msse3 -axcore-avx2,core-avx-i -I../../../../sia/include -I../aces2/include -I$MPIHOME/include  erd__derv_int2d_to_abcd.f 1>>make.out 2>>make.err
mpif77 -c -D__fortran -D__fortran77 -DMPIF2C -Zp8 -zero -traceback -DMPI2 -shared-intel -O2 -msse3 -axcore-avx2,core-avx-i -I../../../../sia/include -I../aces2/include -I$MPIHOME/include  erd__2d_pq_integrals.f 1>>make.out 2>>make.err
mpif77 -c -D__fortran -D__fortran77 -DMPIF2C -Zp8 -zero -traceback -DMPI2 -shared-intel -O2 -msse3 -axcore-avx2,core-avx-i -I../../../../sia/include -I../aces2/include -I$MPIHOME/include  erd__1111_csgto.f 1>>make.out 2>>make.err
mpif77 -c -D__fortran -D__fortran77 -DMPIF2C -Zp8 -zero -traceback -DMPI2 -shared-intel -O2 -msse3 -axcore-avx2,core-avx-i -I../../../../sia/include -I../aces2/include -I$MPIHOME/include  erd__hrr_matrix.f 1>>make.out 2>>make.err
mpif77 -c -D__fortran -D__fortran77 -DMPIF2C -Zp8 -zero -traceback -DMPI2 -shared-intel -O2 -msse3 -axcore-avx2,core-avx-i -I../../../../sia/include -I../aces2/include -I$MPIHOME/include  erd__2d_dshieldzy_pq_integrals.f 1>>make.out 2>>make.err
mpif77 -c -D__fortran -D__fortran77 -DMPIF2C -Zp8 -zero -traceback -DMPI2 -shared-intel -O2 -msse3 -axcore-avx2,core-avx-i -I../../../../sia/include -I../aces2/include -I$MPIHOME/include  debug.f 1>>make.out 2>>make.err
mpif77 -c -D__fortran -D__fortran77 -DMPIF2C -Zp8 -zero -traceback -DMPI2 -shared-intel -O2 -msse3 -axcore-avx2,core-avx-i -I../../../../sia/include -I../aces2/include -I$MPIHOME/include  erd__2d_pq_qplus1_integrals.f 1>>make.out 2>>make.err
mpif77 -c -D__fortran -D__fortran77 -DMPIF2C -Zp8 -zero -traceback -DMPI2 -shared-intel -O2 -msse3 -axcore-avx2,core-avx-i -I../../../../sia/include -I../aces2/include -I$MPIHOME/include  erd__derv_int2d_to_a000.f 1>>make.out 2>>make.err
mpif77 -c -D__fortran -D__fortran77 -DMPIF2C -Zp8 -zero -traceback -DMPI2 -shared-intel -O2 -msse3 -axcore-avx2,core-avx-i -I../../../../sia/include -I../aces2/include -I$MPIHOME/include  erd__spherical_transform.f 1>>make.out 2>>make.err
mpif77 -c -D__fortran -D__fortran77 -DMPIF2C -Zp8 -zero -traceback -DMPI2 -shared-intel -O2 -msse3 -axcore-avx2,core-avx-i -I../../../../sia/include -I../aces2/include -I$MPIHOME/include  erd__2d_coefficients.f 1>>make.out 2>>make.err
mpif77 -c -D__fortran -D__fortran77 -DMPIF2C -Zp8 -zero -traceback -DMPI2 -shared-intel -O2 -msse3 -axcore-avx2,core-avx-i -I../../../../sia/include -I../aces2/include -I$MPIHOME/include  erd__set_ij_kl_pairs.f 1>>make.out 2>>make.err
mpif77 -c -D__fortran -D__fortran77 -DMPIF2C -Zp8 -zero -traceback -DMPI2 -shared-intel -O2 -msse3 -axcore-avx2,core-avx-i -I../../../../sia/include -I../aces2/include -I$MPIHOME/include  erd__set_dshield_abcd.f 1>>make.out 2>>make.err
mpif77 -c -D__fortran -D__fortran77 -DMPIF2C -Zp8 -zero -traceback -DMPI2 -shared-intel -O2 -msse3 -axcore-avx2,core-avx-i -I../../../../sia/include -I../aces2/include -I$MPIHOME/include  erd__2d_dshield_pq_integrals.f 1>>make.out 2>>make.err
mpif77 -c -D__fortran -D__fortran77 -DMPIF2C -Zp8 -zero -traceback -DMPI2 -shared-intel -O2 -msse3 -axcore-avx2,core-avx-i -I../../../../sia/include -I../aces2/include -I$MPIHOME/include  erd__2d_atom_dshieldzx_pq_integrals.f 1>>make.out 2>>make.err
mpif77 -c -D__fortran -D__fortran77 -DMPIF2C -Zp8 -zero -traceback -DMPI2 -shared-intel -O2 -msse3 -axcore-avx2,core-avx-i -I../../../../sia/include -I../aces2/include -I$MPIHOME/include  erd__e0f0_def_dshield_blocks.f 1>>make.out 2>>make.err
mpif77 -c -D__fortran -D__fortran77 -DMPIF2C -Zp8 -zero -traceback -DMPI2 -shared-intel -O2 -msse3 -axcore-avx2,core-avx-i -I../../../../sia/include -I../aces2/include -I$MPIHOME/include  erd__gener_eri_derv_batch.f 1>>make.out 2>>make.err
mpif77 -c -D__fortran -D__fortran77 -DMPIF2C -Zp8 -zero -traceback -DMPI2 -shared-intel -O2 -msse3 -axcore-avx2,core-avx-i -I../../../../sia/include -I../aces2/include -I$MPIHOME/include  erd__2d_atom_pq_qplus1_integrals.f 1>>make.out 2>>make.err
mpif77 -c -D__fortran -D__fortran77 -DMPIF2C -Zp8 -zero -traceback -DMPI2 -shared-intel -O2 -msse3 -axcore-avx2,core-avx-i -I../../../../sia/include -I../aces2/include -I$MPIHOME/include  erd__derv_def_blocks.f 1>>make.out 2>>make.err
mpif77 -c -D__fortran -D__fortran77 -DMPIF2C -Zp8 -zero -traceback -DMPI2 -shared-intel -O2 -msse3 -axcore-avx2,core-avx-i -I../../../../sia/include -I../aces2/include -I$MPIHOME/include  erd__2d_atom_dshieldzy_pq_integrals.f 1>>make.out 2>>make.err
mpif77 -c -D__fortran -D__fortran77 -DMPIF2C -Zp8 -zero -traceback -DMPI2 -shared-intel -O2 -msse3 -axcore-avx2,core-avx-i -I../../../../sia/include -I../aces2/include -I$MPIHOME/include  erd__print_batch.f 1>>make.out 2>>make.err
mpif77 -c -D__fortran -D__fortran77 -DMPIF2C -Zp8 -zero -traceback -DMPI2 -shared-intel -O2 -msse3 -axcore-avx2,core-avx-i -I../../../../sia/include -I../aces2/include -I$MPIHOME/include  erd__transpose_batch.f 1>>make.out 2>>make.err
mpif77 -c -D__fortran -D__fortran77 -DMPIF2C -Zp8 -zero -traceback -DMPI2 -shared-intel -O2 -msse3 -axcore-avx2,core-avx-i -I../../../../sia/include -I../aces2/include -I$MPIHOME/include  erd__2d_atom_dshield_pq_integrals.f 1>>make.out 2>>make.err
mpif77 -c -D__fortran -D__fortran77 -DMPIF2C -Zp8 -zero -traceback -DMPI2 -shared-intel -O2 -msse3 -axcore-avx2,core-avx-i -I../../../../sia/include -I../aces2/include -I$MPIHOME/include  erd__2d_dshieldyy_pq_integrals.f 1>>make.out 2>>make.err
mpif77 -c -D__fortran -D__fortran77 -DMPIF2C -Zp8 -zero -traceback -DMPI2 -shared-intel -O2 -msse3 -axcore-avx2,core-avx-i -I../../../../sia/include -I../aces2/include -I$MPIHOME/include  erd__2d_atom_dshieldxx_pq_integrals.f 1>>make.out 2>>make.err
mpif77 -c -D__fortran -D__fortran77 -DMPIF2C -Zp8 -zero -traceback -DMPI2 -shared-intel -O2 -msse3 -axcore-avx2,core-avx-i -I../../../../sia/include -I../aces2/include -I$MPIHOME/include  erd__2d_dshieldzz_pq_integrals.f 1>>make.out 2>>make.err
mpif77 -c -D__fortran -D__fortran77 -DMPIF2C -Zp8 -zero -traceback -DMPI2 -shared-intel -O2 -msse3 -axcore-avx2,core-avx-i -I../../../../sia/include -I../aces2/include -I$MPIHOME/include  erd__rys_x_roots_weights.f 1>>make.out 2>>make.err
mpif77 -c -D__fortran -D__fortran77 -DMPIF2C -Zp8 -zero -traceback -DMPI2 -shared-intel -O2 -msse3 -axcore-avx2,core-avx-i -I../../../../sia/include -I../aces2/include -I$MPIHOME/include  erd__xyz_to_ry_abcd.f 1>>make.out 2>>make.err
mpif77 -c -D__fortran -D__fortran77 -DMPIF2C -Zp8 -zero -traceback -DMPI2 -shared-intel -O2 -msse3 -axcore-avx2,core-avx-i -I../../../../sia/include -I../aces2/include -I$MPIHOME/include  erd__rys_2_roots_weights.f 1>>make.out 2>>make.err
mpif77 -c -D__fortran -D__fortran77 -DMPIF2C -Zp8 -zero -traceback -DMPI2 -shared-intel -O2 -msse3 -axcore-avx2,core-avx-i -I../../../../sia/include -I../aces2/include -I$MPIHOME/include  erd__2d_atom_dshieldzz_pq_integrals.f 1>>make.out 2>>make.err
mpif77 -c -D__fortran -D__fortran77 -DMPIF2C -Zp8 -zero -traceback -DMPI2 -shared-intel -O2 -msse3 -axcore-avx2,core-avx-i -I../../../../sia/include -I../aces2/include -I$MPIHOME/include  erd__ctr_1st_half.f 1>>make.out 2>>make.err
mpif77 -c -D__fortran -D__fortran77 -DMPIF2C -Zp8 -zero -traceback -DMPI2 -shared-intel -O2 -msse3 -axcore-avx2,core-avx-i -I../../../../sia/include -I../aces2/include -I$MPIHOME/include  erd__derv_csgto.f 1>>make.out 2>>make.err
mpif77 -c -D__fortran -D__fortran77 -DMPIF2C -Zp8 -zero -traceback -DMPI2 -shared-intel -O2 -msse3 -axcore-avx2,core-avx-i -I../../../../sia/include -I../aces2/include -I$MPIHOME/include  erd__ssss_pcgto_block.f 1>>make.out 2>>make.err
mpif77 -c -D__fortran -D__fortran77 -DMPIF2C -Zp8 -zero -traceback -DMPI2 -shared-intel -O2 -msse3 -axcore-avx2,core-avx-i -I../../../../sia/include -I../aces2/include -I$MPIHOME/include  erd__rys_1_roots_weights.f 1>>make.out 2>>make.err
mpif77 -c -D__fortran -D__fortran77 -DMPIF2C -Zp8 -zero -traceback -DMPI2 -shared-intel -O2 -msse3 -axcore-avx2,core-avx-i -I../../../../sia/include -I../aces2/include -I$MPIHOME/include  erd__cartesian_norms.f 1>>make.out 2>>make.err
mpif77 -c -D__fortran -D__fortran77 -DMPIF2C -Zp8 -zero -traceback -DMPI2 -shared-intel -O2 -msse3 -axcore-avx2,core-avx-i -I../../../../sia/include -I../aces2/include -I$MPIHOME/include  erd__csgto.f 1>>make.out 2>>make.err
mpif77 -c -D__fortran -D__fortran77 -DMPIF2C -Zp8 -zero -traceback -DMPI2 -shared-intel -O2 -msse3 -axcore-avx2,core-avx-i -I../../../../sia/include -I../aces2/include -I$MPIHOME/include  erd__memory_derv_csgto.f 1>>make.out 2>>make.err
mpif77 -c -D__fortran -D__fortran77 -DMPIF2C -Zp8 -zero -traceback -DMPI2 -shared-intel -O2 -msse3 -axcore-avx2,core-avx-i -I../../../../sia/include -I../aces2/include -I$MPIHOME/include  erd__atom_int2d_to_e0f0.f 1>>make.out 2>>make.err
mpif77 -c -D__fortran -D__fortran77 -DMPIF2C -Zp8 -zero -traceback -DMPI2 -shared-intel -O2 -msse3 -axcore-avx2,core-avx-i -I../../../../sia/include -I../aces2/include -I$MPIHOME/include  erd__move_ry.f 1>>make.out 2>>make.err
mpif77 -c -D__fortran -D__fortran77 -DMPIF2C -Zp8 -zero -traceback -DMPI2 -shared-intel -O2 -msse3 -axcore-avx2,core-avx-i -I../../../../sia/include -I../aces2/include -I$MPIHOME/include  erd__int2d_to_e0f0.f 1>>make.out 2>>make.err
mpif77 -c -D__fortran -D__fortran77 -DMPIF2C -Zp8 -zero -traceback -DMPI2 -shared-intel -O2 -msse3 -axcore-avx2,core-avx-i -I../../../../sia/include -I../aces2/include -I$MPIHOME/include  erd__e0f0_pcgto_block.f 1>>make.out 2>>make.err
mpif77 -c -D__fortran -D__fortran77 -DMPIF2C -Zp8 -zero -traceback -DMPI2 -shared-intel -O2 -msse3 -axcore-avx2,core-avx-i -I../../../../sia/include -I../aces2/include -I$MPIHOME/include  erd__ctr_rs_expand.f 1>>make.out 2>>make.err
mpif77 -c -D__fortran -D__fortran77 -DMPIF2C -Zp8 -zero -traceback -DMPI2 -shared-intel -O2 -msse3 -axcore-avx2,core-avx-i -I../../../../sia/include -I../aces2/include -I$MPIHOME/include  erd__hrr_step.f 1>>make.out 2>>make.err
mpif77 -c -D__fortran -D__fortran77 -DMPIF2C -Zp8 -zero -traceback -DMPI2 -shared-intel -O2 -msse3 -axcore-avx2,core-avx-i -I../../../../sia/include -I../aces2/include -I$MPIHOME/include  erd__ctr_4index_reorder.f 1>>make.out 2>>make.err
mpif77 -c -D__fortran -D__fortran77 -DMPIF2C -Zp8 -zero -traceback -DMPI2 -shared-intel -O2 -msse3 -axcore-avx2,core-avx-i -I../../../../sia/include -I../aces2/include -I$MPIHOME/include  erd__memory_2dsh_cstgo.f 1>>make.out 2>>make.err
mpif77 -c -D__fortran -D__fortran77 -DMPIF2C -Zp8 -zero -traceback -DMPI2 -shared-intel -O2 -msse3 -axcore-avx2,core-avx-i -I../../../../sia/include -I../aces2/include -I$MPIHOME/include  erd__pppp_pcgto_block.f 1>>make.out 2>>make.err
mpif77 -c -D__fortran -D__fortran77 -DMPIF2C -Zp8 -zero -traceback -DMPI2 -shared-intel -O2 -msse3 -axcore-avx2,core-avx-i -I../../../../sia/include -I../aces2/include -I$MPIHOME/include  erd__derv_int2d_to_e0c0.f 1>>make.out 2>>make.err
mpif77 -c -D__fortran -D__fortran77 -DMPIF2C -Zp8 -zero -traceback -DMPI2 -shared-intel -O2 -msse3 -axcore-avx2,core-avx-i -I../../../../sia/include -I../aces2/include -I$MPIHOME/include  erd__dshield_csgto.f 1>>make.out 2>>make.err
mpif77 -c -D__fortran -D__fortran77 -DMPIF2C -Zp8 -zero -traceback -DMPI2 -shared-intel -O2 -msse3 -axcore-avx2,core-avx-i -I../../../../sia/include -I../aces2/include -I$MPIHOME/include  erd__rys_4_roots_weights.f 1>>make.out 2>>make.err
mpif77 -c -D__fortran -D__fortran77 -DMPIF2C -Zp8 -zero -traceback -DMPI2 -shared-intel -O2 -msse3 -axcore-avx2,core-avx-i -I../../../../sia/include -I../aces2/include -I$MPIHOME/include  erd__2d_dshieldxx_pq_integrals.f 1>>make.out 2>>make.err
mpif77 -c -D__fortran -D__fortran77 -DMPIF2C -Zp8 -zero -traceback -DMPI2 -shared-intel -O2 -msse3 -axcore-avx2,core-avx-i -I../../../../sia/include -I../aces2/include -I$MPIHOME/include  erd__memory_dshield_batch.f 1>>make.out 2>>make.err
mpif77 -c -D__fortran -D__fortran77 -DMPIF2C -Zp8 -zero -traceback -DMPI2 -shared-intel -O2 -msse3 -axcore-avx2,core-avx-i -I../../../../sia/include -I../aces2/include -I$MPIHOME/include  erd__jnt2d_to_e0f0.f 1>>make.out 2>>make.err
mpif77 -c -D__fortran -D__fortran77 -DMPIF2C -Zp8 -zero -traceback -DMPI2 -shared-intel -O2 -msse3 -axcore-avx2,core-avx-i -I../../../../sia/include -I../aces2/include -I$MPIHOME/include  erd__2d_pcd_integrals.f 1>>make.out 2>>make.err
mpif77 -c -D__fortran -D__fortran77 -DMPIF2C -Zp8 -zero -traceback -DMPI2 -shared-intel -O2 -msse3 -axcore-avx2,core-avx-i -I../../../../sia/include -I../aces2/include -I$MPIHOME/include  erd__derv_int2d_to_e000.f 1>>make.out 2>>make.err
mpif77 -c -D__fortran -D__fortran77 -DMPIF2C -Zp8 -zero -traceback -DMPI2 -shared-intel -O2 -msse3 -axcore-avx2,core-avx-i -I../../../../sia/include -I../aces2/include -I$MPIHOME/include  erd__2d_atom_pq_integrals.f 1>>make.out 2>>make.err
mpif77 -c -D__fortran -D__fortran77 -DMPIF2C -Zp8 -zero -traceback -DMPI2 -shared-intel -O2 -msse3 -axcore-avx2,core-avx-i -I../../../../sia/include -I../aces2/include -I$MPIHOME/include  erd__xyz_to_ry_matrix.f 1>>make.out 2>>make.err
mpif77 -c -D__fortran -D__fortran77 -DMPIF2C -Zp8 -zero -traceback -DMPI2 -shared-intel -O2 -msse3 -axcore-avx2,core-avx-i -I../../../../sia/include -I../aces2/include -I$MPIHOME/include  erd__2d_dshieldxy_pq_integrals.f 1>>make.out 2>>make.err
mpif77 -c -D__fortran -D__fortran77 -DMPIF2C -Zp8 -zero -traceback -DMPI2 -shared-intel -O2 -msse3 -axcore-avx2,core-avx-i -I../../../../sia/include -I../aces2/include -I$MPIHOME/include  erd__jnt2d_to_e000.f 1>>make.out 2>>make.err
mpif77 -c -D__fortran -D__fortran77 -DMPIF2C -Zp8 -zero -traceback -DMPI2 -shared-intel -O2 -msse3 -axcore-avx2,core-avx-i -I../../../../sia/include -I../aces2/include -I$MPIHOME/include  erd__ctr_2nd_half_new.f 1>>make.out 2>>make.err
mpif77 -c -D__fortran -D__fortran77 -DMPIF2C -Zp8 -zero -traceback -DMPI2 -shared-intel -O2 -msse3 -axcore-avx2,core-avx-i -I../../../../sia/include -I../aces2/include -I$MPIHOME/include  erd__2d_derv_abcd_integrals.f 1>>make.out 2>>make.err
mpif77 -c -D__fortran -D__fortran77 -DMPIF2C -Zp8 -zero -traceback -DMPI2 -shared-intel -O2 -msse3 -axcore-avx2,core-avx-i -I../../../../sia/include -I../aces2/include -I$MPIHOME/include  erd__e0f0_pcgto_dshield_block.f 1>>make.out 2>>make.err
mpif77 -c -D__fortran -D__fortran77 -DMPIF2C -Zp8 -zero -traceback -DMPI2 -shared-intel -O2 -msse3 -axcore-avx2,core-avx-i -I../../../../sia/include -I../aces2/include -I$MPIHOME/include  erd__1111_def_blocks.f 1>>make.out 2>>make.err
mpif77 -c -D__fortran -D__fortran77 -DMPIF2C -Zp8 -zero -traceback -DMPI2 -shared-intel -O2 -msse3 -axcore-avx2,core-avx-i -I../../../../sia/include -I../aces2/include -I$MPIHOME/include  erd__int2d_to_e000.f 1>>make.out 2>>make.err
mpif77 -c -D__fortran -D__fortran77 -DMPIF2C -Zp8 -zero -traceback -DMPI2 -shared-intel -O2 -msse3 -axcore-avx2,core-avx-i -I../../../../sia/include -I../aces2/include -I$MPIHOME/include  erd__sssp_pcgto_block.f 1>>make.out 2>>make.err
mpif77 -c -D__fortran -D__fortran77 -DMPIF2C -Zp8 -zero -traceback -DMPI2 -shared-intel -O2 -msse3 -axcore-avx2,core-avx-i -I../../../../sia/include -I../aces2/include -I$MPIHOME/include  erd__memory_csgto.f 1>>make.out 2>>make.err
mpif77 -c -D__fortran -D__fortran77 -DMPIF2C -Zp8 -zero -traceback -DMPI2 -shared-intel -O2 -msse3 -axcore-avx2,core-avx-i -I../../../../sia/include -I../aces2/include -I$MPIHOME/include  erd__rys_3_roots_weights.f 1>>make.out 2>>make.err
mpif77 -c -D__fortran -D__fortran77 -DMPIF2C -Zp8 -zero -traceback -DMPI2 -shared-intel -O2 -msse3 -axcore-avx2,core-avx-i -I../../../../sia/include -I../aces2/include -I$MPIHOME/include  erd__dsqmin_line_segments.f 1>>make.out 2>>make.err
mpif77 -c -D__fortran -D__fortran77 -DMPIF2C -Zp8 -zero -traceback -DMPI2 -shared-intel -O2 -msse3 -axcore-avx2,core-avx-i -I../../../../sia/include -I../aces2/include -I$MPIHOME/include  erd__2d_atom_dshieldxy_pq_integrals.f 1>>make.out 2>>make.err
mpif77 -c -D__fortran -D__fortran77 -DMPIF2C -Zp8 -zero -traceback -DMPI2 -shared-intel -O2 -msse3 -axcore-avx2,core-avx-i -I../../../../sia/include -I../aces2/include -I$MPIHOME/include  erd__memory_soi_derv_csgto.f 1>>make.out 2>>make.err
mpif77 -c -D__fortran -D__fortran77 -DMPIF2C -Zp8 -zero -traceback -DMPI2 -shared-intel -O2 -msse3 -axcore-avx2,core-avx-i -I../../../../sia/include -I../aces2/include -I$MPIHOME/include  erd__set_derv_sequence.f 1>>make.out 2>>make.err
mpif77 -c -D__fortran -D__fortran77 -DMPIF2C -Zp8 -zero -traceback -DMPI2 -shared-intel -O2 -msse3 -axcore-avx2,core-avx-i -I../../../../sia/include -I../aces2/include -I$MPIHOME/include  erd__2d_dshieldxz_pq_integrals.f 1>>make.out 2>>make.err
mpif77 -c -D__fortran -D__fortran77 -DMPIF2C -Zp8 -zero -traceback -DMPI2 -shared-intel -O2 -msse3 -axcore-avx2,core-avx-i -I../../../../sia/include -I../aces2/include -I$MPIHOME/include  erd__atom_jnt2dds_to_e0f0.f 1>>make.out 2>>make.err
mpif77 -c -D__fortran -D__fortran77 -DMPIF2C -Zp8 -zero -traceback -DMPI2 -shared-intel -O2 -msse3 -axcore-avx2,core-avx-i -I../../../../sia/include -I../aces2/include -I$MPIHOME/include  erd__e0f0_def_blocks.f 1>>make.out 2>>make.err
mpif77 -c -D__fortran -D__fortran77 -DMPIF2C -Zp8 -zero -traceback -DMPI2 -shared-intel -O2 -msse3 -axcore-avx2,core-avx-i -I../../../../sia/include -I../aces2/include -I$MPIHOME/include  erd__2d_dshieldyx_pq_integrals.f 1>>make.out 2>>make.err
mpif77 -c -D__fortran -D__fortran77 -DMPIF2C -Zp8 -zero -traceback -DMPI2 -shared-intel -O2 -msse3 -axcore-avx2,core-avx-i -I../../../../sia/include -I../aces2/include -I$MPIHOME/include  erd__ctr_2nd_half_update.f 1>>make.out 2>>make.err
mpif77 -c -D__fortran -D__fortran77 -DMPIF2C -Zp8 -zero -traceback -DMPI2 -shared-intel -O2 -msse3 -axcore-avx2,core-avx-i -I../../../../sia/include -I../aces2/include -I$MPIHOME/include  erd__rys_roots_weights.f 1>>make.out 2>>make.err
mpif77 -c -D__fortran -D__fortran77 -DMPIF2C -Zp8 -zero -traceback -DMPI2 -shared-intel -O2 -msse3 -axcore-avx2,core-avx-i -I../../../../sia/include -I../aces2/include -I$MPIHOME/include  erd__memory_soi_derv_batch.f 1>>make.out 2>>make.err
mpif77 -c -D__fortran -D__fortran77 -DMPIF2C -Zp8 -zero -traceback -DMPI2 -shared-intel -O2 -msse3 -axcore-avx2,core-avx-i -I../../../../sia/include -I../aces2/include -I$MPIHOME/include  erd__2d_atom_dshieldyx_pq_integrals.f 1>>make.out 2>>make.err
mpif77 -c -D__fortran -D__fortran77 -DMPIF2C -Zp8 -zero -traceback -DMPI2 -shared-intel -O2 -msse3 -axcore-avx2,core-avx-i -I../../../../sia/include -I../aces2/include -I$MPIHOME/include  erd__memory_dshield_csgto.f 1>>make.out 2>>make.err
mpif77 -c -D__fortran -D__fortran77 -DMPIF2C -Zp8 -zero -traceback -DMPI2 -shared-intel -O2 -msse3 -axcore-avx2,core-avx-i -I../../../../sia/include -I../aces2/include -I$MPIHOME/include  erd__2d_atom_dshieldxz_pq_integrals.f 1>>make.out 2>>make.err
mpif77 -c -D__fortran -D__fortran77 -DMPIF2C -Zp8 -zero -traceback -DMPI2 -shared-intel -O2 -msse3 -axcore-avx2,core-avx-i -I../../../../sia/include -I../aces2/include -I$MPIHOME/include  erd__2d_atom_dshieldyy_pq_integrals.f 1>>make.out 2>>make.err
mpif77 -c -D__fortran -D__fortran77 -DMPIF2C -Zp8 -zero -traceback -DMPI2 -shared-intel -O2 -msse3 -axcore-avx2,core-avx-i -I../../../../sia/include -I../aces2/include -I$MPIHOME/include  erd__derv_pcgto_block.f 1>>make.out 2>>make.err
mpif77 -c -D__fortran -D__fortran77 -DMPIF2C -Zp8 -zero -traceback -DMPI2 -shared-intel -O2 -msse3 -axcore-avx2,core-avx-i -I../../../../sia/include -I../aces2/include -I$MPIHOME/include  erd__2d_derv_pcd_integrals.f 1>>make.out 2>>make.err
mpif77 -c -D__fortran -D__fortran77 -DMPIF2C -Zp8 -zero -traceback -DMPI2 -shared-intel -O2 -msse3 -axcore-avx2,core-avx-i -I../../../../sia/include -I../aces2/include -I$MPIHOME/include  erd__memory_eri_batch.f 1>>make.out 2>>make.err
mpif77 -c -D__fortran -D__fortran77 -DMPIF2C -Zp8 -zero -traceback -DMPI2 -shared-intel -O2 -msse3 -axcore-avx2,core-avx-i -I../../../../sia/include -I../aces2/include -I$MPIHOME/include  erd__memory_eri_derv_batch.f 1>>make.out 2>>make.err
mpif77 -c -D__fortran -D__fortran77 -DMPIF2C -Zp8 -zero -traceback -DMPI2 -shared-intel -O2 -msse3 -axcore-avx2,core-avx-i -I../../../../sia/include -I../aces2/include -I$MPIHOME/include  erd__memory_2dsh_batch.f 1>>make.out 2>>make.err
mpif77 -c -D__fortran -D__fortran77 -DMPIF2C -Zp8 -zero -traceback -DMPI2 -shared-intel -O2 -msse3 -axcore-avx2,core-avx-i -I../../../../sia/include -I../aces2/include -I$MPIHOME/include  erd__2d_abcd_integrals.f 1>>make.out 2>>make.err
mpif77 -c -D__fortran -D__fortran77 -DMPIF2C -Zp8 -zero -traceback -DMPI2 -shared-intel -O2 -msse3 -axcore-avx2,core-avx-i -I../../../../sia/include -I../aces2/include -I$MPIHOME/include  erd__memory_1111_csgto.f 1>>make.out 2>>make.err
mpif77 -c -D__fortran -D__fortran77 -DMPIF2C -Zp8 -zero -traceback -DMPI2 -shared-intel -O2 -msse3 -axcore-avx2,core-avx-i -I../../../../sia/include -I../aces2/include -I$MPIHOME/include  erd__ctr_tu_expand.f 1>>make.out 2>>make.err
mpif77 -c -D__fortran -D__fortran77 -DMPIF2C -Zp8 -zero -traceback -DMPI2 -shared-intel -O2 -msse3 -axcore-avx2,core-avx-i -I../../../../sia/include -I../aces2/include -I$MPIHOME/include  erd__2d_dshieldyz_pq_integrals.f 1>>make.out 2>>make.err
mpif77 -c -D__fortran -D__fortran77 -DMPIF2C -Zp8 -zero -traceback -DMPI2 -shared-intel -O2 -msse3 -axcore-avx2,core-avx-i -I../../../../sia/include -I../aces2/include -I$MPIHOME/include  erd__2d_atom_coefficients.f 1>>make.out 2>>make.err
mpif77 -c -D__fortran -D__fortran77 -DMPIF2C -Zp8 -zero -traceback -DMPI2 -shared-intel -O2 -msse3 -axcore-avx2,core-avx-i -I../../../../sia/include -I../aces2/include -I$MPIHOME/include  erd__ctr_4index_block.f 1>>make.out 2>>make.err
mpif77 -c -D__fortran -D__fortran77 -DMPIF2C -Zp8 -zero -traceback -DMPI2 -shared-intel -O2 -msse3 -axcore-avx2,core-avx-i -I../../../../sia/include -I../aces2/include -I$MPIHOME/include  erd__derv_int2d_to_ab00.f 1>>make.out 2>>make.err
mpif77 -c -D__fortran -D__fortran77 -DMPIF2C -Zp8 -zero -traceback -DMPI2 -shared-intel -O2 -msse3 -axcore-avx2,core-avx-i -I../../../../sia/include -I../aces2/include -I$MPIHOME/include  erd__2d_atom_dshieldyz_pq_integrals.f 1>>make.out 2>>make.err
mpif77 -c -D__fortran -D__fortran77 -DMPIF2C -Zp8 -zero -traceback -DMPI2 -shared-intel -O2 -msse3 -axcore-avx2,core-avx-i -I../../../../sia/include -I../aces2/include -I$MPIHOME/include  erd__derv_int2d_to_e0cd.f 1>>make.out 2>>make.err
mpif77 -c -D__fortran -D__fortran77 -DMPIF2C -Zp8 -zero -traceback -DMPI2 -shared-intel -O2 -msse3 -axcore-avx2,core-avx-i -I../../../../sia/include -I../aces2/include -I$MPIHOME/include  erd__atom_jnt2dds_to_e000.f 1>>make.out 2>>make.err
mpif77 -c -D__fortran -D__fortran77 -DMPIF2C -Zp8 -zero -traceback -DMPI2 -shared-intel -O2 -msse3 -axcore-avx2,core-avx-i -I../../../../sia/include -I../aces2/include -I$MPIHOME/include  erd__sspp_pcgto_block.f 1>>make.out 2>>make.err
mpif77 -c -D__fortran -D__fortran77 -DMPIF2C -Zp8 -zero -traceback -DMPI2 -shared-intel -O2 -msse3 -axcore-avx2,core-avx-i -I../../../../sia/include -I../aces2/include -I$MPIHOME/include  erd__memory_hrr_correction.f 1>>make.out 2>>make.err
mpif77 -c -D__fortran -D__fortran77 -DMPIF2C -Zp8 -zero -traceback -DMPI2 -shared-intel -O2 -msse3 -axcore-avx2,core-avx-i -I../../../../sia/include -I../aces2/include -I$MPIHOME/include  erd__atom_int2d_to_e000.f 1>>make.out 2>>make.err
mpif77 -c -D__fortran -D__fortran77 -DMPIF2C -Zp8 -zero -traceback -DMPI2 -shared-intel -O2 -msse3 -axcore-avx2,core-avx-i -I../../../../sia/include -I../aces2/include -I$MPIHOME/include  erd__derv_int2d_to_0000.f 1>>make.out 2>>make.err
mpif77 -c -D__fortran -D__fortran77 -DMPIF2C -Zp8 -zero -traceback -DMPI2 -shared-intel -O2 -msse3 -axcore-avx2,core-avx-i -I../../../../sia/include -I../aces2/include -I$MPIHOME/include  erd__normalize_cartesian.f 1>>make.out 2>>make.err
mpif77 -c -D__fortran -D__fortran77 -DMPIF2C -Zp8 -zero -traceback -DMPI2 -shared-intel -O2 -msse3 -axcore-avx2,core-avx-i -I../../../../sia/include -I../aces2/include -I$MPIHOME/include  erd__hrr_transform.f 1>>make.out 2>>make.err
mpif77 -c -D__fortran -D__fortran77 -DMPIF2C -Zp8 -zero -traceback -DMPI2 -shared-intel -O2 -msse3 -axcore-avx2,core-avx-i -I../../../../sia/include -I../aces2/include -I$MPIHOME/include  erd__rys_5_roots_weights.f 1>>make.out 2>>make.err
mpif77 -c -D__fortran -D__fortran77 -DMPIF2C -Zp8 -zero -traceback -DMPI2 -shared-intel -O2 -msse3 -axcore-avx2,core-avx-i -I../../../../sia/include -I../aces2/include -I$MPIHOME/include  erd__sppp_pcgto_block.f 1>>make.out 2>>make.err
mpif77 -c -D__fortran -D__fortran77 -DMPIF2C -Zp8 -zero -traceback -DMPI2 -shared-intel -O2 -msse3 -axcore-avx2,core-avx-i -I../../../../sia/include -I../aces2/include -I$MPIHOME/include  erd__set_derv_abcd.f 1>>make.out 2>>make.err
ar rv liberd.a erd__prepare_ctr.o erd__2d_dshieldzx_pq_integrals.o erd__derv_int2d_to_abc0.o erd__map_ijkl_to_ikjl.o erd__set_abcd.o erd__memory_1111_2dsh_csgto.o erd__gener_dshield_batch.o erd__gener_eri_batch.o erd__set_soi_derv_abcd.o erd__derv_int2d_to_abcd.o erd__2d_pq_integrals.o erd__1111_csgto.o erd__hrr_matrix.o erd__2d_dshieldzy_pq_integrals.o debug.o erd__2d_pq_qplus1_integrals.o erd__derv_int2d_to_a000.o erd__spherical_transform.o erd__2d_coefficients.o erd__set_ij_kl_pairs.o erd__set_dshield_abcd.o erd__2d_dshield_pq_integrals.o erd__2d_atom_dshieldzx_pq_integrals.o erd__e0f0_def_dshield_blocks.o erd__gener_eri_derv_batch.o erd__2d_atom_pq_qplus1_integrals.o erd__derv_def_blocks.o erd__2d_atom_dshieldzy_pq_integrals.o erd__print_batch.o erd__transpose_batch.o erd__2d_atom_dshield_pq_integrals.o erd__2d_dshieldyy_pq_integrals.o erd__2d_atom_dshieldxx_pq_integrals.o erd__2d_dshieldzz_pq_integrals.o erd__rys_x_roots_weights.o erd__xyz_to_ry_abcd.o erd__rys_2_roots_weights.o erd__2d_atom_dshieldzz_pq_integrals.o erd__ctr_1st_half.o erd__derv_csgto.o erd__ssss_pcgto_block.o erd__rys_1_roots_weights.o erd__cartesian_norms.o erd__csgto.o erd__memory_derv_csgto.o erd__atom_int2d_to_e0f0.o erd__move_ry.o erd__int2d_to_e0f0.o erd__e0f0_pcgto_block.o erd__ctr_rs_expand.o erd__hrr_step.o erd__ctr_4index_reorder.o erd__memory_2dsh_cstgo.o erd__pppp_pcgto_block.o erd__derv_int2d_to_e0c0.o erd__dshield_csgto.o erd__rys_4_roots_weights.o erd__2d_dshieldxx_pq_integrals.o erd__memory_dshield_batch.o erd__jnt2d_to_e0f0.o erd__2d_pcd_integrals.o erd__derv_int2d_to_e000.o erd__2d_atom_pq_integrals.o erd__xyz_to_ry_matrix.o erd__2d_dshieldxy_pq_integrals.o erd__jnt2d_to_e000.o erd__ctr_2nd_half_new.o erd__2d_derv_abcd_integrals.o erd__e0f0_pcgto_dshield_block.o erd__1111_def_blocks.o erd__int2d_to_e000.o erd__sssp_pcgto_block.o erd__memory_csgto.o erd__rys_3_roots_weights.o erd__dsqmin_line_segments.o erd__2d_atom_dshieldxy_pq_integrals.o erd__memory_soi_derv_csgto.o erd__set_derv_sequence.o erd__2d_dshieldxz_pq_integrals.o erd__atom_jnt2dds_to_e0f0.o erd__e0f0_def_blocks.o erd__2d_dshieldyx_pq_integrals.o erd__ctr_2nd_half_update.o erd__rys_roots_weights.o erd__memory_soi_derv_batch.o erd__2d_atom_dshieldyx_pq_integrals.o erd__memory_dshield_csgto.o erd__2d_atom_dshieldxz_pq_integrals.o erd__2d_atom_dshieldyy_pq_integrals.o erd__derv_pcgto_block.o erd__2d_derv_pcd_integrals.o erd__memory_eri_batch.o erd__memory_eri_derv_batch.o erd__memory_2dsh_batch.o erd__2d_abcd_integrals.o erd__memory_1111_csgto.o erd__ctr_tu_expand.o erd__2d_dshieldyz_pq_integrals.o erd__2d_atom_coefficients.o erd__ctr_4index_block.o erd__derv_int2d_to_ab00.o erd__2d_atom_dshieldyz_pq_integrals.o erd__derv_int2d_to_e0cd.o erd__atom_jnt2dds_to_e000.o erd__sspp_pcgto_block.o erd__memory_hrr_correction.o erd__atom_int2d_to_e000.o erd__derv_int2d_to_0000.o erd__normalize_cartesian.o erd__hrr_transform.o erd__rys_5_roots_weights.o erd__sppp_pcgto_block.o erd__set_derv_abcd.o 
ar: creating liberd.a
a - erd__prepare_ctr.o
a - erd__2d_dshieldzx_pq_integrals.o
a - erd__derv_int2d_to_abc0.o
a - erd__map_ijkl_to_ikjl.o
a - erd__set_abcd.o
a - erd__memory_1111_2dsh_csgto.o
a - erd__gener_dshield_batch.o
a - erd__gener_eri_batch.o
a - erd__set_soi_derv_abcd.o
a - erd__derv_int2d_to_abcd.o
a - erd__2d_pq_integrals.o
a - erd__1111_csgto.o
a - erd__hrr_matrix.o
a - erd__2d_dshieldzy_pq_integrals.o
a - debug.o
a - erd__2d_pq_qplus1_integrals.o
a - erd__derv_int2d_to_a000.o
a - erd__spherical_transform.o
a - erd__2d_coefficients.o
a - erd__set_ij_kl_pairs.o
a - erd__set_dshield_abcd.o
a - erd__2d_dshield_pq_integrals.o
a - erd__2d_atom_dshieldzx_pq_integrals.o
a - erd__e0f0_def_dshield_blocks.o
a - erd__gener_eri_derv_batch.o
a - erd__2d_atom_pq_qplus1_integrals.o
a - erd__derv_def_blocks.o
a - erd__2d_atom_dshieldzy_pq_integrals.o
a - erd__print_batch.o
a - erd__transpose_batch.o
a - erd__2d_atom_dshield_pq_integrals.o
a - erd__2d_dshieldyy_pq_integrals.o
a - erd__2d_atom_dshieldxx_pq_integrals.o
a - erd__2d_dshieldzz_pq_integrals.o
a - erd__rys_x_roots_weights.o
a - erd__xyz_to_ry_abcd.o
a - erd__rys_2_roots_weights.o
a - erd__2d_atom_dshieldzz_pq_integrals.o
a - erd__ctr_1st_half.o
a - erd__derv_csgto.o
a - erd__ssss_pcgto_block.o
a - erd__rys_1_roots_weights.o
a - erd__cartesian_norms.o
a - erd__csgto.o
a - erd__memory_derv_csgto.o
a - erd__atom_int2d_to_e0f0.o
a - erd__move_ry.o
a - erd__int2d_to_e0f0.o
a - erd__e0f0_pcgto_block.o
a - erd__ctr_rs_expand.o
a - erd__hrr_step.o
a - erd__ctr_4index_reorder.o
a - erd__memory_2dsh_cstgo.o
a - erd__pppp_pcgto_block.o
a - erd__derv_int2d_to_e0c0.o
a - erd__dshield_csgto.o
a - erd__rys_4_roots_weights.o
a - erd__2d_dshieldxx_pq_integrals.o
a - erd__memory_dshield_batch.o
a - erd__jnt2d_to_e0f0.o
a - erd__2d_pcd_integrals.o
a - erd__derv_int2d_to_e000.o
a - erd__2d_atom_pq_integrals.o
a - erd__xyz_to_ry_matrix.o
a - erd__2d_dshieldxy_pq_integrals.o
a - erd__jnt2d_to_e000.o
a - erd__ctr_2nd_half_new.o
a - erd__2d_derv_abcd_integrals.o
a - erd__e0f0_pcgto_dshield_block.o
a - erd__1111_def_blocks.o
a - erd__int2d_to_e000.o
a - erd__sssp_pcgto_block.o
a - erd__memory_csgto.o
a - erd__rys_3_roots_weights.o
a - erd__dsqmin_line_segments.o
a - erd__2d_atom_dshieldxy_pq_integrals.o
a - erd__memory_soi_derv_csgto.o
a - erd__set_derv_sequence.o
a - erd__2d_dshieldxz_pq_integrals.o
a - erd__atom_jnt2dds_to_e0f0.o
a - erd__e0f0_def_blocks.o
a - erd__2d_dshieldyx_pq_integrals.o
a - erd__ctr_2nd_half_update.o
a - erd__rys_roots_weights.o
a - erd__memory_soi_derv_batch.o
a - erd__2d_atom_dshieldyx_pq_integrals.o
a - erd__memory_dshield_csgto.o
a - erd__2d_atom_dshieldxz_pq_integrals.o
a - erd__2d_atom_dshieldyy_pq_integrals.o
a - erd__derv_pcgto_block.o
a - erd__2d_derv_pcd_integrals.o
a - erd__memory_eri_batch.o
a - erd__memory_eri_derv_batch.o
a - erd__memory_2dsh_batch.o
a - erd__2d_abcd_integrals.o
a - erd__memory_1111_csgto.o
a - erd__ctr_tu_expand.o
a - erd__2d_dshieldyz_pq_integrals.o
a - erd__2d_atom_coefficients.o
a - erd__ctr_4index_block.o
a - erd__derv_int2d_to_ab00.o
a - erd__2d_atom_dshieldyz_pq_integrals.o
a - erd__derv_int2d_to_e0cd.o
a - erd__atom_jnt2dds_to_e000.o
a - erd__sspp_pcgto_block.o
a - erd__memory_hrr_correction.o
a - erd__atom_int2d_to_e000.o
a - erd__derv_int2d_to_0000.o
a - erd__normalize_cartesian.o
a - erd__hrr_transform.o
a - erd__rys_5_roots_weights.o
a - erd__sppp_pcgto_block.o
a - erd__set_derv_abcd.o
cp liberd.a ../../../../../lib/liberd.a
rm -f make.out make.err
gmake[5]: Leaving directory `/home/perera/Develop/TTU_devls/acesiii/src/aces/aces_library/special_directory/erd'
gmake[5]: Entering directory `/home/perera/Develop/TTU_devls/acesiii/src/aces/aces_library/special_directory/oed'
rm -f make.out make.err
mpif77 -c -D__fortran -D__fortran77 -DMPIF2C -Zp8 -zero -traceback -DMPI2 -shared-intel -O2 -msse3 -axcore-avx2,core-avx-i -I../../../../sia/include -I../aces2/include -I$MPIHOME/include  oed__ovl3c_prepare_ctr.F 1>>make.out 2>>make.err
mpif77 -c -D__fortran -D__fortran77 -DMPIF2C -Zp8 -zero -traceback -DMPI2 -shared-intel -O2 -msse3 -axcore-avx2,core-avx-i -I../../../../sia/include -I../aces2/include -I$MPIHOME/include  oed__ovl_prepare_ctr.F 1>>make.out 2>>make.err
mpif77 -c -D__fortran -D__fortran77 -DMPIF2C -Zp8 -zero -traceback -DMPI2 -shared-intel -O2 -msse3 -axcore-avx2,core-avx-i -I../../../../sia/include -I../aces2/include -I$MPIHOME/include  oed__kin_prepare_ctr.f 1>>make.out 2>>make.err
mpif77 -c -D__fortran -D__fortran77 -DMPIF2C -Zp8 -zero -traceback -DMPI2 -shared-intel -O2 -msse3 -axcore-avx2,core-avx-i -I../../../../sia/include -I../aces2/include -I$MPIHOME/include  oed__nai_prepare_ctr.F 1>>make.out 2>>make.err
mpif77 -c -D__fortran -D__fortran77 -DMPIF2C -Zp8 -zero -traceback -DMPI2 -shared-intel -O2 -msse3 -axcore-avx2,core-avx-i -I../../../../sia/include -I../aces2/include -I$MPIHOME/include  oed__xyz_1d_ovl_mom_ab_integrals.f 1>>make.out 2>>make.err
mpif77 -c -D__fortran -D__fortran77 -DMPIF2C -Zp8 -zero -traceback -DMPI2 -shared-intel -O2 -msse3 -axcore-avx2,core-avx-i -I../../../../sia/include -I../aces2/include -I$MPIHOME/include  oed__pvp_csgto.f 1>>make.out 2>>make.err
mpif77 -c -D__fortran -D__fortran77 -DMPIF2C -Zp8 -zero -traceback -DMPI2 -shared-intel -O2 -msse3 -axcore-avx2,core-avx-i -I../../../../sia/include -I../aces2/include -I$MPIHOME/include  oed__gener_ovl3c_batch.f 1>>make.out 2>>make.err
mpif77 -c -D__fortran -D__fortran77 -DMPIF2C -Zp8 -zero -traceback -DMPI2 -shared-intel -O2 -msse3 -axcore-avx2,core-avx-i -I../../../../sia/include -I../aces2/include -I$MPIHOME/include  oed__rys_roots_weights.f 1>>make.out 2>>make.err
mpif77 -c -D__fortran -D__fortran77 -DMPIF2C -Zp8 -zero -traceback -DMPI2 -shared-intel -O2 -msse3 -axcore-avx2,core-avx-i -I../../../../sia/include -I../aces2/include -I$MPIHOME/include  oed__transpose_batch.f 1>>make.out 2>>make.err
mpif77 -c -D__fortran -D__fortran77 -DMPIF2C -Zp8 -zero -traceback -DMPI2 -shared-intel -O2 -msse3 -axcore-avx2,core-avx-i -I../../../../sia/include -I../aces2/include -I$MPIHOME/include  oed__ovl_derv_int1d_to_ab.f 1>>make.out 2>>make.err
mpif77 -c -D__fortran -D__fortran77 -DMPIF2C -Zp8 -zero -traceback -DMPI2 -shared-intel -O2 -msse3 -axcore-avx2,core-avx-i -I../../../../sia/include -I../aces2/include -I$MPIHOME/include  oed__nai_derv_2cen_pcgto_block.f 1>>make.out 2>>make.err
mpif77 -c -D__fortran -D__fortran77 -DMPIF2C -Zp8 -zero -traceback -DMPI2 -shared-intel -O2 -msse3 -axcore-avx2,core-avx-i -I../../../../sia/include -I../aces2/include -I$MPIHOME/include  oed__memory_kin_batch.f 1>>make.out 2>>make.err
mpif77 -c -D__fortran -D__fortran77 -DMPIF2C -Zp8 -zero -traceback -DMPI2 -shared-intel -O2 -msse3 -axcore-avx2,core-avx-i -I../../../../sia/include -I../aces2/include -I$MPIHOME/include  oed__print_2ind_batch.f 1>>make.out 2>>make.err
mpif77 -c -D__fortran -D__fortran77 -DMPIF2C -Zp8 -zero -traceback -DMPI2 -shared-intel -O2 -msse3 -axcore-avx2,core-avx-i -I../../../../sia/include -I../aces2/include -I$MPIHOME/include  oed__nai_set_derv_ab.f 1>>make.out 2>>make.err
mpif77 -c -D__fortran -D__fortran77 -DMPIF2C -Zp8 -zero -traceback -DMPI2 -shared-intel -O2 -msse3 -axcore-avx2,core-avx-i -I../../../../sia/include -I../aces2/include -I$MPIHOME/include  oed__nai_derv_def_blocks.f 1>>make.out 2>>make.err
mpif77 -c -D__fortran -D__fortran77 -DMPIF2C -Zp8 -zero -traceback -DMPI2 -shared-intel -O2 -msse3 -axcore-avx2,core-avx-i -I../../../../sia/include -I../aces2/include -I$MPIHOME/include  oed__rys_3_roots_weights.f 1>>make.out 2>>make.err
mpif77 -c -D__fortran -D__fortran77 -DMPIF2C -Zp8 -zero -traceback -DMPI2 -shared-intel -O2 -msse3 -axcore-avx2,core-avx-i -I../../../../sia/include -I../aces2/include -I$MPIHOME/include  oed__nai_derv_int1d_to_a0.f 1>>make.out 2>>make.err
mpif77 -c -D__fortran -D__fortran77 -DMPIF2C -Zp8 -zero -traceback -DMPI2 -shared-intel -O2 -msse3 -axcore-avx2,core-avx-i -I../../../../sia/include -I../aces2/include -I$MPIHOME/include  oed__ctr_3index_block.f 1>>make.out 2>>make.err
mpif77 -c -D__fortran -D__fortran77 -DMPIF2C -Zp8 -zero -traceback -DMPI2 -shared-intel -O2 -msse3 -axcore-avx2,core-avx-i -I../../../../sia/include -I../aces2/include -I$MPIHOME/include  oed__gener_nai_derv_batch.f 1>>make.out 2>>make.err
mpif77 -c -D__fortran -D__fortran77 -DMPIF2C -Zp8 -zero -traceback -DMPI2 -shared-intel -O2 -msse3 -axcore-avx2,core-avx-i -I../../../../sia/include -I../aces2/include -I$MPIHOME/include  oed__xyz_e0_def_blocks.f 1>>make.out 2>>make.err
mpif77 -c -D__fortran -D__fortran77 -DMPIF2C -Zp8 -zero -traceback -DMPI2 -shared-intel -O2 -msse3 -axcore-avx2,core-avx-i -I../../../../sia/include -I../aces2/include -I$MPIHOME/include  oed__rys_4_roots_weights.f 1>>make.out 2>>make.err
mpif77 -c -D__fortran -D__fortran77 -DMPIF2C -Zp8 -zero -traceback -DMPI2 -shared-intel -O2 -msse3 -axcore-avx2,core-avx-i -I../../../../sia/include -I../aces2/include -I$MPIHOME/include  oed__kin_ab_def_blocks.f 1>>make.out 2>>make.err
mpif77 -c -D__fortran -D__fortran77 -DMPIF2C -Zp8 -zero -traceback -DMPI2 -shared-intel -O2 -msse3 -axcore-avx2,core-avx-i -I../../../../sia/include -I../aces2/include -I$MPIHOME/include  oed__gener_nai_batch.f 1>>make.out 2>>make.err
mpif77 -c -D__fortran -D__fortran77 -DMPIF2C -Zp8 -zero -traceback -DMPI2 -shared-intel -O2 -msse3 -axcore-avx2,core-avx-i -I../../../../sia/include -I../aces2/include -I$MPIHOME/include  oed__ovl_1d_ab_integrals.f 1>>make.out 2>>make.err
mpif77 -c -D__fortran -D__fortran77 -DMPIF2C -Zp8 -zero -traceback -DMPI2 -shared-intel -O2 -msse3 -axcore-avx2,core-avx-i -I../../../../sia/include -I../aces2/include -I$MPIHOME/include  oed__memory_nai_csgto.f 1>>make.out 2>>make.err
mpif77 -c -D__fortran -D__fortran77 -DMPIF2C -Zp8 -zero -traceback -DMPI2 -shared-intel -O2 -msse3 -axcore-avx2,core-avx-i -I../../../../sia/include -I../aces2/include -I$MPIHOME/include  oed__nai_1d_cenderv_integrals.f 1>>make.out 2>>make.err
mpif77 -c -D__fortran -D__fortran77 -DMPIF2C -Zp8 -zero -traceback -DMPI2 -shared-intel -O2 -msse3 -axcore-avx2,core-avx-i -I../../../../sia/include -I../aces2/include -I$MPIHOME/include  oed__ovl_set_derv_sequence.f 1>>make.out 2>>make.err
mpif77 -c -D__fortran -D__fortran77 -DMPIF2C -Zp8 -zero -traceback -DMPI2 -shared-intel -O2 -msse3 -axcore-avx2,core-avx-i -I../../../../sia/include -I../aces2/include -I$MPIHOME/include  oed__ovl3c_set_ijk_triples.f 1>>make.out 2>>make.err
mpif77 -c -D__fortran -D__fortran77 -DMPIF2C -Zp8 -zero -traceback -DMPI2 -shared-intel -O2 -msse3 -axcore-avx2,core-avx-i -I../../../../sia/include -I../aces2/include -I$MPIHOME/include  oed__pvp_def_blocks.f 1>>make.out 2>>make.err
mpif77 -c -D__fortran -D__fortran77 -DMPIF2C -Zp8 -zero -traceback -DMPI2 -shared-intel -O2 -msse3 -axcore-avx2,core-avx-i -I../../../../sia/include -I../aces2/include -I$MPIHOME/include  oed__ctr_single_update.f 1>>make.out 2>>make.err
mpif77 -c -D__fortran -D__fortran77 -DMPIF2C -Zp8 -zero -traceback -DMPI2 -shared-intel -O2 -msse3 -axcore-avx2,core-avx-i -I../../../../sia/include -I../aces2/include -I$MPIHOME/include  oed__ovl_set_derv_ab.f 1>>make.out 2>>make.err
mpif77 -c -D__fortran -D__fortran77 -DMPIF2C -Zp8 -zero -traceback -DMPI2 -shared-intel -O2 -msse3 -axcore-avx2,core-avx-i -I../../../../sia/include -I../aces2/include -I$MPIHOME/include  oed__ovl_derv_int1d_to_a0.f 1>>make.out 2>>make.err
mpif77 -c -D__fortran -D__fortran77 -DMPIF2C -Zp8 -zero -traceback -DMPI2 -shared-intel -O2 -msse3 -axcore-avx2,core-avx-i -I../../../../sia/include -I../aces2/include -I$MPIHOME/include  oed__nai_1d_coefficients.f 1>>make.out 2>>make.err
mpif77 -c -D__fortran -D__fortran77 -DMPIF2C -Zp8 -zero -traceback -DMPI2 -shared-intel -O2 -msse3 -axcore-avx2,core-avx-i -I../../../../sia/include -I../aces2/include -I$MPIHOME/include  oed__nai_set_derv_ijc_triples.f 1>>make.out 2>>make.err
mpif77 -c -D__fortran -D__fortran77 -DMPIF2C -Zp8 -zero -traceback -DMPI2 -shared-intel -O2 -msse3 -axcore-avx2,core-avx-i -I../../../../sia/include -I../aces2/include -I$MPIHOME/include  oed__memory_nai_batch.f 1>>make.out 2>>make.err
mpif77 -c -D__fortran -D__fortran77 -DMPIF2C -Zp8 -zero -traceback -DMPI2 -shared-intel -O2 -msse3 -axcore-avx2,core-avx-i -I../../../../sia/include -I../aces2/include -I$MPIHOME/include  oed__kin_set_derv_ab.f 1>>make.out 2>>make.err
mpif77 -c -D__fortran -D__fortran77 -DMPIF2C -Zp8 -zero -traceback -DMPI2 -shared-intel -O2 -msse3 -axcore-avx2,core-avx-i -I../../../../sia/include -I../aces2/include -I$MPIHOME/include  oed__xyz_to_ry_matrix.f 1>>make.out 2>>make.err
mpif77 -c -D__fortran -D__fortran77 -DMPIF2C -Zp8 -zero -traceback -DMPI2 -shared-intel -O2 -msse3 -axcore-avx2,core-avx-i -I../../../../sia/include -I../aces2/include -I$MPIHOME/include  oed__hrr_matrix.f 1>>make.out 2>>make.err
mpif77 -c -D__fortran -D__fortran77 -DMPIF2C -Zp8 -zero -traceback -DMPI2 -shared-intel -O2 -msse3 -axcore-avx2,core-avx-i -I../../../../sia/include -I../aces2/include -I$MPIHOME/include  oed__xyz_derv_int1d_to_a0.f 1>>make.out 2>>make.err
mpif77 -c -D__fortran -D__fortran77 -DMPIF2C -Zp8 -zero -traceback -DMPI2 -shared-intel -O2 -msse3 -axcore-avx2,core-avx-i -I../../../../sia/include -I../aces2/include -I$MPIHOME/include  oed__nai_e0_def_blocks.f 1>>make.out 2>>make.err
mpif77 -c -D__fortran -D__fortran77 -DMPIF2C -Zp8 -zero -traceback -DMPI2 -shared-intel -O2 -msse3 -axcore-avx2,core-avx-i -I../../../../sia/include -I../aces2/include -I$MPIHOME/include  oed__kin_set_ij_pairs.f 1>>make.out 2>>make.err
mpif77 -c -D__fortran -D__fortran77 -DMPIF2C -Zp8 -zero -traceback -DMPI2 -shared-intel -O2 -msse3 -axcore-avx2,core-avx-i -I../../../../sia/include -I../aces2/include -I$MPIHOME/include  oed__nai_derv_csgto.f 1>>make.out 2>>make.err
mpif77 -c -D__fortran -D__fortran77 -DMPIF2C -Zp8 -zero -traceback -DMPI2 -shared-intel -O2 -msse3 -axcore-avx2,core-avx-i -I../../../../sia/include -I../aces2/include -I$MPIHOME/include  oed__memory_ovl3c_csgto.f 1>>make.out 2>>make.err
mpif77 -c -D__fortran -D__fortran77 -DMPIF2C -Zp8 -zero -traceback -DMPI2 -shared-intel -O2 -msse3 -axcore-avx2,core-avx-i -I../../../../sia/include -I../aces2/include -I$MPIHOME/include  oed__nai_derv_3cen_pcgto_block.f 1>>make.out 2>>make.err
mpif77 -c -D__fortran -D__fortran77 -DMPIF2C -Zp8 -zero -traceback -DMPI2 -shared-intel -O2 -msse3 -axcore-avx2,core-avx-i -I../../../../sia/include -I../aces2/include -I$MPIHOME/include  oed__kin_int1d_to_ab.f 1>>make.out 2>>make.err
mpif77 -c -D__fortran -D__fortran77 -DMPIF2C -Zp8 -zero -traceback -DMPI2 -shared-intel -O2 -msse3 -axcore-avx2,core-avx-i -I../../../../sia/include -I../aces2/include -I$MPIHOME/include  oed__ovl_set_ij_pairs.f 1>>make.out 2>>make.err
mpif77 -c -D__fortran -D__fortran77 -DMPIF2C -Zp8 -zero -traceback -DMPI2 -shared-intel -O2 -msse3 -axcore-avx2,core-avx-i -I../../../../sia/include -I../aces2/include -I$MPIHOME/include  oed__rys_1_roots_weights.f 1>>make.out 2>>make.err
mpif77 -c -D__fortran -D__fortran77 -DMPIF2C -Zp8 -zero -traceback -DMPI2 -shared-intel -O2 -msse3 -axcore-avx2,core-avx-i -I../../../../sia/include -I../aces2/include -I$MPIHOME/include  oed__xyz_int1d_to_e0.f 1>>make.out 2>>make.err
mpif77 -c -D__fortran -D__fortran77 -DMPIF2C -Zp8 -zero -traceback -DMPI2 -shared-intel -O2 -msse3 -axcore-avx2,core-avx-i -I../../../../sia/include -I../aces2/include -I$MPIHOME/include  oed__memory_ovl_batch.f 1>>make.out 2>>make.err
mpif77 -c -D__fortran -D__fortran77 -DMPIF2C -Zp8 -zero -traceback -DMPI2 -shared-intel -O2 -msse3 -axcore-avx2,core-avx-i -I../../../../sia/include -I../aces2/include -I$MPIHOME/include  oed__memory_kin_derv_batch.f 1>>make.out 2>>make.err
mpif77 -c -D__fortran -D__fortran77 -DMPIF2C -Zp8 -zero -traceback -DMPI2 -shared-intel -O2 -msse3 -axcore-avx2,core-avx-i -I../../../../sia/include -I../aces2/include -I$MPIHOME/include  oed__ovl3c_f00_def_blocks.f 1>>make.out 2>>make.err
mpif77 -c -D__fortran -D__fortran77 -DMPIF2C -Zp8 -zero -traceback -DMPI2 -shared-intel -O2 -msse3 -axcore-avx2,core-avx-i -I../../../../sia/include -I../aces2/include -I$MPIHOME/include  oed__xyz_e0_pcgto_block.f 1>>make.out 2>>make.err
mpif77 -c -D__fortran -D__fortran77 -DMPIF2C -Zp8 -zero -traceback -DMPI2 -shared-intel -O2 -msse3 -axcore-avx2,core-avx-i -I../../../../sia/include -I../aces2/include -I$MPIHOME/include  oed__ovl_derv_pcgto_block.f 1>>make.out 2>>make.err
mpif77 -c -D__fortran -D__fortran77 -DMPIF2C -Zp8 -zero -traceback -DMPI2 -shared-intel -O2 -msse3 -axcore-avx2,core-avx-i -I../../../../sia/include -I../aces2/include -I$MPIHOME/include  oed__gener_kin_derv_batch.f 1>>make.out 2>>make.err
mpif77 -c -D__fortran -D__fortran77 -DMPIF2C -Zp8 -zero -traceback -DMPI2 -shared-intel -O2 -msse3 -axcore-avx2,core-avx-i -I../../../../sia/include -I../aces2/include -I$MPIHOME/include  oed__kin_ab_pcgto_block.f 1>>make.out 2>>make.err
mpif77 -c -D__fortran -D__fortran77 -DMPIF2C -Zp8 -zero -traceback -DMPI2 -shared-intel -O2 -msse3 -axcore-avx2,core-avx-i -I../../../../sia/include -I../aces2/include -I$MPIHOME/include  oed__memory_ovl3c_batch.f 1>>make.out 2>>make.err
mpif77 -c -D__fortran -D__fortran77 -DMPIF2C -Zp8 -zero -traceback -DMPI2 -shared-intel -O2 -msse3 -axcore-avx2,core-avx-i -I../../../../sia/include -I../aces2/include -I$MPIHOME/include  oed__ovl_e0_def_blocks.f 1>>make.out 2>>make.err
mpif77 -c -D__fortran -D__fortran77 -DMPIF2C -Zp8 -zero -traceback -DMPI2 -shared-intel -O2 -msse3 -axcore-avx2,core-avx-i -I../../../../sia/include -I../aces2/include -I$MPIHOME/include  oed__cartesian_norms.f 1>>make.out 2>>make.err
mpif77 -c -D__fortran -D__fortran77 -DMPIF2C -Zp8 -zero -traceback -DMPI2 -shared-intel -O2 -msse3 -axcore-avx2,core-avx-i -I../../../../sia/include -I../aces2/include -I$MPIHOME/include  oed__move_ry.f 1>>make.out 2>>make.err
mpif77 -c -D__fortran -D__fortran77 -DMPIF2C -Zp8 -zero -traceback -DMPI2 -shared-intel -O2 -msse3 -axcore-avx2,core-avx-i -I../../../../sia/include -I../aces2/include -I$MPIHOME/include  oed__kin_set_ab.f 1>>make.out 2>>make.err
mpif77 -c -D__fortran -D__fortran77 -DMPIF2C -Zp8 -zero -traceback -DMPI2 -shared-intel -O2 -msse3 -axcore-avx2,core-avx-i -I../../../../sia/include -I../aces2/include -I$MPIHOME/include  oed__hrr_transform.f 1>>make.out 2>>make.err
mpif77 -c -D__fortran -D__fortran77 -DMPIF2C -Zp8 -zero -traceback -DMPI2 -shared-intel -O2 -msse3 -axcore-avx2,core-avx-i -I../../../../sia/include -I../aces2/include -I$MPIHOME/include  oed__xyz_1d_mom_ab_integrals.f 1>>make.out 2>>make.err
mpif77 -c -D__fortran -D__fortran77 -DMPIF2C -Zp8 -zero -traceback -DMPI2 -shared-intel -O2 -msse3 -axcore-avx2,core-avx-i -I../../../../sia/include -I../aces2/include -I$MPIHOME/include  oed__ctr_pair_new.f 1>>make.out 2>>make.err
mpif77 -c -D__fortran -D__fortran77 -DMPIF2C -Zp8 -zero -traceback -DMPI2 -shared-intel -O2 -msse3 -axcore-avx2,core-avx-i -I../../../../sia/include -I../aces2/include -I$MPIHOME/include  oed__ctr_rs_expand.f 1>>make.out 2>>make.err
mpif77 -c -D__fortran -D__fortran77 -DMPIF2C -Zp8 -zero -traceback -DMPI2 -shared-intel -O2 -msse3 -axcore-avx2,core-avx-i -I../../../../sia/include -I../aces2/include -I$MPIHOME/include  oed__kin_int1d_to_a0.f 1>>make.out 2>>make.err
mpif77 -c -D__fortran -D__fortran77 -DMPIF2C -Zp8 -zero -traceback -DMPI2 -shared-intel -O2 -msse3 -axcore-avx2,core-avx-i -I../../../../sia/include -I../aces2/include -I$MPIHOME/include  oed__print_batch.f 1>>make.out 2>>make.err
mpif77 -c -D__fortran -D__fortran77 -DMPIF2C -Zp8 -zero -traceback -DMPI2 -shared-intel -O2 -msse3 -axcore-avx2,core-avx-i -I../../../../sia/include -I../aces2/include -I$MPIHOME/include  oed__rys_x_roots_weights.f 1>>make.out 2>>make.err
mpif77 -c -D__fortran -D__fortran77 -DMPIF2C -Zp8 -zero -traceback -DMPI2 -shared-intel -O2 -msse3 -axcore-avx2,core-avx-i -I../../../../sia/include -I../aces2/include -I$MPIHOME/include  oed__xyz_set_ab.f 1>>make.out 2>>make.err
mpif77 -c -D__fortran -D__fortran77 -DMPIF2C -Zp8 -zero -traceback -DMPI2 -shared-intel -O2 -msse3 -axcore-avx2,core-avx-i -I../../../../sia/include -I../aces2/include -I$MPIHOME/include  oed__nai_int1d_to_e0.f 1>>make.out 2>>make.err
mpif77 -c -D__fortran -D__fortran77 -DMPIF2C -Zp8 -zero -traceback -DMPI2 -shared-intel -O2 -msse3 -axcore-avx2,core-avx-i -I../../../../sia/include -I../aces2/include -I$MPIHOME/include  oed__gener_ovl_derv_batch.f 1>>make.out 2>>make.err
mpif77 -c -D__fortran -D__fortran77 -DMPIF2C -Zp8 -zero -traceback -DMPI2 -shared-intel -O2 -msse3 -axcore-avx2,core-avx-i -I../../../../sia/include -I../aces2/include -I$MPIHOME/include  oed__kin_set_derv_sequence.f 1>>make.out 2>>make.err
mpif77 -c -D__fortran -D__fortran77 -DMPIF2C -Zp8 -zero -traceback -DMPI2 -shared-intel -O2 -msse3 -axcore-avx2,core-avx-i -I../../../../sia/include -I../aces2/include -I$MPIHOME/include  oed__xyz_derv_int1d_to_ab.f 1>>make.out 2>>make.err
mpif77 -c -D__fortran -D__fortran77 -DMPIF2C -Zp8 -zero -traceback -DMPI2 -shared-intel -O2 -msse3 -axcore-avx2,core-avx-i -I../../../../sia/include -I../aces2/include -I$MPIHOME/include  oed__ovl_1d_integrals.f 1>>make.out 2>>make.err
mpif77 -c -D__fortran -D__fortran77 -DMPIF2C -Zp8 -zero -traceback -DMPI2 -shared-intel -O2 -msse3 -axcore-avx2,core-avx-i -I../../../../sia/include -I../aces2/include -I$MPIHOME/include  oed__memory_kin_derv_csgto.f 1>>make.out 2>>make.err
mpif77 -c -D__fortran -D__fortran77 -DMPIF2C -Zp8 -zero -traceback -DMPI2 -shared-intel -O2 -msse3 -axcore-avx2,core-avx-i -I../../../../sia/include -I../aces2/include -I$MPIHOME/include  oed__xyz_set_derv_sequence.f 1>>make.out 2>>make.err
mpif77 -c -D__fortran -D__fortran77 -DMPIF2C -Zp8 -zero -traceback -DMPI2 -shared-intel -O2 -msse3 -axcore-avx2,core-avx-i -I../../../../sia/include -I../aces2/include -I$MPIHOME/include  oed__nai_csgto.f 1>>make.out 2>>make.err
mpif77 -c -D__fortran -D__fortran77 -DMPIF2C -Zp8 -zero -traceback -DMPI2 -shared-intel -O2 -msse3 -axcore-avx2,core-avx-i -I../../../../sia/include -I../aces2/include -I$MPIHOME/include  oed__xyz_derv_int1d_to_00.f 1>>make.out 2>>make.err
mpif77 -c -D__fortran -D__fortran77 -DMPIF2C -Zp8 -zero -traceback -DMPI2 -shared-intel -O2 -msse3 -axcore-avx2,core-avx-i -I../../../../sia/include -I../aces2/include -I$MPIHOME/include  oed__nai_e0_pcgto_block.f 1>>make.out 2>>make.err
mpif77 -c -D__fortran -D__fortran77 -DMPIF2C -Zp8 -zero -traceback -DMPI2 -shared-intel -O2 -msse3 -axcore-avx2,core-avx-i -I../../../../sia/include -I../aces2/include -I$MPIHOME/include  oed__kin_derv_int1d_to_00.f 1>>make.out 2>>make.err
mpif77 -c -D__fortran -D__fortran77 -DMPIF2C -Zp8 -zero -traceback -DMPI2 -shared-intel -O2 -msse3 -axcore-avx2,core-avx-i -I../../../../sia/include -I../aces2/include -I$MPIHOME/include  oed__xyz_mom_integrals.f 1>>make.out 2>>make.err
mpif77 -c -D__fortran -D__fortran77 -DMPIF2C -Zp8 -zero -traceback -DMPI2 -shared-intel -O2 -msse3 -axcore-avx2,core-avx-i -I../../../../sia/include -I../aces2/include -I$MPIHOME/include  oed__map_ijkl_to_ikjl.f 1>>make.out 2>>make.err
mpif77 -c -D__fortran -D__fortran77 -DMPIF2C -Zp8 -zero -traceback -DMPI2 -shared-intel -O2 -msse3 -axcore-avx2,core-avx-i -I../../../../sia/include -I../aces2/include -I$MPIHOME/include  oed__memory_ovl_csgto.f 1>>make.out 2>>make.err
mpif77 -c -D__fortran -D__fortran77 -DMPIF2C -Zp8 -zero -traceback -DMPI2 -shared-intel -O2 -msse3 -axcore-avx2,core-avx-i -I../../../../sia/include -I../aces2/include -I$MPIHOME/include  oed__ovl_1d_derv_integrals.f 1>>make.out 2>>make.err
mpif77 -c -D__fortran -D__fortran77 -DMPIF2C -Zp8 -zero -traceback -DMPI2 -shared-intel -O2 -msse3 -axcore-avx2,core-avx-i -I../../../../sia/include -I../aces2/include -I$MPIHOME/include  oed__ovl3c_f00_pcgto_block.f 1>>make.out 2>>make.err
mpif77 -c -D__fortran -D__fortran77 -DMPIF2C -Zp8 -zero -traceback -DMPI2 -shared-intel -O2 -msse3 -axcore-avx2,core-avx-i -I../../../../sia/include -I../aces2/include -I$MPIHOME/include  oed__xyz_1d_ab_integrals.f 1>>make.out 2>>make.err
mpif77 -c -D__fortran -D__fortran77 -DMPIF2C -Zp8 -zero -traceback -DMPI2 -shared-intel -O2 -msse3 -axcore-avx2,core-avx-i -I../../../../sia/include -I../aces2/include -I$MPIHOME/include  oed__ovl_int1d_to_e0.f 1>>make.out 2>>make.err
mpif77 -c -D__fortran -D__fortran77 -DMPIF2C -Zp8 -zero -traceback -DMPI2 -shared-intel -O2 -msse3 -axcore-avx2,core-avx-i -I../../../../sia/include -I../aces2/include -I$MPIHOME/include  oed__rys_2_roots_weights.f 1>>make.out 2>>make.err
mpif77 -c -D__fortran -D__fortran77 -DMPIF2C -Zp8 -zero -traceback -DMPI2 -shared-intel -O2 -msse3 -axcore-avx2,core-avx-i -I../../../../sia/include -I../aces2/include -I$MPIHOME/include  oed__rys_5_roots_weights.f 1>>make.out 2>>make.err
mpif77 -c -D__fortran -D__fortran77 -DMPIF2C -Zp8 -zero -traceback -DMPI2 -shared-intel -O2 -msse3 -axcore-avx2,core-avx-i -I../../../../sia/include -I../aces2/include -I$MPIHOME/include  oed__nai_1d_p_integrals.f 1>>make.out 2>>make.err
mpif77 -c -D__fortran -D__fortran77 -DMPIF2C -Zp8 -zero -traceback -DMPI2 -shared-intel -O2 -msse3 -axcore-avx2,core-avx-i -I../../../../sia/include -I../aces2/include -I$MPIHOME/include  oed__ctr_2index_block.f 1>>make.out 2>>make.err
mpif77 -c -D__fortran -D__fortran77 -DMPIF2C -Zp8 -zero -traceback -DMPI2 -shared-intel -O2 -msse3 -axcore-avx2,core-avx-i -I../../../../sia/include -I../aces2/include -I$MPIHOME/include  oed__nai_set_ab.f 1>>make.out 2>>make.err
mpif77 -c -D__fortran -D__fortran77 -DMPIF2C -Zp8 -zero -traceback -DMPI2 -shared-intel -O2 -msse3 -axcore-avx2,core-avx-i -I../../../../sia/include -I../aces2/include -I$MPIHOME/include  oed__xyz_derv_def_blocks.f 1>>make.out 2>>make.err
mpif77 -c -D__fortran -D__fortran77 -DMPIF2C -Zp8 -zero -traceback -DMPI2 -shared-intel -O2 -msse3 -axcore-avx2,core-avx-i -I../../../../sia/include -I../aces2/include -I$MPIHOME/include  oed__ovl_csgto.f 1>>make.out 2>>make.err
mpif77 -c -D__fortran -D__fortran77 -DMPIF2C -Zp8 -zero -traceback -DMPI2 -shared-intel -O2 -msse3 -axcore-avx2,core-avx-i -I../../../../sia/include -I../aces2/include -I$MPIHOME/include  oed__nai_1d_ab_integrals.f 1>>make.out 2>>make.err
mpif77 -c -D__fortran -D__fortran77 -DMPIF2C -Zp8 -zero -traceback -DMPI2 -shared-intel -O2 -msse3 -axcore-avx2,core-avx-i -I../../../../sia/include -I../aces2/include -I$MPIHOME/include  oed__xyz_to_ry_abc.f 1>>make.out 2>>make.err
mpif77 -c -D__fortran -D__fortran77 -DMPIF2C -Zp8 -zero -traceback -DMPI2 -shared-intel -O2 -msse3 -axcore-avx2,core-avx-i -I../../../../sia/include -I../aces2/include -I$MPIHOME/include  oed__gener_xyz_derv_batch.f 1>>make.out 2>>make.err
mpif77 -c -D__fortran -D__fortran77 -DMPIF2C -Zp8 -zero -traceback -DMPI2 -shared-intel -O2 -msse3 -axcore-avx2,core-avx-i -I../../../../sia/include -I../aces2/include -I$MPIHOME/include  oed__memory_nai_derv_csgto.f 1>>make.out 2>>make.err
mpif77 -c -D__fortran -D__fortran77 -DMPIF2C -Zp8 -zero -traceback -DMPI2 -shared-intel -O2 -msse3 -axcore-avx2,core-avx-i -I../../../../sia/include -I../aces2/include -I$MPIHOME/include  oed__xyz_1d_derv_integrals.f 1>>make.out 2>>make.err
mpif77 -c -D__fortran -D__fortran77 -DMPIF2C -Zp8 -zero -traceback -DMPI2 -shared-intel -O2 -msse3 -axcore-avx2,core-avx-i -I../../../../sia/include -I../aces2/include -I$MPIHOME/include  oed__kin_derv_def_blocks.f 1>>make.out 2>>make.err
mpif77 -c -D__fortran -D__fortran77 -DMPIF2C -Zp8 -zero -traceback -DMPI2 -shared-intel -O2 -msse3 -axcore-avx2,core-avx-i -I../../../../sia/include -I../aces2/include -I$MPIHOME/include  oed__ovl3c_csgto.f 1>>make.out 2>>make.err
mpif77 -c -D__fortran -D__fortran77 -DMPIF2C -Zp8 -zero -traceback -DMPI2 -shared-intel -O2 -msse3 -axcore-avx2,core-avx-i -I../../../../sia/include -I../aces2/include -I$MPIHOME/include  oed__nai_derv_int1d_to_00.f 1>>make.out 2>>make.err
mpif77 -c -D__fortran -D__fortran77 -DMPIF2C -Zp8 -zero -traceback -DMPI2 -shared-intel -O2 -msse3 -axcore-avx2,core-avx-i -I../../../../sia/include -I../aces2/include -I$MPIHOME/include  oed__ovl_derv_csgto.f 1>>make.out 2>>make.err
mpif77 -c -D__fortran -D__fortran77 -DMPIF2C -Zp8 -zero -traceback -DMPI2 -shared-intel -O2 -msse3 -axcore-avx2,core-avx-i -I../../../../sia/include -I../aces2/include -I$MPIHOME/include  oed__xyz_1d_integrals.f 1>>make.out 2>>make.err
mpif77 -c -D__fortran -D__fortran77 -DMPIF2C -Zp8 -zero -traceback -DMPI2 -shared-intel -O2 -msse3 -axcore-avx2,core-avx-i -I../../../../sia/include -I../aces2/include -I$MPIHOME/include  oed__ovl3c_set_abc.f 1>>make.out 2>>make.err
mpif77 -c -D__fortran -D__fortran77 -DMPIF2C -Zp8 -zero -traceback -DMPI2 -shared-intel -O2 -msse3 -axcore-avx2,core-avx-i -I../../../../sia/include -I../aces2/include -I$MPIHOME/include  oed__ctr_single_new.f 1>>make.out 2>>make.err
mpif77 -c -D__fortran -D__fortran77 -DMPIF2C -Zp8 -zero -traceback -DMPI2 -shared-intel -O2 -msse3 -axcore-avx2,core-avx-i -I../../../../sia/include -I../aces2/include -I$MPIHOME/include  oed__xyz_to_ry_ab.f 1>>make.out 2>>make.err
mpif77 -c -D__fortran -D__fortran77 -DMPIF2C -Zp8 -zero -traceback -DMPI2 -shared-intel -O2 -msse3 -axcore-avx2,core-avx-i -I../../../../sia/include -I../aces2/include -I$MPIHOME/include  oed__normalize_cartesian.f 1>>make.out 2>>make.err
mpif77 -c -D__fortran -D__fortran77 -DMPIF2C -Zp8 -zero -traceback -DMPI2 -shared-intel -O2 -msse3 -axcore-avx2,core-avx-i -I../../../../sia/include -I../aces2/include -I$MPIHOME/include  oed__memory_nai_derv_batch.f 1>>make.out 2>>make.err
mpif77 -c -D__fortran -D__fortran77 -DMPIF2C -Zp8 -zero -traceback -DMPI2 -shared-intel -O2 -msse3 -axcore-avx2,core-avx-i -I../../../../sia/include -I../aces2/include -I$MPIHOME/include  oed__ovl_derv_def_blocks.f 1>>make.out 2>>make.err
mpif77 -c -D__fortran -D__fortran77 -DMPIF2C -Zp8 -zero -traceback -DMPI2 -shared-intel -O2 -msse3 -axcore-avx2,core-avx-i -I../../../../sia/include -I../aces2/include -I$MPIHOME/include  oed__ovl_set_ab.f 1>>make.out 2>>make.err
mpif77 -c -D__fortran -D__fortran77 -DMPIF2C -Zp8 -zero -traceback -DMPI2 -shared-intel -O2 -msse3 -axcore-avx2,core-avx-i -I../../../../sia/include -I../aces2/include -I$MPIHOME/include  oed__pvp_1d_ab_integrals.f 1>>make.out 2>>make.err
mpif77 -c -D__fortran -D__fortran77 -DMPIF2C -Zp8 -zero -traceback -DMPI2 -shared-intel -O2 -msse3 -axcore-avx2,core-avx-i -I../../../../sia/include -I../aces2/include -I$MPIHOME/include  oed__gener_xyz_batch.f 1>>make.out 2>>make.err
mpif77 -c -D__fortran -D__fortran77 -DMPIF2C -Zp8 -zero -traceback -DMPI2 -shared-intel -O2 -msse3 -axcore-avx2,core-avx-i -I../../../../sia/include -I../aces2/include -I$MPIHOME/include  oed__memory_ovl_derv_csgto.f 1>>make.out 2>>make.err
mpif77 -c -D__fortran -D__fortran77 -DMPIF2C -Zp8 -zero -traceback -DMPI2 -shared-intel -O2 -msse3 -axcore-avx2,core-avx-i -I../../../../sia/include -I../aces2/include -I$MPIHOME/include  oed__xyz_init_00_ints.f 1>>make.out 2>>make.err
mpif77 -c -D__fortran -D__fortran77 -DMPIF2C -Zp8 -zero -traceback -DMPI2 -shared-intel -O2 -msse3 -axcore-avx2,core-avx-i -I../../../../sia/include -I../aces2/include -I$MPIHOME/include  oed__pvp_set_ijc_triples.f 1>>make.out 2>>make.err
mpif77 -c -D__fortran -D__fortran77 -DMPIF2C -Zp8 -zero -traceback -DMPI2 -shared-intel -O2 -msse3 -axcore-avx2,core-avx-i -I../../../../sia/include -I../aces2/include -I$MPIHOME/include  oed__spherical_transform.f 1>>make.out 2>>make.err
mpif77 -c -D__fortran -D__fortran77 -DMPIF2C -Zp8 -zero -traceback -DMPI2 -shared-intel -O2 -msse3 -axcore-avx2,core-avx-i -I../../../../sia/include -I../aces2/include -I$MPIHOME/include  oed__ovl_derv_int1d_to_00.f 1>>make.out 2>>make.err
mpif77 -c -D__fortran -D__fortran77 -DMPIF2C -Zp8 -zero -traceback -DMPI2 -shared-intel -O2 -msse3 -axcore-avx2,core-avx-i -I../../../../sia/include -I../aces2/include -I$MPIHOME/include  oed__ctr_3index_reorder.f 1>>make.out 2>>make.err
mpif77 -c -D__fortran -D__fortran77 -DMPIF2C -Zp8 -zero -traceback -DMPI2 -shared-intel -O2 -msse3 -axcore-avx2,core-avx-i -I../../../../sia/include -I../aces2/include -I$MPIHOME/include  oed__pvp_pcgto_block.f 1>>make.out 2>>make.err
mpif77 -c -D__fortran -D__fortran77 -DMPIF2C -Zp8 -zero -traceback -DMPI2 -shared-intel -O2 -msse3 -axcore-avx2,core-avx-i -I../../../../sia/include -I../aces2/include -I$MPIHOME/include  oed__kin_1d_derv_integrals.f 1>>make.out 2>>make.err
mpif77 -c -D__fortran -D__fortran77 -DMPIF2C -Zp8 -zero -traceback -DMPI2 -shared-intel -O2 -msse3 -axcore-avx2,core-avx-i -I../../../../sia/include -I../aces2/include -I$MPIHOME/include  oed__dsqmin_line_segments.f 1>>make.out 2>>make.err
mpif77 -c -D__fortran -D__fortran77 -DMPIF2C -Zp8 -zero -traceback -DMPI2 -shared-intel -O2 -msse3 -axcore-avx2,core-avx-i -I../../../../sia/include -I../aces2/include -I$MPIHOME/include  oed__xyz_init_ovrlp.f 1>>make.out 2>>make.err
mpif77 -c -D__fortran -D__fortran77 -DMPIF2C -Zp8 -zero -traceback -DMPI2 -shared-intel -O2 -msse3 -axcore-avx2,core-avx-i -I../../../../sia/include -I../aces2/include -I$MPIHOME/include  oed__memory_ovl_derv_batch.f 1>>make.out 2>>make.err
mpif77 -c -D__fortran -D__fortran77 -DMPIF2C -Zp8 -zero -traceback -DMPI2 -shared-intel -O2 -msse3 -axcore-avx2,core-avx-i -I../../../../sia/include -I../aces2/include -I$MPIHOME/include  oed__kin_1d_integrals.f 1>>make.out 2>>make.err
mpif77 -c -D__fortran -D__fortran77 -DMPIF2C -Zp8 -zero -traceback -DMPI2 -shared-intel -O2 -msse3 -axcore-avx2,core-avx-i -I../../../../sia/include -I../aces2/include -I$MPIHOME/include  oed__kin_derv_int1d_to_ab.f 1>>make.out 2>>make.err
mpif77 -c -D__fortran -D__fortran77 -DMPIF2C -Zp8 -zero -traceback -DMPI2 -shared-intel -O2 -msse3 -axcore-avx2,core-avx-i -I../../../../sia/include -I../aces2/include -I$MPIHOME/include  oed__xyz_csgto.f 1>>make.out 2>>make.err
mpif77 -c -D__fortran -D__fortran77 -DMPIF2C -Zp8 -zero -traceback -DMPI2 -shared-intel -O2 -msse3 -axcore-avx2,core-avx-i -I../../../../sia/include -I../aces2/include -I$MPIHOME/include  oed__ctr_pair_update.f 1>>make.out 2>>make.err
mpif77 -c -D__fortran -D__fortran77 -DMPIF2C -Zp8 -zero -traceback -DMPI2 -shared-intel -O2 -msse3 -axcore-avx2,core-avx-i -I../../../../sia/include -I../aces2/include -I$MPIHOME/include  oed__xyz_derv_csgto.f 1>>make.out 2>>make.err
mpif77 -c -D__fortran -D__fortran77 -DMPIF2C -Zp8 -zero -traceback -DMPI2 -shared-intel -O2 -msse3 -axcore-avx2,core-avx-i -I../../../../sia/include -I../aces2/include -I$MPIHOME/include  oed__ctr_2index_reorder.f 1>>make.out 2>>make.err
mpif77 -c -D__fortran -D__fortran77 -DMPIF2C -Zp8 -zero -traceback -DMPI2 -shared-intel -O2 -msse3 -axcore-avx2,core-avx-i -I../../../../sia/include -I../aces2/include -I$MPIHOME/include  oed__ovl_e0_pcgto_block.f 1>>make.out 2>>make.err
mpif77 -c -D__fortran -D__fortran77 -DMPIF2C -Zp8 -zero -traceback -DMPI2 -shared-intel -O2 -msse3 -axcore-avx2,core-avx-i -I../../../../sia/include -I../aces2/include -I$MPIHOME/include  oed__gener_kin_batch.f 1>>make.out 2>>make.err
mpif77 -c -D__fortran -D__fortran77 -DMPIF2C -Zp8 -zero -traceback -DMPI2 -shared-intel -O2 -msse3 -axcore-avx2,core-avx-i -I../../../../sia/include -I../aces2/include -I$MPIHOME/include  oed__gener_pvp_batch.f 1>>make.out 2>>make.err
mpif77 -c -D__fortran -D__fortran77 -DMPIF2C -Zp8 -zero -traceback -DMPI2 -shared-intel -O2 -msse3 -axcore-avx2,core-avx-i -I../../../../sia/include -I../aces2/include -I$MPIHOME/include  oed__nai_1d_shderv_integrals.f 1>>make.out 2>>make.err
mpif77 -c -D__fortran -D__fortran77 -DMPIF2C -Zp8 -zero -traceback -DMPI2 -shared-intel -O2 -msse3 -axcore-avx2,core-avx-i -I../../../../sia/include -I../aces2/include -I$MPIHOME/include  oed__hrr_step.f 1>>make.out 2>>make.err
mpif77 -c -D__fortran -D__fortran77 -DMPIF2C -Zp8 -zero -traceback -DMPI2 -shared-intel -O2 -msse3 -axcore-avx2,core-avx-i -I../../../../sia/include -I../aces2/include -I$MPIHOME/include  oed__kin_derv_pcgto_block.f 1>>make.out 2>>make.err
mpif77 -c -D__fortran -D__fortran77 -DMPIF2C -Zp8 -zero -traceback -DMPI2 -shared-intel -O2 -msse3 -axcore-avx2,core-avx-i -I../../../../sia/include -I../aces2/include -I$MPIHOME/include  oed__xyz_set_derv_ab.f 1>>make.out 2>>make.err
mpif77 -c -D__fortran -D__fortran77 -DMPIF2C -Zp8 -zero -traceback -DMPI2 -shared-intel -O2 -msse3 -axcore-avx2,core-avx-i -I../../../../sia/include -I../aces2/include -I$MPIHOME/include  oed__kin_derv_csgto.f 1>>make.out 2>>make.err
mpif77 -c -D__fortran -D__fortran77 -DMPIF2C -Zp8 -zero -traceback -DMPI2 -shared-intel -O2 -msse3 -axcore-avx2,core-avx-i -I../../../../sia/include -I../aces2/include -I$MPIHOME/include  oed__nai_derv_int1d_to_ab.f 1>>make.out 2>>make.err
mpif77 -c -D__fortran -D__fortran77 -DMPIF2C -Zp8 -zero -traceback -DMPI2 -shared-intel -O2 -msse3 -axcore-avx2,core-avx-i -I../../../../sia/include -I../aces2/include -I$MPIHOME/include  oed__kin_derv_int1d_to_a0.f 1>>make.out 2>>make.err
mpif77 -c -D__fortran -D__fortran77 -DMPIF2C -Zp8 -zero -traceback -DMPI2 -shared-intel -O2 -msse3 -axcore-avx2,core-avx-i -I../../../../sia/include -I../aces2/include -I$MPIHOME/include  oed__pvp_set_ab.f 1>>make.out 2>>make.err
mpif77 -c -D__fortran -D__fortran77 -DMPIF2C -Zp8 -zero -traceback -DMPI2 -shared-intel -O2 -msse3 -axcore-avx2,core-avx-i -I../../../../sia/include -I../aces2/include -I$MPIHOME/include  oed__nai_set_ijc_triples.f 1>>make.out 2>>make.err
mpif77 -c -D__fortran -D__fortran77 -DMPIF2C -Zp8 -zero -traceback -DMPI2 -shared-intel -O2 -msse3 -axcore-avx2,core-avx-i -I../../../../sia/include -I../aces2/include -I$MPIHOME/include  oed__kin_csgto.f 1>>make.out 2>>make.err
mpif77 -c -D__fortran -D__fortran77 -DMPIF2C -Zp8 -zero -traceback -DMPI2 -shared-intel -O2 -msse3 -axcore-avx2,core-avx-i -I../../../../sia/include -I../aces2/include -I$MPIHOME/include  oed__gener_ovl_batch.f 1>>make.out 2>>make.err
mpif77 -c -D__fortran -D__fortran77 -DMPIF2C -Zp8 -zero -traceback -DMPI2 -shared-intel -O2 -msse3 -axcore-avx2,core-avx-i -I../../../../sia/include -I../aces2/include -I$MPIHOME/include  oed__ovl3c_set_ijk.f 1>>make.out 2>>make.err
mpif77 -c -D__fortran -D__fortran77 -DMPIF2C -Zp8 -zero -traceback -DMPI2 -shared-intel -O2 -msse3 -axcore-avx2,core-avx-i -I../../../../sia/include -I../aces2/include -I$MPIHOME/include  oed__memory_kin_csgto.f 1>>make.out 2>>make.err
mpif77 -c -D__fortran -D__fortran77 -DMPIF2C -Zp8 -zero -traceback -DMPI2 -shared-intel -O2 -msse3 -axcore-avx2,core-avx-i -I../../../../sia/include -I../aces2/include -I$MPIHOME/include  oed__xyz_derv_pcgto_block.f 1>>make.out 2>>make.err
ar rv liboedlib.a oed__nai_prepare_ctr.o oed__kin_prepare_ctr.o oed__ovl_prepare_ctr.o oed__ovl3c_prepare_ctr.o oed__xyz_1d_ovl_mom_ab_integrals.o oed__pvp_csgto.o oed__gener_ovl3c_batch.o oed__rys_roots_weights.o oed__transpose_batch.o oed__ovl_derv_int1d_to_ab.o oed__nai_derv_2cen_pcgto_block.o oed__memory_kin_batch.o oed__print_2ind_batch.o oed__nai_set_derv_ab.o oed__nai_derv_def_blocks.o oed__rys_3_roots_weights.o oed__nai_derv_int1d_to_a0.o oed__ctr_3index_block.o oed__gener_nai_derv_batch.o oed__xyz_e0_def_blocks.o oed__rys_4_roots_weights.o oed__kin_ab_def_blocks.o oed__gener_nai_batch.o oed__ovl_1d_ab_integrals.o oed__memory_nai_csgto.o oed__nai_1d_cenderv_integrals.o oed__ovl_set_derv_sequence.o oed__ovl3c_set_ijk_triples.o oed__pvp_def_blocks.o oed__ctr_single_update.o oed__ovl_set_derv_ab.o oed__ovl_derv_int1d_to_a0.o oed__nai_1d_coefficients.o oed__nai_set_derv_ijc_triples.o oed__memory_nai_batch.o oed__kin_set_derv_ab.o oed__xyz_to_ry_matrix.o oed__hrr_matrix.o oed__xyz_derv_int1d_to_a0.o oed__nai_e0_def_blocks.o oed__kin_set_ij_pairs.o oed__nai_derv_csgto.o oed__memory_ovl3c_csgto.o oed__nai_derv_3cen_pcgto_block.o oed__kin_int1d_to_ab.o oed__ovl_set_ij_pairs.o oed__rys_1_roots_weights.o oed__xyz_int1d_to_e0.o oed__memory_ovl_batch.o oed__memory_kin_derv_batch.o oed__ovl3c_f00_def_blocks.o oed__xyz_e0_pcgto_block.o oed__ovl_derv_pcgto_block.o oed__gener_kin_derv_batch.o oed__kin_ab_pcgto_block.o oed__memory_ovl3c_batch.o oed__ovl_e0_def_blocks.o oed__cartesian_norms.o oed__move_ry.o oed__kin_set_ab.o oed__hrr_transform.o oed__xyz_1d_mom_ab_integrals.o oed__ctr_pair_new.o oed__ctr_rs_expand.o oed__kin_int1d_to_a0.o oed__print_batch.o oed__rys_x_roots_weights.o oed__xyz_set_ab.o oed__nai_int1d_to_e0.o oed__gener_ovl_derv_batch.o oed__kin_set_derv_sequence.o oed__xyz_derv_int1d_to_ab.o oed__ovl_1d_integrals.o oed__memory_kin_derv_csgto.o oed__xyz_set_derv_sequence.o oed__nai_csgto.o oed__xyz_derv_int1d_to_00.o oed__nai_e0_pcgto_block.o oed__kin_derv_int1d_to_00.o oed__xyz_mom_integrals.o oed__map_ijkl_to_ikjl.o oed__memory_ovl_csgto.o oed__ovl_1d_derv_integrals.o oed__ovl3c_f00_pcgto_block.o oed__xyz_1d_ab_integrals.o oed__ovl_int1d_to_e0.o oed__rys_2_roots_weights.o oed__rys_5_roots_weights.o oed__nai_1d_p_integrals.o oed__ctr_2index_block.o oed__nai_set_ab.o oed__xyz_derv_def_blocks.o oed__ovl_csgto.o oed__nai_1d_ab_integrals.o oed__xyz_to_ry_abc.o oed__gener_xyz_derv_batch.o oed__memory_nai_derv_csgto.o oed__xyz_1d_derv_integrals.o oed__kin_derv_def_blocks.o oed__ovl3c_csgto.o oed__nai_derv_int1d_to_00.o oed__ovl_derv_csgto.o oed__xyz_1d_integrals.o oed__ovl3c_set_abc.o oed__ctr_single_new.o oed__xyz_to_ry_ab.o oed__normalize_cartesian.o oed__memory_nai_derv_batch.o oed__ovl_derv_def_blocks.o oed__ovl_set_ab.o oed__pvp_1d_ab_integrals.o oed__gener_xyz_batch.o oed__memory_ovl_derv_csgto.o oed__xyz_init_00_ints.o oed__pvp_set_ijc_triples.o oed__spherical_transform.o oed__ovl_derv_int1d_to_00.o oed__ctr_3index_reorder.o oed__pvp_pcgto_block.o oed__kin_1d_derv_integrals.o oed__dsqmin_line_segments.o oed__xyz_init_ovrlp.o oed__memory_ovl_derv_batch.o oed__kin_1d_integrals.o oed__kin_derv_int1d_to_ab.o oed__xyz_csgto.o oed__ctr_pair_update.o oed__xyz_derv_csgto.o oed__ctr_2index_reorder.o oed__ovl_e0_pcgto_block.o oed__gener_kin_batch.o oed__gener_pvp_batch.o oed__nai_1d_shderv_integrals.o oed__hrr_step.o oed__kin_derv_pcgto_block.o oed__xyz_set_derv_ab.o oed__kin_derv_csgto.o oed__nai_derv_int1d_to_ab.o oed__kin_derv_int1d_to_a0.o oed__kin_prepare_ctr.o oed__pvp_set_ab.o oed__nai_set_ijc_triples.o oed__kin_csgto.o oed__gener_ovl_batch.o oed__ovl3c_set_ijk.o oed__memory_kin_csgto.o oed__xyz_derv_pcgto_block.o 
ar: creating liboedlib.a
a - oed__nai_prepare_ctr.o
a - oed__kin_prepare_ctr.o
a - oed__ovl_prepare_ctr.o
a - oed__ovl3c_prepare_ctr.o
a - oed__xyz_1d_ovl_mom_ab_integrals.o
a - oed__pvp_csgto.o
a - oed__gener_ovl3c_batch.o
a - oed__rys_roots_weights.o
a - oed__transpose_batch.o
a - oed__ovl_derv_int1d_to_ab.o
a - oed__nai_derv_2cen_pcgto_block.o
a - oed__memory_kin_batch.o
a - oed__print_2ind_batch.o
a - oed__nai_set_derv_ab.o
a - oed__nai_derv_def_blocks.o
a - oed__rys_3_roots_weights.o
a - oed__nai_derv_int1d_to_a0.o
a - oed__ctr_3index_block.o
a - oed__gener_nai_derv_batch.o
a - oed__xyz_e0_def_blocks.o
a - oed__rys_4_roots_weights.o
a - oed__kin_ab_def_blocks.o
a - oed__gener_nai_batch.o
a - oed__ovl_1d_ab_integrals.o
a - oed__memory_nai_csgto.o
a - oed__nai_1d_cenderv_integrals.o
a - oed__ovl_set_derv_sequence.o
a - oed__ovl3c_set_ijk_triples.o
a - oed__pvp_def_blocks.o
a - oed__ctr_single_update.o
a - oed__ovl_set_derv_ab.o
a - oed__ovl_derv_int1d_to_a0.o
a - oed__nai_1d_coefficients.o
a - oed__nai_set_derv_ijc_triples.o
a - oed__memory_nai_batch.o
a - oed__kin_set_derv_ab.o
a - oed__xyz_to_ry_matrix.o
a - oed__hrr_matrix.o
a - oed__xyz_derv_int1d_to_a0.o
a - oed__nai_e0_def_blocks.o
a - oed__kin_set_ij_pairs.o
a - oed__nai_derv_csgto.o
a - oed__memory_ovl3c_csgto.o
a - oed__nai_derv_3cen_pcgto_block.o
a - oed__kin_int1d_to_ab.o
a - oed__ovl_set_ij_pairs.o
a - oed__rys_1_roots_weights.o
a - oed__xyz_int1d_to_e0.o
a - oed__memory_ovl_batch.o
a - oed__memory_kin_derv_batch.o
a - oed__ovl3c_f00_def_blocks.o
a - oed__xyz_e0_pcgto_block.o
a - oed__ovl_derv_pcgto_block.o
a - oed__gener_kin_derv_batch.o
a - oed__kin_ab_pcgto_block.o
a - oed__memory_ovl3c_batch.o
a - oed__ovl_e0_def_blocks.o
a - oed__cartesian_norms.o
a - oed__move_ry.o
a - oed__kin_set_ab.o
a - oed__hrr_transform.o
a - oed__xyz_1d_mom_ab_integrals.o
a - oed__ctr_pair_new.o
a - oed__ctr_rs_expand.o
a - oed__kin_int1d_to_a0.o
a - oed__print_batch.o
a - oed__rys_x_roots_weights.o
a - oed__xyz_set_ab.o
a - oed__nai_int1d_to_e0.o
a - oed__gener_ovl_derv_batch.o
a - oed__kin_set_derv_sequence.o
a - oed__xyz_derv_int1d_to_ab.o
a - oed__ovl_1d_integrals.o
a - oed__memory_kin_derv_csgto.o
a - oed__xyz_set_derv_sequence.o
a - oed__nai_csgto.o
a - oed__xyz_derv_int1d_to_00.o
a - oed__nai_e0_pcgto_block.o
a - oed__kin_derv_int1d_to_00.o
a - oed__xyz_mom_integrals.o
a - oed__map_ijkl_to_ikjl.o
a - oed__memory_ovl_csgto.o
a - oed__ovl_1d_derv_integrals.o
a - oed__ovl3c_f00_pcgto_block.o
a - oed__xyz_1d_ab_integrals.o
a - oed__ovl_int1d_to_e0.o
a - oed__rys_2_roots_weights.o
a - oed__rys_5_roots_weights.o
a - oed__nai_1d_p_integrals.o
a - oed__ctr_2index_block.o
a - oed__nai_set_ab.o
a - oed__xyz_derv_def_blocks.o
a - oed__ovl_csgto.o
a - oed__nai_1d_ab_integrals.o
a - oed__xyz_to_ry_abc.o
a - oed__gener_xyz_derv_batch.o
a - oed__memory_nai_derv_csgto.o
a - oed__xyz_1d_derv_integrals.o
a - oed__kin_derv_def_blocks.o
a - oed__ovl3c_csgto.o
a - oed__nai_derv_int1d_to_00.o
a - oed__ovl_derv_csgto.o
a - oed__xyz_1d_integrals.o
a - oed__ovl3c_set_abc.o
a - oed__ctr_single_new.o
a - oed__xyz_to_ry_ab.o
a - oed__normalize_cartesian.o
a - oed__memory_nai_derv_batch.o
a - oed__ovl_derv_def_blocks.o
a - oed__ovl_set_ab.o
a - oed__pvp_1d_ab_integrals.o
a - oed__gener_xyz_batch.o
a - oed__memory_ovl_derv_csgto.o
a - oed__xyz_init_00_ints.o
a - oed__pvp_set_ijc_triples.o
a - oed__spherical_transform.o
a - oed__ovl_derv_int1d_to_00.o
a - oed__ctr_3index_reorder.o
a - oed__pvp_pcgto_block.o
a - oed__kin_1d_derv_integrals.o
a - oed__dsqmin_line_segments.o
a - oed__xyz_init_ovrlp.o
a - oed__memory_ovl_derv_batch.o
a - oed__kin_1d_integrals.o
a - oed__kin_derv_int1d_to_ab.o
a - oed__xyz_csgto.o
a - oed__ctr_pair_update.o
a - oed__xyz_derv_csgto.o
a - oed__ctr_2index_reorder.o
a - oed__ovl_e0_pcgto_block.o
a - oed__gener_kin_batch.o
a - oed__gener_pvp_batch.o
a - oed__nai_1d_shderv_integrals.o
a - oed__hrr_step.o
a - oed__kin_derv_pcgto_block.o
a - oed__xyz_set_derv_ab.o
a - oed__kin_derv_csgto.o
a - oed__nai_derv_int1d_to_ab.o
a - oed__kin_derv_int1d_to_a0.o
a - oed__kin_prepare_ctr.o
a - oed__pvp_set_ab.o
a - oed__nai_set_ijc_triples.o
a - oed__kin_csgto.o
a - oed__gener_ovl_batch.o
a - oed__ovl3c_set_ijk.o
a - oed__memory_kin_csgto.o
a - oed__xyz_derv_pcgto_block.o
cp liboedlib.a ../../../../../lib/liboed.a
rm -f make.out make.err
gmake[5]: Leaving directory `/home/perera/Develop/TTU_devls/acesiii/src/aces/aces_library/special_directory/oed'
gmake[5]: Entering directory `/home/perera/Develop/TTU_devls/acesiii/src/aces/aces_library/special_directory/direct_integral'
rm -f make.out make.err
mpif77 -c -D__fortran -D__fortran77 -DMPIF2C -Zp8 -zero -traceback -DMPI2 -shared-intel -O2 -msse3 -axcore-avx2,core-avx-i -I../../../../sia/include -I../aces2/include -I../../../../sia/sip/include -I$MPIHOME/include  compute_return_2dshieldzx.F 1>>make.out 2>>make.err
mpif77 -c -D__fortran -D__fortran77 -DMPIF2C -Zp8 -zero -traceback -DMPI2 -shared-intel -O2 -msse3 -axcore-avx2,core-avx-i -I../../../../sia/include -I../aces2/include -I../../../../sia/sip/include -I$MPIHOME/include  get1e.F 1>>make.out 2>>make.err
mpif77 -c -D__fortran -D__fortran77 -DMPIF2C -Zp8 -zero -traceback -DMPI2 -shared-intel -O2 -msse3 -axcore-avx2,core-avx-i -I../../../../sia/include -I../aces2/include -I../../../../sia/sip/include -I$MPIHOME/include  comp_return_yy.F 1>>make.out 2>>make.err
mpif77 -c -D__fortran -D__fortran77 -DMPIF2C -Zp8 -zero -traceback -DMPI2 -shared-intel -O2 -msse3 -axcore-avx2,core-avx-i -I../../../../sia/include -I../aces2/include -I../../../../sia/sip/include -I$MPIHOME/include  comp_return_y.F 1>>make.out 2>>make.err
mpif77 -c -D__fortran -D__fortran77 -DMPIF2C -Zp8 -zero -traceback -DMPI2 -shared-intel -O2 -msse3 -axcore-avx2,core-avx-i -I../../../../sia/include -I../aces2/include -I../../../../sia/sip/include -I$MPIHOME/include  compute_return_dshieldxz.F 1>>make.out 2>>make.err
mpif77 -c -D__fortran -D__fortran77 -DMPIF2C -Zp8 -zero -traceback -DMPI2 -shared-intel -O2 -msse3 -axcore-avx2,core-avx-i -I../../../../sia/include -I../aces2/include -I../../../../sia/sip/include -I$MPIHOME/include  contract_oed_2derv_integrals.F 1>>make.out 2>>make.err
mpif77 -c -D__fortran -D__fortran77 -DMPIF2C -Zp8 -zero -traceback -DMPI2 -shared-intel -O2 -msse3 -axcore-avx2,core-avx-i -I../../../../sia/include -I../aces2/include -I../../../../sia/sip/include -I$MPIHOME/include  compute_return_2soiz.F 1>>make.out 2>>make.err
mpif77 -c -D__fortran -D__fortran77 -DMPIF2C -Zp8 -zero -traceback -DMPI2 -shared-intel -O2 -msse3 -axcore-avx2,core-avx-i -I../../../../sia/include -I../aces2/include -I../../../../sia/sip/include -I$MPIHOME/include  compute_return_2dshieldxz.F 1>>make.out 2>>make.err
mpif77 -c -D__fortran -D__fortran77 -DMPIF2C -Zp8 -zero -traceback -DMPI2 -shared-intel -O2 -msse3 -axcore-avx2,core-avx-i -I../../../../sia/include -I../aces2/include -I../../../../sia/sip/include -I$MPIHOME/include  compute_return_2dshieldyy.F 1>>make.out 2>>make.err
mpif77 -c -D__fortran -D__fortran77 -DMPIF2C -Zp8 -zero -traceback -DMPI2 -shared-intel -O2 -msse3 -axcore-avx2,core-avx-i -I../../../../sia/include -I../aces2/include -I../../../../sia/sip/include -I$MPIHOME/include  comp_return_zz.F 1>>make.out 2>>make.err
mpif77 -c -D__fortran -D__fortran77 -DMPIF2C -Zp8 -zero -traceback -DMPI2 -shared-intel -O2 -msse3 -axcore-avx2,core-avx-i -I../../../../sia/include -I../aces2/include -I../../../../sia/sip/include -I$MPIHOME/include  contract_oed_2derv_type1b.F 1>>make.out 2>>make.err
mpif77 -c -D__fortran -D__fortran77 -DMPIF2C -Zp8 -zero -traceback -DMPI2 -shared-intel -O2 -msse3 -axcore-avx2,core-avx-i -I../../../../sia/include -I../aces2/include -I../../../../sia/sip/include -I$MPIHOME/include  compute_integrals_wrapper.F 1>>make.out 2>>make.err
mpif77 -c -D__fortran -D__fortran77 -DMPIF2C -Zp8 -zero -traceback -DMPI2 -shared-intel -O2 -msse3 -axcore-avx2,core-avx-i -I../../../../sia/include -I../aces2/include -I../../../../sia/sip/include -I$MPIHOME/include  comp_return_x.F 1>>make.out 2>>make.err
mpif77 -c -D__fortran -D__fortran77 -DMPIF2C -Zp8 -zero -traceback -DMPI2 -shared-intel -O2 -msse3 -axcore-avx2,core-avx-i -I../../../../sia/include -I../aces2/include -I../../../../sia/sip/include -I$MPIHOME/include  comp_return_h1.F 1>>make.out 2>>make.err
mpif77 -c -D__fortran -D__fortran77 -DMPIF2C -Zp8 -zero -traceback -DMPI2 -shared-intel -O2 -msse3 -axcore-avx2,core-avx-i -I../../../../sia/include -I../aces2/include -I../../../../sia/sip/include -I$MPIHOME/include  compute_return_2soix.F 1>>make.out 2>>make.err
mpif77 -c -D__fortran -D__fortran77 -DMPIF2C -Zp8 -zero -traceback -DMPI2 -shared-intel -O2 -msse3 -axcore-avx2,core-avx-i -I../../../../sia/include -I../aces2/include -I../../../../sia/sip/include -I$MPIHOME/include  comp_return_1el_dkh.F 1>>make.out 2>>make.err
mpif77 -c -D__fortran -D__fortran77 -DMPIF2C -Zp8 -zero -traceback -DMPI2 -shared-intel -O2 -msse3 -axcore-avx2,core-avx-i -I../../../../sia/include -I../aces2/include -I../../../../sia/sip/include -I$MPIHOME/include  comp_return_xx.F 1>>make.out 2>>make.err
mpif77 -c -D__fortran -D__fortran77 -DMPIF2C -Zp8 -zero -traceback -DMPI2 -shared-intel -O2 -msse3 -axcore-avx2,core-avx-i -I../../../../sia/include -I../aces2/include -I../../../../sia/sip/include -I$MPIHOME/include  comp_first_moment.F 1>>make.out 2>>make.err
mpif77 -c -D__fortran -D__fortran77 -DMPIF2C -Zp8 -zero -traceback -DMPI2 -shared-intel -O2 -msse3 -axcore-avx2,core-avx-i -I../../../../sia/include -I../aces2/include -I../../../../sia/sip/include -I$MPIHOME/include  contract_oed_2derv_num.F 1>>make.out 2>>make.err
mpif77 -c -D__fortran -D__fortran77 -DMPIF2C -Zp8 -zero -traceback -DMPI2 -shared-intel -O2 -msse3 -axcore-avx2,core-avx-i -I../../../../sia/include -I../aces2/include -I../../../../sia/sip/include -I$MPIHOME/include  comp_fock_der.F 1>>make.out 2>>make.err
mpif77 -c -D__fortran -D__fortran77 -DMPIF2C -Zp8 -zero -traceback -DMPI2 -shared-intel -O2 -msse3 -axcore-avx2,core-avx-i -I../../../../sia/include -I../aces2/include -I../../../../sia/sip/include -I$MPIHOME/include  ecp_to_erd.F 1>>make.out 2>>make.err
mpif77 -c -D__fortran -D__fortran77 -DMPIF2C -Zp8 -zero -traceback -DMPI2 -shared-intel -O2 -msse3 -axcore-avx2,core-avx-i -I../../../../sia/include -I../aces2/include -I../../../../sia/sip/include -I$MPIHOME/include  comp_return_ovl.F 1>>make.out 2>>make.err
mpif77 -c -D__fortran -D__fortran77 -DMPIF2C -Zp8 -zero -traceback -DMPI2 -shared-intel -O2 -msse3 -axcore-avx2,core-avx-i -I../../../../sia/include -I../aces2/include -I../../../../sia/sip/include -I$MPIHOME/include  comp_return_yz.F 1>>make.out 2>>make.err
mpif77 -c -D__fortran -D__fortran77 -DMPIF2C -Zp8 -zero -traceback -DMPI2 -shared-intel -O2 -msse3 -axcore-avx2,core-avx-i -I../../../../sia/include -I../aces2/include -I../../../../sia/sip/include -I$MPIHOME/include  read_dkh_ints.F 1>>make.out 2>>make.err
mpif77 -c -D__fortran -D__fortran77 -DMPIF2C -Zp8 -zero -traceback -DMPI2 -shared-intel -O2 -msse3 -axcore-avx2,core-avx-i -I../../../../sia/include -I../aces2/include -I../../../../sia/sip/include -I$MPIHOME/include  compute_return_1soix.F 1>>make.out 2>>make.err
mpif77 -c -D__fortran -D__fortran77 -DMPIF2C -Zp8 -zero -traceback -DMPI2 -shared-intel -O2 -msse3 -axcore-avx2,core-avx-i -I../../../../sia/include -I../aces2/include -I../../../../sia/sip/include -I$MPIHOME/include  ecp_renorm.F 1>>make.out 2>>make.err
mpif77 -c -D__fortran -D__fortran77 -DMPIF2C -Zp8 -zero -traceback -DMPI2 -shared-intel -O2 -msse3 -axcore-avx2,core-avx-i -I../../../../sia/include -I../aces2/include -I../../../../sia/sip/include -I$MPIHOME/include  compute_return_dshieldxx.F 1>>make.out 2>>make.err
mpif77 -c -D__fortran -D__fortran77 -DMPIF2C -Zp8 -zero -traceback -DMPI2 -shared-intel -O2 -msse3 -axcore-avx2,core-avx-i -I../../../../sia/include -I../aces2/include -I../../../../sia/sip/include -I$MPIHOME/include  comp_return_xz.F 1>>make.out 2>>make.err
mpif77 -c -D__fortran -D__fortran77 -DMPIF2C -Zp8 -zero -traceback -DMPI2 -shared-intel -O2 -msse3 -axcore-avx2,core-avx-i -I../../../../sia/include -I../aces2/include -I../../../../sia/sip/include -I$MPIHOME/include  contract_oed_2derv_type1_numint.F 1>>make.out 2>>make.err
mpif77 -c -D__fortran -D__fortran77 -DMPIF2C -Zp8 -zero -traceback -DMPI2 -shared-intel -O2 -msse3 -axcore-avx2,core-avx-i -I../../../../sia/include -I../aces2/include -I../../../../sia/sip/include -I$MPIHOME/include  contract_ecp_derv_integrals.F 1>>make.out 2>>make.err
mpif77 -c -D__fortran -D__fortran77 -DMPIF2C -Zp8 -zero -traceback -DMPI2 -shared-intel -O2 -msse3 -axcore-avx2,core-avx-i -I../../../../sia/include -I../aces2/include -I../../../../sia/sip/include -I$MPIHOME/include  compute_return_2dshieldzz.F 1>>make.out 2>>make.err
mpif77 -c -D__fortran -D__fortran77 -DMPIF2C -Zp8 -zero -traceback -DMPI2 -shared-intel -O2 -msse3 -axcore-avx2,core-avx-i -I../../../../sia/include -I../aces2/include -I../../../../sia/sip/include -I$MPIHOME/include  contract_oed_2derv_type1.F 1>>make.out 2>>make.err
mpif77 -c -D__fortran -D__fortran77 -DMPIF2C -Zp8 -zero -traceback -DMPI2 -shared-intel -O2 -msse3 -axcore-avx2,core-avx-i -I../../../../sia/include -I../aces2/include -I../../../../sia/sip/include -I$MPIHOME/include  compute_return_angmomy.F 1>>make.out 2>>make.err
mpif77 -c -D__fortran -D__fortran77 -DMPIF2C -Zp8 -zero -traceback -DMPI2 -shared-intel -O2 -msse3 -axcore-avx2,core-avx-i -I../../../../sia/include -I../aces2/include -I../../../../sia/sip/include -I$MPIHOME/include  compute_return_dshieldyz.F 1>>make.out 2>>make.err
mpif77 -c -D__fortran -D__fortran77 -DMPIF2C -Zp8 -zero -traceback -DMPI2 -shared-intel -O2 -msse3 -axcore-avx2,core-avx-i -I../../../../sia/include -I../aces2/include -I../../../../sia/sip/include -I$MPIHOME/include  compute_return_pvp.F 1>>make.out 2>>make.err
mpif77 -c -D__fortran -D__fortran77 -DMPIF2C -Zp8 -zero -traceback -DMPI2 -shared-intel -O2 -msse3 -axcore-avx2,core-avx-i -I../../../../sia/include -I../aces2/include -I../../../../sia/sip/include -I$MPIHOME/include  compute_return_2dshieldzy.F 1>>make.out 2>>make.err
mpif77 -c -D__fortran -D__fortran77 -DMPIF2C -Zp8 -zero -traceback -DMPI2 -shared-intel -O2 -msse3 -axcore-avx2,core-avx-i -I../../../../sia/include -I../aces2/include -I../../../../sia/sip/include -I$MPIHOME/include  compute_return_1soiz.F 1>>make.out 2>>make.err
mpif77 -c -D__fortran -D__fortran77 -DMPIF2C -Zp8 -zero -traceback -DMPI2 -shared-intel -O2 -msse3 -axcore-avx2,core-avx-i -I../../../../sia/include -I../aces2/include -I../../../../sia/sip/include -I$MPIHOME/include  compute_return_2dshieldyx.F 1>>make.out 2>>make.err
mpif77 -c -D__fortran -D__fortran77 -DMPIF2C -Zp8 -zero -traceback -DMPI2 -shared-intel -O2 -msse3 -axcore-avx2,core-avx-i -I../../../../sia/include -I../aces2/include -I../../../../sia/sip/include -I$MPIHOME/include  comp_dipole_moment.F 1>>make.out 2>>make.err
mpif77 -c -D__fortran -D__fortran77 -DMPIF2C -Zp8 -zero -traceback -DMPI2 -shared-intel -O2 -msse3 -axcore-avx2,core-avx-i -I../../../../sia/include -I../aces2/include -I../../../../sia/sip/include -I$MPIHOME/include  contract_oed_derv_integrals.F 1>>make.out 2>>make.err
mpif77 -c -D__fortran -D__fortran77 -DMPIF2C -Zp8 -zero -traceback -DMPI2 -shared-intel -O2 -msse3 -axcore-avx2,core-avx-i -I../../../../sia/include -I../aces2/include -I../../../../sia/sip/include -I$MPIHOME/include  compute_return_2soiy.F 1>>make.out 2>>make.err
mpif77 -c -D__fortran -D__fortran77 -DMPIF2C -Zp8 -zero -traceback -DMPI2 -shared-intel -O2 -msse3 -axcore-avx2,core-avx-i -I../../../../sia/include -I../aces2/include -I../../../../sia/sip/include -I$MPIHOME/include  compute_return_1soiy.F 1>>make.out 2>>make.err
mpif77 -c -D__fortran -D__fortran77 -DMPIF2C -Zp8 -zero -traceback -DMPI2 -shared-intel -O2 -msse3 -axcore-avx2,core-avx-i -I../../../../sia/include -I../aces2/include -I../../../../sia/sip/include -I$MPIHOME/include  comp_return_h1_nodiag.F 1>>make.out 2>>make.err
mpif77 -c -D__fortran -D__fortran77 -DMPIF2C -Zp8 -zero -traceback -DMPI2 -shared-intel -O2 -msse3 -axcore-avx2,core-avx-i -I../../../../sia/include -I../aces2/include -I../../../../sia/sip/include -I$MPIHOME/include  compute_return_dshieldzx.F 1>>make.out 2>>make.err
mpif77 -c -D__fortran -D__fortran77 -DMPIF2C -Zp8 -zero -traceback -DMPI2 -shared-intel -O2 -msse3 -axcore-avx2,core-avx-i -I../../../../sia/include -I../aces2/include -I../../../../sia/sip/include -I$MPIHOME/include  compute_return_angmomz.F 1>>make.out 2>>make.err
mpif77 -c -D__fortran -D__fortran77 -DMPIF2C -Zp8 -zero -traceback -DMPI2 -shared-intel -O2 -msse3 -axcore-avx2,core-avx-i -I../../../../sia/include -I../aces2/include -I../../../../sia/sip/include -I$MPIHOME/include  compute_return_dshieldyx.F 1>>make.out 2>>make.err
mpif77 -c -D__fortran -D__fortran77 -DMPIF2C -Zp8 -zero -traceback -DMPI2 -shared-intel -O2 -msse3 -axcore-avx2,core-avx-i -I../../../../sia/include -I../aces2/include -I../../../../sia/sip/include -I$MPIHOME/include  sip_integral_init.F 1>>make.out 2>>make.err
mpif77 -c -D__fortran -D__fortran77 -DMPIF2C -Zp8 -zero -traceback -DMPI2 -shared-intel -O2 -msse3 -axcore-avx2,core-avx-i -I../../../../sia/include -I../aces2/include -I../../../../sia/sip/include -I$MPIHOME/include  compute_return_2dshieldyz.F 1>>make.out 2>>make.err
mpif77 -c -D__fortran -D__fortran77 -DMPIF2C -Zp8 -zero -traceback -DMPI2 -shared-intel -O2 -msse3 -axcore-avx2,core-avx-i -I../../../../sia/include -I../aces2/include -I../../../../sia/sip/include -I$MPIHOME/include  compute_return_2dshieldxx.F 1>>make.out 2>>make.err
mpif77 -c -D__fortran -D__fortran77 -DMPIF2C -Zp8 -zero -traceback -DMPI2 -shared-intel -O2 -msse3 -axcore-avx2,core-avx-i -I../../../../sia/include -I../aces2/include -I../../../../sia/sip/include -I$MPIHOME/include  contract_oed_delta_integrals.F 1>>make.out 2>>make.err
mpif77 -c -D__fortran -D__fortran77 -DMPIF2C -Zp8 -zero -traceback -DMPI2 -shared-intel -O2 -msse3 -axcore-avx2,core-avx-i -I../../../../sia/include -I../aces2/include -I../../../../sia/sip/include -I$MPIHOME/include  comp_return_xy.F 1>>make.out 2>>make.err
mpif77 -c -D__fortran -D__fortran77 -DMPIF2C -Zp8 -zero -traceback -DMPI2 -shared-intel -O2 -msse3 -axcore-avx2,core-avx-i -I../../../../sia/include -I../aces2/include -I../../../../sia/sip/include -I$MPIHOME/include  compute_return_dshieldyy.F 1>>make.out 2>>make.err
mpif77 -c -D__fortran -D__fortran77 -DMPIF2C -Zp8 -zero -traceback -DMPI2 -shared-intel -O2 -msse3 -axcore-avx2,core-avx-i -I../../../../sia/include -I../aces2/include -I../../../../sia/sip/include -I$MPIHOME/include  comp_return_derv_xyz.F 1>>make.out 2>>make.err
mpif77 -c -D__fortran -D__fortran77 -DMPIF2C -Zp8 -zero -traceback -DMPI2 -shared-intel -O2 -msse3 -axcore-avx2,core-avx-i -I../../../../sia/include -I../aces2/include -I../../../../sia/sip/include -I$MPIHOME/include  compute_oed_integrals.F 1>>make.out 2>>make.err
mpif77 -c -D__fortran -D__fortran77 -DMPIF2C -Zp8 -zero -traceback -DMPI2 -shared-intel -O2 -msse3 -axcore-avx2,core-avx-i -I../../../../sia/include -I../aces2/include -I../../../../sia/sip/include -I$MPIHOME/include  comp_second_moment.F 1>>make.out 2>>make.err
mpif77 -c -D__fortran -D__fortran77 -DMPIF2C -Zp8 -zero -traceback -DMPI2 -shared-intel -O2 -msse3 -axcore-avx2,core-avx-i -I../../../../sia/include -I../aces2/include -I../../../../sia/sip/include -I$MPIHOME/include  compute_return_dshieldzz.F 1>>make.out 2>>make.err
mpif77 -c -D__fortran -D__fortran77 -DMPIF2C -Zp8 -zero -traceback -DMPI2 -shared-intel -O2 -msse3 -axcore-avx2,core-avx-i -I../../../../sia/include -I../aces2/include -I../../../../sia/sip/include -I$MPIHOME/include  compute_return_angmomx.F 1>>make.out 2>>make.err
mpif77 -c -D__fortran -D__fortran77 -DMPIF2C -Zp8 -zero -traceback -DMPI2 -shared-intel -O2 -msse3 -axcore-avx2,core-avx-i -I../../../../sia/include -I../aces2/include -I../../../../sia/sip/include -I$MPIHOME/include  compute_return_dshieldzy.F 1>>make.out 2>>make.err
mpif77 -c -D__fortran -D__fortran77 -DMPIF2C -Zp8 -zero -traceback -DMPI2 -shared-intel -O2 -msse3 -axcore-avx2,core-avx-i -I../../../../sia/include -I../aces2/include -I../../../../sia/sip/include -I$MPIHOME/include  compute_return_dshieldxy.F 1>>make.out 2>>make.err
mpif77 -c -D__fortran -D__fortran77 -DMPIF2C -Zp8 -zero -traceback -DMPI2 -shared-intel -O2 -msse3 -axcore-avx2,core-avx-i -I../../../../sia/include -I../aces2/include -I../../../../sia/sip/include -I$MPIHOME/include  contract_oed_2derv_type1a.F 1>>make.out 2>>make.err
mpif77 -c -D__fortran -D__fortran77 -DMPIF2C -Zp8 -zero -traceback -DMPI2 -shared-intel -O2 -msse3 -axcore-avx2,core-avx-i -I../../../../sia/include -I../aces2/include -I../../../../sia/sip/include -I$MPIHOME/include  compute_return_2dshieldxy.F 1>>make.out 2>>make.err
mpif77 -c -D__fortran -D__fortran77 -DMPIF2C -Zp8 -zero -traceback -DMPI2 -shared-intel -O2 -msse3 -axcore-avx2,core-avx-i -I../../../../sia/include -I../aces2/include -I../../../../sia/sip/include -I$MPIHOME/include  compute_return_kin.F 1>>make.out 2>>make.err
mpif77 -c -D__fortran -D__fortran77 -DMPIF2C -Zp8 -zero -traceback -DMPI2 -shared-intel -O2 -msse3 -axcore-avx2,core-avx-i -I../../../../sia/include -I../aces2/include -I../../../../sia/sip/include -I$MPIHOME/include  comp_overlap_der.F 1>>make.out 2>>make.err
mpif77 -c -D__fortran -D__fortran77 -DMPIF2C -Zp8 -zero -traceback -DMPI2 -shared-intel -O2 -msse3 -axcore-avx2,core-avx-i -I../../../../sia/include -I../aces2/include -I../../../../sia/sip/include -I$MPIHOME/include  comp_return_z.F 1>>make.out 2>>make.err
mpif77 -c -D__fortran -D__fortran77 -DMPIF2C -Zp8 -zero -traceback -DMPI2 -shared-intel -O2 -msse3 -axcore-avx2,core-avx-i -I../../../../sia/include -I../aces2/include -I../../../../sia/sip/include -I$MPIHOME/include  segment_mol.f 1>>make.out 2>>make.err
mpif77 -c -D__fortran -D__fortran77 -DMPIF2C -Zp8 -zero -traceback -DMPI2 -shared-intel -O2 -msse3 -axcore-avx2,core-avx-i -I../../../../sia/include -I../aces2/include -I../../../../sia/sip/include -I$MPIHOME/include  erd_combo_scratch_mem_calc.f 1>>make.out 2>>make.err
mpif77 -c -D__fortran -D__fortran77 -DMPIF2C -Zp8 -zero -traceback -DMPI2 -shared-intel -O2 -msse3 -axcore-avx2,core-avx-i -I../../../../sia/include -I../aces2/include -I../../../../sia/sip/include -I$MPIHOME/include  aces_to_erd.f 1>>make.out 2>>make.err
mpif77 -c -D__fortran -D__fortran77 -DMPIF2C -Zp8 -zero -traceback -DMPI2 -shared-intel -O2 -msse3 -axcore-avx2,core-avx-i -I../../../../sia/include -I../aces2/include -I../../../../sia/sip/include -I$MPIHOME/include  binpack.f 1>>make.out 2>>make.err
mpif77 -c -D__fortran -D__fortran77 -DMPIF2C -Zp8 -zero -traceback -DMPI2 -shared-intel -O2 -msse3 -axcore-avx2,core-avx-i -I../../../../sia/include -I../aces2/include -I../../../../sia/sip/include -I$MPIHOME/include  setup_ccbeg.f 1>>make.out 2>>make.err
mpif77 -c -D__fortran -D__fortran77 -DMPIF2C -Zp8 -zero -traceback -DMPI2 -shared-intel -O2 -msse3 -axcore-avx2,core-avx-i -I../../../../sia/include -I../aces2/include -I../../../../sia/sip/include -I$MPIHOME/include  contract_erd_2der.f 1>>make.out 2>>make.err
mpif77 -c -D__fortran -D__fortran77 -DMPIF2C -Zp8 -zero -traceback -DMPI2 -shared-intel -O2 -msse3 -axcore-avx2,core-avx-i -I../../../../sia/include -I../aces2/include -I../../../../sia/sip/include -I$MPIHOME/include  test2d_numint.f 1>>make.out 2>>make.err
mpif77 -c -D__fortran -D__fortran77 -DMPIF2C -Zp8 -zero -traceback -DMPI2 -shared-intel -O2 -msse3 -axcore-avx2,core-avx-i -I../../../../sia/include -I../aces2/include -I../../../../sia/sip/include -I$MPIHOME/include  compute_der2_batch.f 1>>make.out 2>>make.err
mpif77 -c -D__fortran -D__fortran77 -DMPIF2C -Zp8 -zero -traceback -DMPI2 -shared-intel -O2 -msse3 -axcore-avx2,core-avx-i -I../../../../sia/include -I../aces2/include -I../../../../sia/sip/include -I$MPIHOME/include  compute_erd3.f 1>>make.out 2>>make.err
mpif77 -c -D__fortran -D__fortran77 -DMPIF2C -Zp8 -zero -traceback -DMPI2 -shared-intel -O2 -msse3 -axcore-avx2,core-avx-i -I../../../../sia/include -I../aces2/include -I../../../../sia/sip/include -I$MPIHOME/include  pack_coeffs_ovl3c.f 1>>make.out 2>>make.err
mpif77 -c -D__fortran -D__fortran77 -DMPIF2C -Zp8 -zero -traceback -DMPI2 -shared-intel -O2 -msse3 -axcore-avx2,core-avx-i -I../../../../sia/include -I../aces2/include -I../../../../sia/sip/include -I$MPIHOME/include  tester_MRT2.f 1>>make.out 2>>make.err
mpif77 -c -D__fortran -D__fortran77 -DMPIF2C -Zp8 -zero -traceback -DMPI2 -shared-intel -O2 -msse3 -axcore-avx2,core-avx-i -I../../../../sia/include -I../aces2/include -I../../../../sia/sip/include -I$MPIHOME/include  erd_2dsh_scratch_mem_calc.f 1>>make.out 2>>make.err
mpif77 -c -D__fortran -D__fortran77 -DMPIF2C -Zp8 -zero -traceback -DMPI2 -shared-intel -O2 -msse3 -axcore-avx2,core-avx-i -I../../../../sia/include -I../aces2/include -I../../../../sia/sip/include -I$MPIHOME/include  pack_coeffs_oed.f 1>>make.out 2>>make.err
mpif77 -c -D__fortran -D__fortran77 -DMPIF2C -Zp8 -zero -traceback -DMPI2 -shared-intel -O2 -msse3 -axcore-avx2,core-avx-i -I../../../../sia/include -I../aces2/include -I../../../../sia/sip/include -I$MPIHOME/include  tester_MRT1.f 1>>make.out 2>>make.err
mpif77 -c -D__fortran -D__fortran77 -DMPIF2C -Zp8 -zero -traceback -DMPI2 -shared-intel -O2 -msse3 -axcore-avx2,core-avx-i -I../../../../sia/include -I../aces2/include -I../../../../sia/sip/include -I$MPIHOME/include  tester_MRT4.f 1>>make.out 2>>make.err
mpif77 -c -D__fortran -D__fortran77 -DMPIF2C -Zp8 -zero -traceback -DMPI2 -shared-intel -O2 -msse3 -axcore-avx2,core-avx-i -I../../../../sia/include -I../aces2/include -I../../../../sia/sip/include -I$MPIHOME/include  compute_erd_2e_derv_integrals.f 1>>make.out 2>>make.err
mpif77 -c -D__fortran -D__fortran77 -DMPIF2C -Zp8 -zero -traceback -DMPI2 -shared-intel -O2 -msse3 -axcore-avx2,core-avx-i -I../../../../sia/include -I../aces2/include -I../../../../sia/sip/include -I$MPIHOME/include  lookup_shell.f 1>>make.out 2>>make.err
mpif77 -c -D__fortran -D__fortran77 -DMPIF2C -Zp8 -zero -traceback -DMPI2 -shared-intel -O2 -msse3 -axcore-avx2,core-avx-i -I../../../../sia/include -I../aces2/include -I../../../../sia/sip/include -I$MPIHOME/include  tester_MRT3.f 1>>make.out 2>>make.err
mpif77 -c -D__fortran -D__fortran77 -DMPIF2C -Zp8 -zero -traceback -DMPI2 -shared-intel -O2 -msse3 -axcore-avx2,core-avx-i -I../../../../sia/include -I../aces2/include -I../../../../sia/sip/include -I$MPIHOME/include  fast_erd_scratch_mem_calc.f 1>>make.out 2>>make.err
mpif77 -c -D__fortran -D__fortran77 -DMPIF2C -Zp8 -zero -traceback -DMPI2 -shared-intel -O2 -msse3 -axcore-avx2,core-avx-i -I../../../../sia/include -I../aces2/include -I../../../../sia/sip/include -I$MPIHOME/include  compute_integrals.f 1>>make.out 2>>make.err
mpif77 -c -D__fortran -D__fortran77 -DMPIF2C -Zp8 -zero -traceback -DMPI2 -shared-intel -O2 -msse3 -axcore-avx2,core-avx-i -I../../../../sia/include -I../aces2/include -I../../../../sia/sip/include -I$MPIHOME/include  move_integrals.f 1>>make.out 2>>make.err
mpif77 -c -D__fortran -D__fortran77 -DMPIF2C -Zp8 -zero -traceback -DMPI2 -shared-intel -O2 -msse3 -axcore-avx2,core-avx-i -I../../../../sia/include -I../aces2/include -I../../../../sia/sip/include -I$MPIHOME/include  nn_repulsion_energy.f 1>>make.out 2>>make.err
mpif77 -c -D__fortran -D__fortran77 -DMPIF2C -Zp8 -zero -traceback -DMPI2 -shared-intel -O2 -msse3 -axcore-avx2,core-avx-i -I../../../../sia/include -I../aces2/include -I../../../../sia/sip/include -I$MPIHOME/include  pack_coeffs.f 1>>make.out 2>>make.err
mpif77 -c -D__fortran -D__fortran77 -DMPIF2C -Zp8 -zero -traceback -DMPI2 -shared-intel -O2 -msse3 -axcore-avx2,core-avx-i -I../../../../sia/include -I../aces2/include -I../../../../sia/sip/include -I$MPIHOME/include  compute_erd_2e_Sderv_integrals.f 1>>make.out 2>>make.err
mpif77 -c -D__fortran -D__fortran77 -DMPIF2C -Zp8 -zero -traceback -DMPI2 -shared-intel -O2 -msse3 -axcore-avx2,core-avx-i -I../../../../sia/include -I../aces2/include -I../../../../sia/sip/include -I$MPIHOME/include  erd_scratch_mem_calc.f 1>>make.out 2>>make.err
mpif77 -c -D__fortran -D__fortran77 -DMPIF2C -Zp8 -zero -traceback -DMPI2 -shared-intel -O2 -msse3 -axcore-avx2,core-avx-i -I../../../../sia/include -I../aces2/include -I../../../../sia/sip/include -I$MPIHOME/include  compute_der_batch.f 1>>make.out 2>>make.err
mpif77 -c -D__fortran -D__fortran77 -DMPIF2C -Zp8 -zero -traceback -DMPI2 -shared-intel -O2 -msse3 -axcore-avx2,core-avx-i -I../../../../sia/include -I../aces2/include -I../../../../sia/sip/include -I$MPIHOME/include  erd_soi_scratch_mem_calc.f 1>>make.out 2>>make.err
rm -f make.out make.err
gmake[5]: Leaving directory `/home/perera/Develop/TTU_devls/acesiii/src/aces/aces_library/special_directory/direct_integral'
gmake[5]: Entering directory `/home/perera/Develop/TTU_devls/acesiii/src/aces/aces_library/special_directory/dup'
rm -f make.out make.err
mpif77 -c -D__fortran -D__fortran77 -DMPIF2C -Zp8 -zero -traceback -DMPI2 -shared-intel -O2 -msse3 -axcore-avx2,core-avx-i -I../../../../sia/include -I../aces2/include -I$MPIHOME/include  idamax.F 1>>make.out 2>>make.err
mpif77 -c -D__fortran -D__fortran77 -DMPIF2C -Zp8 -zero -traceback -DMPI2 -shared-intel -O2 -msse3 -axcore-avx2,core-avx-i -I../../../../sia/include -I../aces2/include -I$MPIHOME/include  dgedi.F 1>>make.out 2>>make.err
mpif77 -c -D__fortran -D__fortran77 -DMPIF2C -Zp8 -zero -traceback -DMPI2 -shared-intel -O2 -msse3 -axcore-avx2,core-avx-i -I../../../../sia/include -I../aces2/include -I$MPIHOME/include  xgemm.F 1>>make.out 2>>make.err
mpif77 -c -D__fortran -D__fortran77 -DMPIF2C -Zp8 -zero -traceback -DMPI2 -shared-intel -O2 -msse3 -axcore-avx2,core-avx-i -I../../../../sia/include -I../aces2/include -I$MPIHOME/include  dsyev.F 1>>make.out 2>>make.err
mpif77 -c -D__fortran -D__fortran77 -DMPIF2C -Zp8 -zero -traceback -DMPI2 -shared-intel -O2 -msse3 -axcore-avx2,core-avx-i -I../../../../sia/include -I../aces2/include -I$MPIHOME/include  elmhes.F 1>>make.out 2>>make.err
mpif77 -c -D__fortran -D__fortran77 -DMPIF2C -Zp8 -zero -traceback -DMPI2 -shared-intel -O2 -msse3 -axcore-avx2,core-avx-i -I../../../../sia/include -I../aces2/include -I$MPIHOME/include  xddot.F 1>>make.out 2>>make.err
mpif77 -c -D__fortran -D__fortran77 -DMPIF2C -Zp8 -zero -traceback -DMPI2 -shared-intel -O2 -msse3 -axcore-avx2,core-avx-i -I../../../../sia/include -I../aces2/include -I$MPIHOME/include  dswap.F 1>>make.out 2>>make.err
mpif77 -c -D__fortran -D__fortran77 -DMPIF2C -Zp8 -zero -traceback -DMPI2 -shared-intel -O2 -msse3 -axcore-avx2,core-avx-i -I../../../../sia/include -I../aces2/include -I$MPIHOME/include  xscal.F 1>>make.out 2>>make.err
mpif77 -c -D__fortran -D__fortran77 -DMPIF2C -Zp8 -zero -traceback -DMPI2 -shared-intel -O2 -msse3 -axcore-avx2,core-avx-i -I../../../../sia/include -I../aces2/include -I$MPIHOME/include  hqr.F 1>>make.out 2>>make.err
mpif77 -c -D__fortran -D__fortran77 -DMPIF2C -Zp8 -zero -traceback -DMPI2 -shared-intel -O2 -msse3 -axcore-avx2,core-avx-i -I../../../../sia/include -I../aces2/include -I$MPIHOME/include  dcopy.F 1>>make.out 2>>make.err
mpif77 -c -D__fortran -D__fortran77 -DMPIF2C -Zp8 -zero -traceback -DMPI2 -shared-intel -O2 -msse3 -axcore-avx2,core-avx-i -I../../../../sia/include -I../aces2/include -I$MPIHOME/include  dgeco.F 1>>make.out 2>>make.err
mpif77 -c -D__fortran -D__fortran77 -DMPIF2C -Zp8 -zero -traceback -DMPI2 -shared-intel -O2 -msse3 -axcore-avx2,core-avx-i -I../../../../sia/include -I../aces2/include -I$MPIHOME/include  dgesl.F 1>>make.out 2>>make.err
mpif77 -c -D__fortran -D__fortran77 -DMPIF2C -Zp8 -zero -traceback -DMPI2 -shared-intel -O2 -msse3 -axcore-avx2,core-avx-i -I../../../../sia/include -I../aces2/include -I$MPIHOME/include  dsum.F 1>>make.out 2>>make.err
mpif77 -c -D__fortran -D__fortran77 -DMPIF2C -Zp8 -zero -traceback -DMPI2 -shared-intel -O2 -msse3 -axcore-avx2,core-avx-i -I../../../../sia/include -I../aces2/include -I$MPIHOME/include  ddot.F 1>>make.out 2>>make.err
mpif77 -c -D__fortran -D__fortran77 -DMPIF2C -Zp8 -zero -traceback -DMPI2 -shared-intel -O2 -msse3 -axcore-avx2,core-avx-i -I../../../../sia/include -I../aces2/include -I$MPIHOME/include  xdot.F 1>>make.out 2>>make.err
mpif77 -c -D__fortran -D__fortran77 -DMPIF2C -Zp8 -zero -traceback -DMPI2 -shared-intel -O2 -msse3 -axcore-avx2,core-avx-i -I../../../../sia/include -I../aces2/include -I$MPIHOME/include  dasum.F 1>>make.out 2>>make.err
mpif77 -c -D__fortran -D__fortran77 -DMPIF2C -Zp8 -zero -traceback -DMPI2 -shared-intel -O2 -msse3 -axcore-avx2,core-avx-i -I../../../../sia/include -I../aces2/include -I$MPIHOME/include  dgefa.F 1>>make.out 2>>make.err
mpif77 -c -D__fortran -D__fortran77 -DMPIF2C -Zp8 -zero -traceback -DMPI2 -shared-intel -O2 -msse3 -axcore-avx2,core-avx-i -I../../../../sia/include -I../aces2/include -I$MPIHOME/include  dnrm2.F 1>>make.out 2>>make.err
mpif77 -c -D__fortran -D__fortran77 -DMPIF2C -Zp8 -zero -traceback -DMPI2 -shared-intel -O2 -msse3 -axcore-avx2,core-avx-i -I../../../../sia/include -I../aces2/include -I$MPIHOME/include  xcopy.F 1>>make.out 2>>make.err
mpif77 -c -D__fortran -D__fortran77 -DMPIF2C -Zp8 -zero -traceback -DMPI2 -shared-intel -O2 -msse3 -axcore-avx2,core-avx-i -I../../../../sia/include -I../aces2/include -I$MPIHOME/include  daxpy.F 1>>make.out 2>>make.err
mpif77 -c -D__fortran -D__fortran77 -DMPIF2C -Zp8 -zero -traceback -DMPI2 -shared-intel -O2 -msse3 -axcore-avx2,core-avx-i -I../../../../sia/include -I../aces2/include -I$MPIHOME/include  eltran.F 1>>make.out 2>>make.err
mpif77 -c -D__fortran -D__fortran77 -DMPIF2C -Zp8 -zero -traceback -DMPI2 -shared-intel -O2 -msse3 -axcore-avx2,core-avx-i -I../../../../sia/include -I../aces2/include -I$MPIHOME/include  dlasrt.f 1>>make.out 2>>make.err
mpif77 -c -D__fortran -D__fortran77 -DMPIF2C -Zp8 -zero -traceback -DMPI2 -shared-intel -O2 -msse3 -axcore-avx2,core-avx-i -I../../../../sia/include -I../aces2/include -I$MPIHOME/include  ieeeck.f 1>>make.out 2>>make.err
mpif77 -c -D__fortran -D__fortran77 -DMPIF2C -Zp8 -zero -traceback -DMPI2 -shared-intel -O2 -msse3 -axcore-avx2,core-avx-i -I../../../../sia/include -I../aces2/include -I$MPIHOME/include  dtrsm.f 1>>make.out 2>>make.err
mpif77 -c -D__fortran -D__fortran77 -DMPIF2C -Zp8 -zero -traceback -DMPI2 -shared-intel -O2 -msse3 -axcore-avx2,core-avx-i -I../../../../sia/include -I../aces2/include -I$MPIHOME/include  xdcopy.f 1>>make.out 2>>make.err
mpif77 -c -D__fortran -D__fortran77 -DMPIF2C -Zp8 -zero -traceback -DMPI2 -shared-intel -O2 -msse3 -axcore-avx2,core-avx-i -I../../../../sia/include -I../aces2/include -I$MPIHOME/include  dlae2.f 1>>make.out 2>>make.err
mpif77 -c -D__fortran -D__fortran77 -DMPIF2C -Zp8 -zero -traceback -DMPI2 -shared-intel -O2 -msse3 -axcore-avx2,core-avx-i -I../../../../sia/include -I../aces2/include -I$MPIHOME/include  dgetri.f 1>>make.out 2>>make.err
mpif77 -c -D__fortran -D__fortran77 -DMPIF2C -Zp8 -zero -traceback -DMPI2 -shared-intel -O2 -msse3 -axcore-avx2,core-avx-i -I../../../../sia/include -I../aces2/include -I$MPIHOME/include  dorgql.f 1>>make.out 2>>make.err
mpif77 -c -D__fortran -D__fortran77 -DMPIF2C -Zp8 -zero -traceback -DMPI2 -shared-intel -O2 -msse3 -axcore-avx2,core-avx-i -I../../../../sia/include -I../aces2/include -I$MPIHOME/include  dlamc1.f 1>>make.out 2>>make.err
mpif77 -c -D__fortran -D__fortran77 -DMPIF2C -Zp8 -zero -traceback -DMPI2 -shared-intel -O2 -msse3 -axcore-avx2,core-avx-i -I../../../../sia/include -I../aces2/include -I$MPIHOME/include  dtrtri.f 1>>make.out 2>>make.err
mpif77 -c -D__fortran -D__fortran77 -DMPIF2C -Zp8 -zero -traceback -DMPI2 -shared-intel -O2 -msse3 -axcore-avx2,core-avx-i -I../../../../sia/include -I../aces2/include -I$MPIHOME/include  xdnrm2.f 1>>make.out 2>>make.err
mpif77 -c -D__fortran -D__fortran77 -DMPIF2C -Zp8 -zero -traceback -DMPI2 -shared-intel -O2 -msse3 -axcore-avx2,core-avx-i -I../../../../sia/include -I../aces2/include -I$MPIHOME/include  dlartg.f 1>>make.out 2>>make.err
mpif77 -c -D__fortran -D__fortran77 -DMPIF2C -Zp8 -zero -traceback -DMPI2 -shared-intel -O2 -msse3 -axcore-avx2,core-avx-i -I../../../../sia/include -I../aces2/include -I$MPIHOME/include  dsytrd.f 1>>make.out 2>>make.err
mpif77 -c -D__fortran -D__fortran77 -DMPIF2C -Zp8 -zero -traceback -DMPI2 -shared-intel -O2 -msse3 -axcore-avx2,core-avx-i -I../../../../sia/include -I../aces2/include -I$MPIHOME/include  dlascl.f 1>>make.out 2>>make.err
mpif77 -c -D__fortran -D__fortran77 -DMPIF2C -Zp8 -zero -traceback -DMPI2 -shared-intel -O2 -msse3 -axcore-avx2,core-avx-i -I../../../../sia/include -I../aces2/include -I$MPIHOME/include  dlamc3.f 1>>make.out 2>>make.err
mpif77 -c -D__fortran -D__fortran77 -DMPIF2C -Zp8 -zero -traceback -DMPI2 -shared-intel -O2 -msse3 -axcore-avx2,core-avx-i -I../../../../sia/include -I../aces2/include -I$MPIHOME/include  xdscal.f 1>>make.out 2>>make.err
mpif77 -c -D__fortran -D__fortran77 -DMPIF2C -Zp8 -zero -traceback -DMPI2 -shared-intel -O2 -msse3 -axcore-avx2,core-avx-i -I../../../../sia/include -I../aces2/include -I$MPIHOME/include  dlamc2.f 1>>make.out 2>>make.err
mpif77 -c -D__fortran -D__fortran77 -DMPIF2C -Zp8 -zero -traceback -DMPI2 -shared-intel -O2 -msse3 -axcore-avx2,core-avx-i -I../../../../sia/include -I../aces2/include -I$MPIHOME/include  dlamc4.f 1>>make.out 2>>make.err
mpif77 -c -D__fortran -D__fortran77 -DMPIF2C -Zp8 -zero -traceback -DMPI2 -shared-intel -O2 -msse3 -axcore-avx2,core-avx-i -I../../../../sia/include -I../aces2/include -I$MPIHOME/include  xdgemv.f 1>>make.out 2>>make.err
mpif77 -c -D__fortran -D__fortran77 -DMPIF2C -Zp8 -zero -traceback -DMPI2 -shared-intel -O2 -msse3 -axcore-avx2,core-avx-i -I../../../../sia/include -I../aces2/include -I$MPIHOME/include  dlaev2.f 1>>make.out 2>>make.err
mpif77 -c -D__fortran -D__fortran77 -DMPIF2C -Zp8 -zero -traceback -DMPI2 -shared-intel -O2 -msse3 -axcore-avx2,core-avx-i -I../../../../sia/include -I../aces2/include -I$MPIHOME/include  dgetrf.f 1>>make.out 2>>make.err
mpif77 -c -D__fortran -D__fortran77 -DMPIF2C -Zp8 -zero -traceback -DMPI2 -shared-intel -O2 -msse3 -axcore-avx2,core-avx-i -I../../../../sia/include -I../aces2/include -I$MPIHOME/include  lsame.f 1>>make.out 2>>make.err
mpif77 -c -D__fortran -D__fortran77 -DMPIF2C -Zp8 -zero -traceback -DMPI2 -shared-intel -O2 -msse3 -axcore-avx2,core-avx-i -I../../../../sia/include -I../aces2/include -I$MPIHOME/include  xdsyr2.f 1>>make.out 2>>make.err
mpif77 -c -D__fortran -D__fortran77 -DMPIF2C -Zp8 -zero -traceback -DMPI2 -shared-intel -O2 -msse3 -axcore-avx2,core-avx-i -I../../../../sia/include -I../aces2/include -I$MPIHOME/include  dsterf.f 1>>make.out 2>>make.err
mpif77 -c -D__fortran -D__fortran77 -DMPIF2C -Zp8 -zero -traceback -DMPI2 -shared-intel -O2 -msse3 -axcore-avx2,core-avx-i -I../../../../sia/include -I../aces2/include -I$MPIHOME/include  dlapy2.f 1>>make.out 2>>make.err
mpif77 -c -D__fortran -D__fortran77 -DMPIF2C -Zp8 -zero -traceback -DMPI2 -shared-intel -O2 -msse3 -axcore-avx2,core-avx-i -I../../../../sia/include -I../aces2/include -I$MPIHOME/include  dlarf.f 1>>make.out 2>>make.err
mpif77 -c -D__fortran -D__fortran77 -DMPIF2C -Zp8 -zero -traceback -DMPI2 -shared-intel -O2 -msse3 -axcore-avx2,core-avx-i -I../../../../sia/include -I../aces2/include -I$MPIHOME/include  dlassq.f 1>>make.out 2>>make.err
mpif77 -c -D__fortran -D__fortran77 -DMPIF2C -Zp8 -zero -traceback -DMPI2 -shared-intel -O2 -msse3 -axcore-avx2,core-avx-i -I../../../../sia/include -I../aces2/include -I$MPIHOME/include  dlarfg.f 1>>make.out 2>>make.err
mpif77 -c -D__fortran -D__fortran77 -DMPIF2C -Zp8 -zero -traceback -DMPI2 -shared-intel -O2 -msse3 -axcore-avx2,core-avx-i -I../../../../sia/include -I../aces2/include -I$MPIHOME/include  dlaset.f 1>>make.out 2>>make.err
mpif77 -c -D__fortran -D__fortran77 -DMPIF2C -Zp8 -zero -traceback -DMPI2 -shared-intel -O2 -msse3 -axcore-avx2,core-avx-i -I../../../../sia/include -I../aces2/include -I$MPIHOME/include  dlatrd.f 1>>make.out 2>>make.err
mpif77 -c -D__fortran -D__fortran77 -DMPIF2C -Zp8 -zero -traceback -DMPI2 -shared-intel -O2 -msse3 -axcore-avx2,core-avx-i -I../../../../sia/include -I../aces2/include -I$MPIHOME/include  dlaswp.f 1>>make.out 2>>make.err
mpif77 -c -D__fortran -D__fortran77 -DMPIF2C -Zp8 -zero -traceback -DMPI2 -shared-intel -O2 -msse3 -axcore-avx2,core-avx-i -I../../../../sia/include -I../aces2/include -I$MPIHOME/include  ilaenv.f 1>>make.out 2>>make.err
mpif77 -c -D__fortran -D__fortran77 -DMPIF2C -Zp8 -zero -traceback -DMPI2 -shared-intel -O2 -msse3 -axcore-avx2,core-avx-i -I../../../../sia/include -I../aces2/include -I$MPIHOME/include  dgetf2.f 1>>make.out 2>>make.err
mpif77 -c -D__fortran -D__fortran77 -DMPIF2C -Zp8 -zero -traceback -DMPI2 -shared-intel -O2 -msse3 -axcore-avx2,core-avx-i -I../../../../sia/include -I../aces2/include -I$MPIHOME/include  dtrti2.f 1>>make.out 2>>make.err
mpif77 -c -D__fortran -D__fortran77 -DMPIF2C -Zp8 -zero -traceback -DMPI2 -shared-intel -O2 -msse3 -axcore-avx2,core-avx-i -I../../../../sia/include -I../aces2/include -I$MPIHOME/include  xdger.f 1>>make.out 2>>make.err
mpif77 -c -D__fortran -D__fortran77 -DMPIF2C -Zp8 -zero -traceback -DMPI2 -shared-intel -O2 -msse3 -axcore-avx2,core-avx-i -I../../../../sia/include -I../aces2/include -I$MPIHOME/include  dorgqr.f 1>>make.out 2>>make.err
mpif77 -c -D__fortran -D__fortran77 -DMPIF2C -Zp8 -zero -traceback -DMPI2 -shared-intel -O2 -msse3 -axcore-avx2,core-avx-i -I../../../../sia/include -I../aces2/include -I$MPIHOME/include  dsytd2.f 1>>make.out 2>>make.err
mpif77 -c -D__fortran -D__fortran77 -DMPIF2C -Zp8 -zero -traceback -DMPI2 -shared-intel -O2 -msse3 -axcore-avx2,core-avx-i -I../../../../sia/include -I../aces2/include -I$MPIHOME/include  xdsyr2k.f 1>>make.out 2>>make.err
mpif77 -c -D__fortran -D__fortran77 -DMPIF2C -Zp8 -zero -traceback -DMPI2 -shared-intel -O2 -msse3 -axcore-avx2,core-avx-i -I../../../../sia/include -I../aces2/include -I$MPIHOME/include  dlamc5.f 1>>make.out 2>>make.err
mpif77 -c -D__fortran -D__fortran77 -DMPIF2C -Zp8 -zero -traceback -DMPI2 -shared-intel -O2 -msse3 -axcore-avx2,core-avx-i -I../../../../sia/include -I../aces2/include -I$MPIHOME/include  xdswap.f 1>>make.out 2>>make.err
mpif77 -c -D__fortran -D__fortran77 -DMPIF2C -Zp8 -zero -traceback -DMPI2 -shared-intel -O2 -msse3 -axcore-avx2,core-avx-i -I../../../../sia/include -I../aces2/include -I$MPIHOME/include  xdaxpy.f 1>>make.out 2>>make.err
mpif77 -c -D__fortran -D__fortran77 -DMPIF2C -Zp8 -zero -traceback -DMPI2 -shared-intel -O2 -msse3 -axcore-avx2,core-avx-i -I../../../../sia/include -I../aces2/include -I$MPIHOME/include  dtrmv.f 1>>make.out 2>>make.err
mpif77 -c -D__fortran -D__fortran77 -DMPIF2C -Zp8 -zero -traceback -DMPI2 -shared-intel -O2 -msse3 -axcore-avx2,core-avx-i -I../../../../sia/include -I../aces2/include -I$MPIHOME/include  dlarft.f 1>>make.out 2>>make.err
mpif77 -c -D__fortran -D__fortran77 -DMPIF2C -Zp8 -zero -traceback -DMPI2 -shared-intel -O2 -msse3 -axcore-avx2,core-avx-i -I../../../../sia/include -I../aces2/include -I$MPIHOME/include  dorg2l.f 1>>make.out 2>>make.err
mpif77 -c -D__fortran -D__fortran77 -DMPIF2C -Zp8 -zero -traceback -DMPI2 -shared-intel -O2 -msse3 -axcore-avx2,core-avx-i -I../../../../sia/include -I../aces2/include -I$MPIHOME/include  dlanst.f 1>>make.out 2>>make.err
mpif77 -c -D__fortran -D__fortran77 -DMPIF2C -Zp8 -zero -traceback -DMPI2 -shared-intel -O2 -msse3 -axcore-avx2,core-avx-i -I../../../../sia/include -I../aces2/include -I$MPIHOME/include  dgetrs.f 1>>make.out 2>>make.err
mpif77 -c -D__fortran -D__fortran77 -DMPIF2C -Zp8 -zero -traceback -DMPI2 -shared-intel -O2 -msse3 -axcore-avx2,core-avx-i -I../../../../sia/include -I../aces2/include -I$MPIHOME/include  xerbla.f 1>>make.out 2>>make.err
mpif77 -c -D__fortran -D__fortran77 -DMPIF2C -Zp8 -zero -traceback -DMPI2 -shared-intel -O2 -msse3 -axcore-avx2,core-avx-i -I../../../../sia/include -I../aces2/include -I$MPIHOME/include  dorg2r.f 1>>make.out 2>>make.err
mpif77 -c -D__fortran -D__fortran77 -DMPIF2C -Zp8 -zero -traceback -DMPI2 -shared-intel -O2 -msse3 -axcore-avx2,core-avx-i -I../../../../sia/include -I../aces2/include -I$MPIHOME/include  xdsymv.f 1>>make.out 2>>make.err
mpif77 -c -D__fortran -D__fortran77 -DMPIF2C -Zp8 -zero -traceback -DMPI2 -shared-intel -O2 -msse3 -axcore-avx2,core-avx-i -I../../../../sia/include -I../aces2/include -I$MPIHOME/include  dlasr.f 1>>make.out 2>>make.err
mpif77 -c -D__fortran -D__fortran77 -DMPIF2C -Zp8 -zero -traceback -DMPI2 -shared-intel -O2 -msse3 -axcore-avx2,core-avx-i -I../../../../sia/include -I../aces2/include -I$MPIHOME/include  dlarfb.f 1>>make.out 2>>make.err
mpif77 -c -D__fortran -D__fortran77 -DMPIF2C -Zp8 -zero -traceback -DMPI2 -shared-intel -O2 -msse3 -axcore-avx2,core-avx-i -I../../../../sia/include -I../aces2/include -I$MPIHOME/include  dlamch.f 1>>make.out 2>>make.err
mpif77 -c -D__fortran -D__fortran77 -DMPIF2C -Zp8 -zero -traceback -DMPI2 -shared-intel -O2 -msse3 -axcore-avx2,core-avx-i -I../../../../sia/include -I../aces2/include -I$MPIHOME/include  dtrmm.f 1>>make.out 2>>make.err
mpif77 -c -D__fortran -D__fortran77 -DMPIF2C -Zp8 -zero -traceback -DMPI2 -shared-intel -O2 -msse3 -axcore-avx2,core-avx-i -I../../../../sia/include -I../aces2/include -I$MPIHOME/include  dgesv.f 1>>make.out 2>>make.err
mpif77 -c -D__fortran -D__fortran77 -DMPIF2C -Zp8 -zero -traceback -DMPI2 -shared-intel -O2 -msse3 -axcore-avx2,core-avx-i -I../../../../sia/include -I../aces2/include -I$MPIHOME/include  dorgtr.f 1>>make.out 2>>make.err
mpif77 -c -D__fortran -D__fortran77 -DMPIF2C -Zp8 -zero -traceback -DMPI2 -shared-intel -O2 -msse3 -axcore-avx2,core-avx-i -I../../../../sia/include -I../aces2/include -I$MPIHOME/include  dsteqr.f 1>>make.out 2>>make.err
mpif77 -c -D__fortran -D__fortran77 -DMPIF2C -Zp8 -zero -traceback -DMPI2 -shared-intel -O2 -msse3 -axcore-avx2,core-avx-i -I../../../../sia/include -I../aces2/include -I$MPIHOME/include  dlansy.f 1>>make.out 2>>make.err
ar rv libdup.a xddot.o idamax.o dgesl.o dasum.o dcopy.o dsum.o dnrm2.o dgeco.o dgedi.o dsyev.o elmhes.o ddot.o xscal.o dswap.o xgemm.o dgefa.o xcopy.o eltran.o hqr.o xdot.o daxpy.o dlasrt.o ieeeck.o dtrsm.o xdcopy.o dlae2.o dgetri.o dorgql.o dlamc1.o dtrtri.o xdnrm2.o dlartg.o dsytrd.o dlascl.o dlamc3.o xdscal.o dlamc2.o dlamc4.o xdgemv.o dlaev2.o dgetrf.o lsame.o xdsyr2.o dsterf.o dlapy2.o dlarf.o dlassq.o dlarfg.o dlaset.o dlatrd.o dlaswp.o ilaenv.o dgetf2.o dtrti2.o xdger.o dorgqr.o dsytd2.o xdsyr2k.o dlamc5.o xdswap.o xdaxpy.o dtrmv.o dlarft.o dorg2l.o dlanst.o dgetrs.o xerbla.o dorg2r.o xdsymv.o dlasr.o dlarfb.o dlamch.o dtrmm.o dgesv.o dorgtr.o dsteqr.o dlansy.o 
ar: creating libdup.a
a - xddot.o
a - idamax.o
a - dgesl.o
a - dasum.o
a - dcopy.o
a - dsum.o
a - dnrm2.o
a - dgeco.o
a - dgedi.o
a - dsyev.o
a - elmhes.o
a - ddot.o
a - xscal.o
a - dswap.o
a - xgemm.o
a - dgefa.o
a - xcopy.o
a - eltran.o
a - hqr.o
a - xdot.o
a - daxpy.o
a - dlasrt.o
a - ieeeck.o
a - dtrsm.o
a - xdcopy.o
a - dlae2.o
a - dgetri.o
a - dorgql.o
a - dlamc1.o
a - dtrtri.o
a - xdnrm2.o
a - dlartg.o
a - dsytrd.o
a - dlascl.o
a - dlamc3.o
a - xdscal.o
a - dlamc2.o
a - dlamc4.o
a - xdgemv.o
a - dlaev2.o
a - dgetrf.o
a - lsame.o
a - xdsyr2.o
a - dsterf.o
a - dlapy2.o
a - dlarf.o
a - dlassq.o
a - dlarfg.o
a - dlaset.o
a - dlatrd.o
a - dlaswp.o
a - ilaenv.o
a - dgetf2.o
a - dtrti2.o
a - xdger.o
a - dorgqr.o
a - dsytd2.o
a - xdsyr2k.o
a - dlamc5.o
a - xdswap.o
a - xdaxpy.o
a - dtrmv.o
a - dlarft.o
a - dorg2l.o
a - dlanst.o
a - dgetrs.o
a - xerbla.o
a - dorg2r.o
a - xdsymv.o
a - dlasr.o
a - dlarfb.o
a - dlamch.o
a - dtrmm.o
a - dgesv.o
a - dorgtr.o
a - dsteqr.o
a - dlansy.o
cp libdup.a ../../../../../lib/libdup.a
rm -f make.out make.err
gmake[5]: Leaving directory `/home/perera/Develop/TTU_devls/acesiii/src/aces/aces_library/special_directory/dup'
gmake[4]: Leaving directory `/home/perera/Develop/TTU_devls/acesiii/src/aces/aces_library/special_directory'
gmake[3]: Leaving directory `/home/perera/Develop/TTU_devls/acesiii/src/aces/aces_library'
gmake[2]: Leaving directory `/home/perera/Develop/TTU_devls/acesiii/src/aces'
gmake[2]: Entering directory `/home/perera/Develop/TTU_devls/acesiii/src/sia'
gmake[3]: Entering directory `/home/perera/Develop/TTU_devls/acesiii/src/sia/sip'
gmake[4]: Entering directory `/home/perera/Develop/TTU_devls/acesiii/src/sia/sip/aces_instructions'
rm -f make.out make.err
mpif77 -c -D__fortran -D__fortran77 -DMPIF2C -Zp8 -zero -traceback -DMPI2 -shared-intel -O2 -msse3 -axcore-avx2,core-avx-i -I../../include -I../include -I../../../aces/aces_library/a2driver/aces2/include -I$MPIHOME/include  return_1el_dkh.F 1>>make.out 2>>make.err
mpif77 -c -D__fortran -D__fortran77 -DMPIF2C -Zp8 -zero -traceback -DMPI2 -shared-intel -O2 -msse3 -axcore-avx2,core-avx-i -I../../include -I../include -I../../../aces/aces_library/a2driver/aces2/include -I$MPIHOME/include  copy_ab.F 1>>make.out 2>>make.err
mpif77 -c -D__fortran -D__fortran77 -DMPIF2C -Zp8 -zero -traceback -DMPI2 -shared-intel -O2 -msse3 -axcore-avx2,core-avx-i -I../../include -I../include -I../../../aces/aces_library/a2driver/aces2/include -I$MPIHOME/include  remove_xxsd.F 1>>make.out 2>>make.err
mpif77 -c -D__fortran -D__fortran77 -DMPIF2C -Zp8 -zero -traceback -DMPI2 -shared-intel -O2 -msse3 -axcore-avx2,core-avx-i -I../../include -I../include -I../../../aces/aces_library/a2driver/aces2/include -I$MPIHOME/include  compute_abcd_batch.F 1>>make.out 2>>make.err
mpif77 -c -D__fortran -D__fortran77 -DMPIF2C -Zp8 -zero -traceback -DMPI2 -shared-intel -O2 -msse3 -axcore-avx2,core-avx-i -I../../include -I../include -I../../../aces/aces_library/a2driver/aces2/include -I$MPIHOME/include  place_constant_ondiagonal.F 1>>make.out 2>>make.err
mpif77 -c -D__fortran -D__fortran77 -DMPIF2C -Zp8 -zero -traceback -DMPI2 -shared-intel -O2 -msse3 -axcore-avx2,core-avx-i -I../../include -I../include -I../../../aces/aces_library/a2driver/aces2/include -I$MPIHOME/include  energy_tdenominator.F 1>>make.out 2>>make.err
mpif77 -c -D__fortran -D__fortran77 -DMPIF2C -Zp8 -zero -traceback -DMPI2 -shared-intel -O2 -msse3 -axcore-avx2,core-avx-i -I../../include -I../include -I../../../aces/aces_library/a2driver/aces2/include -I$MPIHOME/include  print_esr_tensors.F 1>>make.out 2>>make.err
mpif77 -c -D__fortran -D__fortran77 -DMPIF2C -Zp8 -zero -traceback -DMPI2 -shared-intel -O2 -msse3 -axcore-avx2,core-avx-i -I../../include -I../include -I../../../aces/aces_library/a2driver/aces2/include -I$MPIHOME/include  diis_setup.F 1>>make.out 2>>make.err
mpif77 -c -D__fortran -D__fortran77 -DMPIF2C -Zp8 -zero -traceback -DMPI2 -shared-intel -O2 -msse3 -axcore-avx2,core-avx-i -I../../include -I../include -I../../../aces/aces_library/a2driver/aces2/include -I$MPIHOME/include  return_inverse.F 1>>make.out 2>>make.err
mpif77 -c -D__fortran -D__fortran77 -DMPIF2C -Zp8 -zero -traceback -DMPI2 -shared-intel -O2 -msse3 -axcore-avx2,core-avx-i -I../../include -I../include -I../../../aces/aces_library/a2driver/aces2/include -I$MPIHOME/include  compute_ubatch3.F 1>>make.out 2>>make.err
mpif77 -c -D__fortran -D__fortran77 -DMPIF2C -Zp8 -zero -traceback -DMPI2 -shared-intel -O2 -msse3 -axcore-avx2,core-avx-i -I../../include -I../include -I../../../aces/aces_library/a2driver/aces2/include -I$MPIHOME/include  return_ovl.F 1>>make.out 2>>make.err
mpif77 -c -D__fortran -D__fortran77 -DMPIF2C -Zp8 -zero -traceback -DMPI2 -shared-intel -O2 -msse3 -axcore-avx2,core-avx-i -I../../include -I../include -I../../../aces/aces_library/a2driver/aces2/include -I$MPIHOME/include  energy_adenominator.F 1>>make.out 2>>make.err
mpif77 -c -D__fortran -D__fortran77 -DMPIF2C -Zp8 -zero -traceback -DMPI2 -shared-intel -O2 -msse3 -axcore-avx2,core-avx-i -I../../include -I../include -I../../../aces/aces_library/a2driver/aces2/include -I$MPIHOME/include  compute_2soi_ybatch.F 1>>make.out 2>>make.err
mpif77 -c -D__fortran -D__fortran77 -DMPIF2C -Zp8 -zero -traceback -DMPI2 -shared-intel -O2 -msse3 -axcore-avx2,core-avx-i -I../../include -I../include -I../../../aces/aces_library/a2driver/aces2/include -I$MPIHOME/include  place_one5.F 1>>make.out 2>>make.err
mpif77 -c -D__fortran -D__fortran77 -DMPIF2C -Zp8 -zero -traceback -DMPI2 -shared-intel -O2 -msse3 -axcore-avx2,core-avx-i -I../../include -I../include -I../../../aces/aces_library/a2driver/aces2/include -I$MPIHOME/include  remove_atom_rud2.F 1>>make.out 2>>make.err
mpif77 -c -D__fortran -D__fortran77 -DMPIF2C -Zp8 -zero -traceback -DMPI2 -shared-intel -O2 -msse3 -axcore-avx2,core-avx-i -I../../include -I../include -I../../../aces/aces_library/a2driver/aces2/include -I$MPIHOME/include  der4_comp.F 1>>make.out 2>>make.err
mpif77 -c -D__fortran -D__fortran77 -DMPIF2C -Zp8 -zero -traceback -DMPI2 -shared-intel -O2 -msse3 -axcore-avx2,core-avx-i -I../../include -I../include -I../../../aces/aces_library/a2driver/aces2/include -I$MPIHOME/include  mult_array_byc.F 1>>make.out 2>>make.err
mpif77 -c -D__fortran -D__fortran77 -DMPIF2C -Zp8 -zero -traceback -DMPI2 -shared-intel -O2 -msse3 -axcore-avx2,core-avx-i -I../../include -I../include -I../../../aces/aces_library/a2driver/aces2/include -I$MPIHOME/include  fock_denominator.F 1>>make.out 2>>make.err
mpif77 -c -D__fortran -D__fortran77 -DMPIF2C -Zp8 -zero -traceback -DMPI2 -shared-intel -O2 -msse3 -axcore-avx2,core-avx-i -I../../include -I../include -I../../../aces/aces_library/a2driver/aces2/include -I$MPIHOME/include  compute_dshield_xzbatch.F 1>>make.out 2>>make.err
mpif77 -c -D__fortran -D__fortran77 -DMPIF2C -Zp8 -zero -traceback -DMPI2 -shared-intel -O2 -msse3 -axcore-avx2,core-avx-i -I../../include -I../include -I../../../aces/aces_library/a2driver/aces2/include -I$MPIHOME/include  place_constanta.F 1>>make.out 2>>make.err
mpif77 -c -D__fortran -D__fortran77 -DMPIF2C -Zp8 -zero -traceback -DMPI2 -shared-intel -O2 -msse3 -axcore-avx2,core-avx-i -I../../include -I../include -I../../../aces/aces_library/a2driver/aces2/include -I$MPIHOME/include  return_occupation.F 1>>make.out 2>>make.err
mpif77 -c -D__fortran -D__fortran77 -DMPIF2C -Zp8 -zero -traceback -DMPI2 -shared-intel -O2 -msse3 -axcore-avx2,core-avx-i -I../../include -I../include -I../../../aces/aces_library/a2driver/aces2/include -I$MPIHOME/include  compute_dshield_xybatch.F 1>>make.out 2>>make.err
mpif77 -c -D__fortran -D__fortran77 -DMPIF2C -Zp8 -zero -traceback -DMPI2 -shared-intel -O2 -msse3 -axcore-avx2,core-avx-i -I../../include -I../include -I../../../aces/aces_library/a2driver/aces2/include -I$MPIHOME/include  store_static_array.F 1>>make.out 2>>make.err
mpif77 -c -D__fortran -D__fortran77 -DMPIF2C -Zp8 -zero -traceback -DMPI2 -shared-intel -O2 -msse3 -axcore-avx2,core-avx-i -I../../include -I../include -I../../../aces/aces_library/a2driver/aces2/include -I$MPIHOME/include  compute_dshield_xxbatch.F 1>>make.out 2>>make.err
mpif77 -c -D__fortran -D__fortran77 -DMPIF2C -Zp8 -zero -traceback -DMPI2 -shared-intel -O2 -msse3 -axcore-avx2,core-avx-i -I../../include -I../include -I../../../aces/aces_library/a2driver/aces2/include -I$MPIHOME/include  remove_ssss.F 1>>make.out 2>>make.err
mpif77 -c -D__fortran -D__fortran77 -DMPIF2C -Zp8 -zero -traceback -DMPI2 -shared-intel -O2 -msse3 -axcore-avx2,core-avx-i -I../../include -I../include -I../../../aces/aces_library/a2driver/aces2/include -I$MPIHOME/include  dcont2.F 1>>make.out 2>>make.err
mpif77 -c -D__fortran -D__fortran77 -DMPIF2C -Zp8 -zero -traceback -DMPI2 -shared-intel -O2 -msse3 -axcore-avx2,core-avx-i -I../../include -I../include -I../../../aces/aces_library/a2driver/aces2/include -I$MPIHOME/include  scontxy.F 1>>make.out 2>>make.err
mpif77 -c -D__fortran -D__fortran77 -DMPIF2C -Zp8 -zero -traceback -DMPI2 -shared-intel -O2 -msse3 -axcore-avx2,core-avx-i -I../../include -I../include -I../../../aces/aces_library/a2driver/aces2/include -I$MPIHOME/include  compute_Sderivative_integrals.F 1>>make.out 2>>make.err
mpif77 -c -D__fortran -D__fortran77 -DMPIF2C -Zp8 -zero -traceback -DMPI2 -shared-intel -O2 -msse3 -axcore-avx2,core-avx-i -I../../include -I../include -I../../../aces/aces_library/a2driver/aces2/include -I$MPIHOME/include  asymm_force_i.F 1>>make.out 2>>make.err
mpif77 -c -D__fortran -D__fortran77 -DMPIF2C -Zp8 -zero -traceback -DMPI2 -shared-intel -O2 -msse3 -axcore-avx2,core-avx-i -I../../include -I../include -I../../../aces/aces_library/a2driver/aces2/include -I$MPIHOME/include  c2ab_print.F 1>>make.out 2>>make.err
mpif77 -c -D__fortran -D__fortran77 -DMPIF2C -Zp8 -zero -traceback -DMPI2 -shared-intel -O2 -msse3 -axcore-avx2,core-avx-i -I../../include -I../include -I../../../aces/aces_library/a2driver/aces2/include -I$MPIHOME/include  compute_kin_batch.F 1>>make.out 2>>make.err
mpif77 -c -D__fortran -D__fortran77 -DMPIF2C -Zp8 -zero -traceback -DMPI2 -shared-intel -O2 -msse3 -axcore-avx2,core-avx-i -I../../include -I../include -I../../../aces/aces_library/a2driver/aces2/include -I$MPIHOME/include  udenominator.F 1>>make.out 2>>make.err
mpif77 -c -D__fortran -D__fortran77 -DMPIF2C -Zp8 -zero -traceback -DMPI2 -shared-intel -O2 -msse3 -axcore-avx2,core-avx-i -I../../include -I../include -I../../../aces/aces_library/a2driver/aces2/include -I$MPIHOME/include  comp_return_h0.F 1>>make.out 2>>make.err
mpif77 -c -D__fortran -D__fortran77 -DMPIF2C -Zp8 -zero -traceback -DMPI2 -shared-intel -O2 -msse3 -axcore-avx2,core-avx-i -I../../include -I../include -I../../../aces/aces_library/a2driver/aces2/include -I$MPIHOME/include  compute_batch3.F 1>>make.out 2>>make.err
mpif77 -c -D__fortran -D__fortran77 -DMPIF2C -Zp8 -zero -traceback -DMPI2 -shared-intel -O2 -msse3 -axcore-avx2,core-avx-i -I../../include -I../include -I../../../aces/aces_library/a2driver/aces2/include -I$MPIHOME/include  level_shift.F 1>>make.out 2>>make.err
mpif77 -c -D__fortran -D__fortran77 -DMPIF2C -Zp8 -zero -traceback -DMPI2 -shared-intel -O2 -msse3 -axcore-avx2,core-avx-i -I../../include -I../include -I../../../aces/aces_library/a2driver/aces2/include -I$MPIHOME/include  dipole_moment.F 1>>make.out 2>>make.err
mpif77 -c -D__fortran -D__fortran77 -DMPIF2C -Zp8 -zero -traceback -DMPI2 -shared-intel -O2 -msse3 -axcore-avx2,core-avx-i -I../../include -I../include -I../../../aces/aces_library/a2driver/aces2/include -I$MPIHOME/include  return_derv_xyz.F 1>>make.out 2>>make.err
mpif77 -c -D__fortran -D__fortran77 -DMPIF2C -Zp8 -zero -traceback -DMPI2 -shared-intel -O2 -msse3 -axcore-avx2,core-avx-i -I../../include -I../include -I../../../aces/aces_library/a2driver/aces2/include -I$MPIHOME/include  compute_ubatch5.F 1>>make.out 2>>make.err
mpif77 -c -D__fortran -D__fortran77 -DMPIF2C -Zp8 -zero -traceback -DMPI2 -shared-intel -O2 -msse3 -axcore-avx2,core-avx-i -I../../include -I../include -I../../../aces/aces_library/a2driver/aces2/include -I$MPIHOME/include  form_iad.F 1>>make.out 2>>make.err
mpif77 -c -D__fortran -D__fortran77 -DMPIF2C -Zp8 -zero -traceback -DMPI2 -shared-intel -O2 -msse3 -axcore-avx2,core-avx-i -I../../include -I../include -I../../../aces/aces_library/a2driver/aces2/include -I$MPIHOME/include  apply_den4_nodiag.F 1>>make.out 2>>make.err
mpif77 -c -D__fortran -D__fortran77 -DMPIF2C -Zp8 -zero -traceback -DMPI2 -shared-intel -O2 -msse3 -axcore-avx2,core-avx-i -I../../include -I../include -I../../../aces/aces_library/a2driver/aces2/include -I$MPIHOME/include  energy_denominator.F 1>>make.out 2>>make.err
mpif77 -c -D__fortran -D__fortran77 -DMPIF2C -Zp8 -zero -traceback -DMPI2 -shared-intel -O2 -msse3 -axcore-avx2,core-avx-i -I../../include -I../include -I../../../aces/aces_library/a2driver/aces2/include -I$MPIHOME/include  scf_rhf.F 1>>make.out 2>>make.err
mpif77 -c -D__fortran -D__fortran77 -DMPIF2C -Zp8 -zero -traceback -DMPI2 -shared-intel -O2 -msse3 -axcore-avx2,core-avx-i -I../../include -I../include -I../../../aces/aces_library/a2driver/aces2/include -I$MPIHOME/include  fmult.F 1>>make.out 2>>make.err
mpif77 -c -D__fortran -D__fortran77 -DMPIF2C -Zp8 -zero -traceback -DMPI2 -shared-intel -O2 -msse3 -axcore-avx2,core-avx-i -I../../include -I../include -I../../../aces/aces_library/a2driver/aces2/include -I$MPIHOME/include  return_selected.F 1>>make.out 2>>make.err
mpif77 -c -D__fortran -D__fortran77 -DMPIF2C -Zp8 -zero -traceback -DMPI2 -shared-intel -O2 -msse3 -axcore-avx2,core-avx-i -I../../include -I../include -I../../../aces/aces_library/a2driver/aces2/include -I$MPIHOME/include  place_one2b.F 1>>make.out 2>>make.err
mpif77 -c -D__fortran -D__fortran77 -DMPIF2C -Zp8 -zero -traceback -DMPI2 -shared-intel -O2 -msse3 -axcore-avx2,core-avx-i -I../../include -I../include -I../../../aces/aces_library/a2driver/aces2/include -I$MPIHOME/include  return_1st_mom.F 1>>make.out 2>>make.err
mpif77 -c -D__fortran -D__fortran77 -DMPIF2C -Zp8 -zero -traceback -DMPI2 -shared-intel -O2 -msse3 -axcore-avx2,core-avx-i -I../../include -I../include -I../../../aces/aces_library/a2driver/aces2/include -I$MPIHOME/include  place_one_dip.F 1>>make.out 2>>make.err
mpif77 -c -D__fortran -D__fortran77 -DMPIF2C -Zp8 -zero -traceback -DMPI2 -shared-intel -O2 -msse3 -axcore-avx2,core-avx-i -I../../include -I../include -I../../../aces/aces_library/a2driver/aces2/include -I$MPIHOME/include  change_occ_coef.F 1>>make.out 2>>make.err
mpif77 -c -D__fortran -D__fortran77 -DMPIF2C -Zp8 -zero -traceback -DMPI2 -shared-intel -O2 -msse3 -axcore-avx2,core-avx-i -I../../include -I../include -I../../../aces/aces_library/a2driver/aces2/include -I$MPIHOME/include  c1b_print.F 1>>make.out 2>>make.err
mpif77 -c -D__fortran -D__fortran77 -DMPIF2C -Zp8 -zero -traceback -DMPI2 -shared-intel -O2 -msse3 -axcore-avx2,core-avx-i -I../../include -I../include -I../../../aces/aces_library/a2driver/aces2/include -I$MPIHOME/include  compute_batch6.F 1>>make.out 2>>make.err
mpif77 -c -D__fortran -D__fortran77 -DMPIF2C -Zp8 -zero -traceback -DMPI2 -shared-intel -O2 -msse3 -axcore-avx2,core-avx-i -I../../include -I../include -I../../../aces/aces_library/a2driver/aces2/include -I$MPIHOME/include  compute_angmom_xbatch.F 1>>make.out 2>>make.err
mpif77 -c -D__fortran -D__fortran77 -DMPIF2C -Zp8 -zero -traceback -DMPI2 -shared-intel -O2 -msse3 -axcore-avx2,core-avx-i -I../../include -I../include -I../../../aces/aces_library/a2driver/aces2/include -I$MPIHOME/include  place_one_dip_6.F 1>>make.out 2>>make.err
mpif77 -c -D__fortran -D__fortran77 -DMPIF2C -Zp8 -zero -traceback -DMPI2 -shared-intel -O2 -msse3 -axcore-avx2,core-avx-i -I../../include -I../include -I../../../aces/aces_library/a2driver/aces2/include -I$MPIHOME/include  print_static.F 1>>make.out 2>>make.err
mpif77 -c -D__fortran -D__fortran77 -DMPIF2C -Zp8 -zero -traceback -DMPI2 -shared-intel -O2 -msse3 -axcore-avx2,core-avx-i -I../../include -I../include -I../../../aces/aces_library/a2driver/aces2/include -I$MPIHOME/include  form_rpa_guess.F 1>>make.out 2>>make.err
mpif77 -c -D__fortran -D__fortran77 -DMPIF2C -Zp8 -zero -traceback -DMPI2 -shared-intel -O2 -msse3 -axcore-avx2,core-avx-i -I../../include -I../include -I../../../aces/aces_library/a2driver/aces2/include -I$MPIHOME/include  place_one_dip_4.F 1>>make.out 2>>make.err
mpif77 -c -D__fortran -D__fortran77 -DMPIF2C -Zp8 -zero -traceback -DMPI2 -shared-intel -O2 -msse3 -axcore-avx2,core-avx-i -I../../include -I../include -I../../../aces/aces_library/a2driver/aces2/include -I$MPIHOME/include  change_vrt_dens.F 1>>make.out 2>>make.err
mpif77 -c -D__fortran -D__fortran77 -DMPIF2C -Zp8 -zero -traceback -DMPI2 -shared-intel -O2 -msse3 -axcore-avx2,core-avx-i -I../../include -I../include -I../../../aces/aces_library/a2driver/aces2/include -I$MPIHOME/include  compute_2soi_xbatch.F 1>>make.out 2>>make.err
mpif77 -c -D__fortran -D__fortran77 -DMPIF2C -Zp8 -zero -traceback -DMPI2 -shared-intel -O2 -msse3 -axcore-avx2,core-avx-i -I../../include -I../include -I../../../aces/aces_library/a2driver/aces2/include -I$MPIHOME/include  c1_full_print.F 1>>make.out 2>>make.err
mpif77 -c -D__fortran -D__fortran77 -DMPIF2C -Zp8 -zero -traceback -DMPI2 -shared-intel -O2 -msse3 -axcore-avx2,core-avx-i -I../../include -I../include -I../../../aces/aces_library/a2driver/aces2/include -I$MPIHOME/include  copy_ba.F 1>>make.out 2>>make.err
mpif77 -c -D__fortran -D__fortran77 -DMPIF2C -Zp8 -zero -traceback -DMPI2 -shared-intel -O2 -msse3 -axcore-avx2,core-avx-i -I../../include -I../include -I../../../aces/aces_library/a2driver/aces2/include -I$MPIHOME/include  remove_xsxs.F 1>>make.out 2>>make.err
mpif77 -c -D__fortran -D__fortran77 -DMPIF2C -Zp8 -zero -traceback -DMPI2 -shared-intel -O2 -msse3 -axcore-avx2,core-avx-i -I../../include -I../include -I../../../aces/aces_library/a2driver/aces2/include -I$MPIHOME/include  removeoo_ss.F 1>>make.out 2>>make.err
mpif77 -c -D__fortran -D__fortran77 -DMPIF2C -Zp8 -zero -traceback -DMPI2 -shared-intel -O2 -msse3 -axcore-avx2,core-avx-i -I../../include -I../include -I../../../aces/aces_library/a2driver/aces2/include -I$MPIHOME/include  david_damp_factor.F 1>>make.out 2>>make.err
mpif77 -c -D__fortran -D__fortran77 -DMPIF2C -Zp8 -zero -traceback -DMPI2 -shared-intel -O2 -msse3 -axcore-avx2,core-avx-i -I../../include -I../include -I../../../aces/aces_library/a2driver/aces2/include -I$MPIHOME/include  remove_diagonal.F 1>>make.out 2>>make.err
mpif77 -c -D__fortran -D__fortran77 -DMPIF2C -Zp8 -zero -traceback -DMPI2 -shared-intel -O2 -msse3 -axcore-avx2,core-avx-i -I../../include -I../include -I../../../aces/aces_library/a2driver/aces2/include -I$MPIHOME/include  compute_derivative_integrals.F 1>>make.out 2>>make.err
mpif77 -c -D__fortran -D__fortran77 -DMPIF2C -Zp8 -zero -traceback -DMPI2 -shared-intel -O2 -msse3 -axcore-avx2,core-avx-i -I../../include -I../include -I../../../aces/aces_library/a2driver/aces2/include -I$MPIHOME/include  fock_denominator_dynamic.F 1>>make.out 2>>make.err
mpif77 -c -D__fortran -D__fortran77 -DMPIF2C -Zp8 -zero -traceback -DMPI2 -shared-intel -O2 -msse3 -axcore-avx2,core-avx-i -I../../include -I../include -I../../../aces/aces_library/a2driver/aces2/include -I$MPIHOME/include  write_blocks_to_list.F 1>>make.out 2>>make.err
mpif77 -c -D__fortran -D__fortran77 -DMPIF2C -Zp8 -zero -traceback -DMPI2 -shared-intel -O2 -msse3 -axcore-avx2,core-avx-i -I../../include -I../include -I../../../aces/aces_library/a2driver/aces2/include -I$MPIHOME/include  read_coefficients.F 1>>make.out 2>>make.err
mpif77 -c -D__fortran -D__fortran77 -DMPIF2C -Zp8 -zero -traceback -DMPI2 -shared-intel -O2 -msse3 -axcore-avx2,core-avx-i -I../../include -I../include -I../../../aces/aces_library/a2driver/aces2/include -I$MPIHOME/include  place_one_dea_8.F 1>>make.out 2>>make.err
mpif77 -c -D__fortran -D__fortran77 -DMPIF2C -Zp8 -zero -traceback -DMPI2 -shared-intel -O2 -msse3 -axcore-avx2,core-avx-i -I../../include -I../include -I../../../aces/aces_library/a2driver/aces2/include -I$MPIHOME/include  place_one2.F 1>>make.out 2>>make.err
mpif77 -c -D__fortran -D__fortran77 -DMPIF2C -Zp8 -zero -traceback -DMPI2 -shared-intel -O2 -msse3 -axcore-avx2,core-avx-i -I../../include -I../include -I../../../aces/aces_library/a2driver/aces2/include -I$MPIHOME/include  local_integral_block.F 1>>make.out 2>>make.err
mpif77 -c -D__fortran -D__fortran77 -DMPIF2C -Zp8 -zero -traceback -DMPI2 -shared-intel -O2 -msse3 -axcore-avx2,core-avx-i -I../../include -I../include -I../../../aces/aces_library/a2driver/aces2/include -I$MPIHOME/include  place_one.F 1>>make.out 2>>make.err
mpif77 -c -D__fortran -D__fortran77 -DMPIF2C -Zp8 -zero -traceback -DMPI2 -shared-intel -O2 -msse3 -axcore-avx2,core-avx-i -I../../include -I../include -I../../../aces/aces_library/a2driver/aces2/include -I$MPIHOME/include  nuc_dipole_derivative.F 1>>make.out 2>>make.err
mpif77 -c -D__fortran -D__fortran77 -DMPIF2C -Zp8 -zero -traceback -DMPI2 -shared-intel -O2 -msse3 -axcore-avx2,core-avx-i -I../../include -I../include -I../../../aces/aces_library/a2driver/aces2/include -I$MPIHOME/include  remove_xs.F 1>>make.out 2>>make.err
mpif77 -c -D__fortran -D__fortran77 -DMPIF2C -Zp8 -zero -traceback -DMPI2 -shared-intel -O2 -msse3 -axcore-avx2,core-avx-i -I../../include -I../include -I../../../aces/aces_library/a2driver/aces2/include -I$MPIHOME/include  compute_dshield_yzbatch.F 1>>make.out 2>>make.err
mpif77 -c -D__fortran -D__fortran77 -DMPIF2C -Zp8 -zero -traceback -DMPI2 -shared-intel -O2 -msse3 -axcore-avx2,core-avx-i -I../../include -I../include -I../../../aces/aces_library/a2driver/aces2/include -I$MPIHOME/include  return_sval.F 1>>make.out 2>>make.err
mpif77 -c -D__fortran -D__fortran77 -DMPIF2C -Zp8 -zero -traceback -DMPI2 -shared-intel -O2 -msse3 -axcore-avx2,core-avx-i -I../../include -I../include -I../../../aces/aces_library/a2driver/aces2/include -I$MPIHOME/include  compute_dshield_yybatch.F 1>>make.out 2>>make.err
mpif77 -c -D__fortran -D__fortran77 -DMPIF2C -Zp8 -zero -traceback -DMPI2 -shared-intel -O2 -msse3 -axcore-avx2,core-avx-i -I../../include -I../include -I../../../aces/aces_library/a2driver/aces2/include -I$MPIHOME/include  compute_dshield_zxbatch.F 1>>make.out 2>>make.err
mpif77 -c -D__fortran -D__fortran77 -DMPIF2C -Zp8 -zero -traceback -DMPI2 -shared-intel -O2 -msse3 -axcore-avx2,core-avx-i -I../../include -I../include -I../../../aces/aces_library/a2driver/aces2/include -I$MPIHOME/include  remove_xxdd.F 1>>make.out 2>>make.err
mpif77 -c -D__fortran -D__fortran77 -DMPIF2C -Zp8 -zero -traceback -DMPI2 -shared-intel -O2 -msse3 -axcore-avx2,core-avx-i -I../../include -I../include -I../../../aces/aces_library/a2driver/aces2/include -I$MPIHOME/include  return_yz.F 1>>make.out 2>>make.err
mpif77 -c -D__fortran -D__fortran77 -DMPIF2C -Zp8 -zero -traceback -DMPI2 -shared-intel -O2 -msse3 -axcore-avx2,core-avx-i -I../../include -I../include -I../../../aces/aces_library/a2driver/aces2/include -I$MPIHOME/include  form_guess.F 1>>make.out 2>>make.err
mpif77 -c -D__fortran -D__fortran77 -DMPIF2C -Zp8 -zero -traceback -DMPI2 -shared-intel -O2 -msse3 -axcore-avx2,core-avx-i -I../../include -I../include -I../../../aces/aces_library/a2driver/aces2/include -I$MPIHOME/include  energy_ty_denominator.F 1>>make.out 2>>make.err
mpif77 -c -D__fortran -D__fortran77 -DMPIF2C -Zp8 -zero -traceback -DMPI2 -shared-intel -O2 -msse3 -axcore-avx2,core-avx-i -I../../include -I../include -I../../../aces/aces_library/a2driver/aces2/include -I$MPIHOME/include  compute_abab_batch.F 1>>make.out 2>>make.err
mpif77 -c -D__fortran -D__fortran77 -DMPIF2C -Zp8 -zero -traceback -DMPI2 -shared-intel -O2 -msse3 -axcore-avx2,core-avx-i -I../../include -I../include -I../../../aces/aces_library/a2driver/aces2/include -I$MPIHOME/include  guess_4current_root.F 1>>make.out 2>>make.err
mpif77 -c -D__fortran -D__fortran77 -DMPIF2C -Zp8 -zero -traceback -DMPI2 -shared-intel -O2 -msse3 -axcore-avx2,core-avx-i -I../../include -I../include -I../../../aces/aces_library/a2driver/aces2/include -I$MPIHOME/include  place_one5b.F 1>>make.out 2>>make.err
mpif77 -c -D__fortran -D__fortran77 -DMPIF2C -Zp8 -zero -traceback -DMPI2 -shared-intel -O2 -msse3 -axcore-avx2,core-avx-i -I../../include -I../include -I../../../aces/aces_library/a2driver/aces2/include -I$MPIHOME/include  place_one_dea_2.F 1>>make.out 2>>make.err
mpif77 -c -D__fortran -D__fortran77 -DMPIF2C -Zp8 -zero -traceback -DMPI2 -shared-intel -O2 -msse3 -axcore-avx2,core-avx-i -I../../include -I../include -I../../../aces/aces_library/a2driver/aces2/include -I$MPIHOME/include  form_fock_rohf.F 1>>make.out 2>>make.err
mpif77 -c -D__fortran -D__fortran77 -DMPIF2C -Zp8 -zero -traceback -DMPI2 -shared-intel -O2 -msse3 -axcore-avx2,core-avx-i -I../../include -I../include -I../../../aces/aces_library/a2driver/aces2/include -I$MPIHOME/include  return_diagonal0.F 1>>make.out 2>>make.err
mpif77 -c -D__fortran -D__fortran77 -DMPIF2C -Zp8 -zero -traceback -DMPI2 -shared-intel -O2 -msse3 -axcore-avx2,core-avx-i -I../../include -I../include -I../../../aces/aces_library/a2driver/aces2/include -I$MPIHOME/include  symm_force_i.F 1>>make.out 2>>make.err
mpif77 -c -D__fortran -D__fortran77 -DMPIF2C -Zp8 -zero -traceback -DMPI2 -shared-intel -O2 -msse3 -axcore-avx2,core-avx-i -I../../include -I../include -I../../../aces/aces_library/a2driver/aces2/include -I$MPIHOME/include  compute_2dshield_zzbatch.F 1>>make.out 2>>make.err
mpif77 -c -D__fortran -D__fortran77 -DMPIF2C -Zp8 -zero -traceback -DMPI2 -shared-intel -O2 -msse3 -axcore-avx2,core-avx-i -I../../include -I../include -I../../../aces/aces_library/a2driver/aces2/include -I$MPIHOME/include  stripi.F 1>>make.out 2>>make.err
mpif77 -c -D__fortran -D__fortran77 -DMPIF2C -Zp8 -zero -traceback -DMPI2 -shared-intel -O2 -msse3 -axcore-avx2,core-avx-i -I../../include -I../include -I../../../aces/aces_library/a2driver/aces2/include -I$MPIHOME/include  copy_alpha_to_beta.F 1>>make.out 2>>make.err
mpif77 -c -D__fortran -D__fortran77 -DMPIF2C -Zp8 -zero -traceback -DMPI2 -shared-intel -O2 -msse3 -axcore-avx2,core-avx-i -I../../include -I../include -I../../../aces/aces_library/a2driver/aces2/include -I$MPIHOME/include  compute_ubatch8.F 1>>make.out 2>>make.err
mpif77 -c -D__fortran -D__fortran77 -DMPIF2C -Zp8 -zero -traceback -DMPI2 -shared-intel -O2 -msse3 -axcore-avx2,core-avx-i -I../../include -I../include -I../../../aces/aces_library/a2driver/aces2/include -I$MPIHOME/include  reorder_energy.F 1>>make.out 2>>make.err
mpif77 -c -D__fortran -D__fortran77 -DMPIF2C -Zp8 -zero -traceback -DMPI2 -shared-intel -O2 -msse3 -axcore-avx2,core-avx-i -I../../include -I../include -I../../../aces/aces_library/a2driver/aces2/include -I$MPIHOME/include  ecp_cont.F 1>>make.out 2>>make.err
mpif77 -c -D__fortran -D__fortran77 -DMPIF2C -Zp8 -zero -traceback -DMPI2 -shared-intel -O2 -msse3 -axcore-avx2,core-avx-i -I../../include -I../include -I../../../aces/aces_library/a2driver/aces2/include -I$MPIHOME/include  remove_atom_rud1.F 1>>make.out 2>>make.err
mpif77 -c -D__fortran -D__fortran77 -DMPIF2C -Zp8 -zero -traceback -DMPI2 -shared-intel -O2 -msse3 -axcore-avx2,core-avx-i -I../../include -I../include -I../../../aces/aces_library/a2driver/aces2/include -I$MPIHOME/include  write_vecs2jarc.F 1>>make.out 2>>make.err
mpif77 -c -D__fortran -D__fortran77 -DMPIF2C -Zp8 -zero -traceback -DMPI2 -shared-intel -O2 -msse3 -axcore-avx2,core-avx-i -I../../include -I../include -I../../../aces/aces_library/a2driver/aces2/include -I$MPIHOME/include  remove_single_double.F 1>>make.out 2>>make.err
mpif77 -c -D__fortran -D__fortran77 -DMPIF2C -Zp8 -zero -traceback -DMPI2 -shared-intel -O2 -msse3 -axcore-avx2,core-avx-i -I../../include -I../include -I../../../aces/aces_library/a2driver/aces2/include -I$MPIHOME/include  place_one_dip_8.F 1>>make.out 2>>make.err
mpif77 -c -D__fortran -D__fortran77 -DMPIF2C -Zp8 -zero -traceback -DMPI2 -shared-intel -O2 -msse3 -axcore-avx2,core-avx-i -I../../include -I../include -I../../../aces/aces_library/a2driver/aces2/include -I$MPIHOME/include  extract_subset.F 1>>make.out 2>>make.err
mpif77 -c -D__fortran -D__fortran77 -DMPIF2C -Zp8 -zero -traceback -DMPI2 -shared-intel -O2 -msse3 -axcore-avx2,core-avx-i -I../../include -I../include -I../../../aces/aces_library/a2driver/aces2/include -I$MPIHOME/include  compute_angmom_zbatch.F 1>>make.out 2>>make.err
mpif77 -c -D__fortran -D__fortran77 -DMPIF2C -Zp8 -zero -traceback -DMPI2 -shared-intel -O2 -msse3 -axcore-avx2,core-avx-i -I../../include -I../include -I../../../aces/aces_library/a2driver/aces2/include -I$MPIHOME/include  set_aces3_vars.F 1>>make.out 2>>make.err
mpif77 -c -D__fortran -D__fortran77 -DMPIF2C -Zp8 -zero -traceback -DMPI2 -shared-intel -O2 -msse3 -axcore-avx2,core-avx-i -I../../include -I../include -I../../../aces/aces_library/a2driver/aces2/include -I$MPIHOME/include  compute_ubatch6.F 1>>make.out 2>>make.err
mpif77 -c -D__fortran -D__fortran77 -DMPIF2C -Zp8 -zero -traceback -DMPI2 -shared-intel -O2 -msse3 -axcore-avx2,core-avx-i -I../../include -I../include -I../../../aces/aces_library/a2driver/aces2/include -I$MPIHOME/include  compute_angmom_ybatch.F 1>>make.out 2>>make.err
mpif77 -c -D__fortran -D__fortran77 -DMPIF2C -Zp8 -zero -traceback -DMPI2 -shared-intel -O2 -msse3 -axcore-avx2,core-avx-i -I../../include -I../include -I../../../aces/aces_library/a2driver/aces2/include -I$MPIHOME/include  diag.F 1>>make.out 2>>make.err
mpif77 -c -D__fortran -D__fortran77 -DMPIF2C -Zp8 -zero -traceback -DMPI2 -shared-intel -O2 -msse3 -axcore-avx2,core-avx-i -I../../include -I../include -I../../../aces/aces_library/a2driver/aces2/include -I$MPIHOME/include  place_one_dip_3.F 1>>make.out 2>>make.err
mpif77 -c -D__fortran -D__fortran77 -DMPIF2C -Zp8 -zero -traceback -DMPI2 -shared-intel -O2 -msse3 -axcore-avx2,core-avx-i -I../../include -I../include -I../../../aces/aces_library/a2driver/aces2/include -I$MPIHOME/include  remove_ss.F 1>>make.out 2>>make.err
mpif77 -c -D__fortran -D__fortran77 -DMPIF2C -Zp8 -zero -traceback -DMPI2 -shared-intel -O2 -msse3 -axcore-avx2,core-avx-i -I../../include -I../include -I../../../aces/aces_library/a2driver/aces2/include -I$MPIHOME/include  remove_xd.F 1>>make.out 2>>make.err
mpif77 -c -D__fortran -D__fortran77 -DMPIF2C -Zp8 -zero -traceback -DMPI2 -shared-intel -O2 -msse3 -axcore-avx2,core-avx-i -I../../include -I../include -I../../../aces/aces_library/a2driver/aces2/include -I$MPIHOME/include  removeoo_dd.F 1>>make.out 2>>make.err
mpif77 -c -D__fortran -D__fortran77 -DMPIF2C -Zp8 -zero -traceback -DMPI2 -shared-intel -O2 -msse3 -axcore-avx2,core-avx-i -I../../include -I../include -I../../../aces/aces_library/a2driver/aces2/include -I$MPIHOME/include  form_hphp_matrix.F 1>>make.out 2>>make.err
mpif77 -c -D__fortran -D__fortran77 -DMPIF2C -Zp8 -zero -traceback -DMPI2 -shared-intel -O2 -msse3 -axcore-avx2,core-avx-i -I../../include -I../include -I../../../aces/aces_library/a2driver/aces2/include -I$MPIHOME/include  genrl_eig_solver.F 1>>make.out 2>>make.err
mpif77 -c -D__fortran -D__fortran77 -DMPIF2C -Zp8 -zero -traceback -DMPI2 -shared-intel -O2 -msse3 -axcore-avx2,core-avx-i -I../../include -I../include -I../../../aces/aces_library/a2driver/aces2/include -I$MPIHOME/include  remove_xxss.F 1>>make.out 2>>make.err
mpif77 -c -D__fortran -D__fortran77 -DMPIF2C -Zp8 -zero -traceback -DMPI2 -shared-intel -O2 -msse3 -axcore-avx2,core-avx-i -I../../include -I../include -I../../../aces/aces_library/a2driver/aces2/include -I$MPIHOME/include  der2_comp.F 1>>make.out 2>>make.err
mpif77 -c -D__fortran -D__fortran77 -DMPIF2C -Zp8 -zero -traceback -DMPI2 -shared-intel -O2 -msse3 -axcore-avx2,core-avx-i -I../../include -I../include -I../../../aces/aces_library/a2driver/aces2/include -I$MPIHOME/include  init_section.F 1>>make.out 2>>make.err
mpif77 -c -D__fortran -D__fortran77 -DMPIF2C -Zp8 -zero -traceback -DMPI2 -shared-intel -O2 -msse3 -axcore-avx2,core-avx-i -I../../include -I../include -I../../../aces/aces_library/a2driver/aces2/include -I$MPIHOME/include  write_scfdata.F 1>>make.out 2>>make.err
mpif77 -c -D__fortran -D__fortran77 -DMPIF2C -Zp8 -zero -traceback -DMPI2 -shared-intel -O2 -msse3 -axcore-avx2,core-avx-i -I../../include -I../include -I../../../aces/aces_library/a2driver/aces2/include -I$MPIHOME/include  dropcore_fno.F 1>>make.out 2>>make.err
mpif77 -c -D__fortran -D__fortran77 -DMPIF2C -Zp8 -zero -traceback -DMPI2 -shared-intel -O2 -msse3 -axcore-avx2,core-avx-i -I../../include -I../include -I../../../aces/aces_library/a2driver/aces2/include -I$MPIHOME/include  place_one_dea.F 1>>make.out 2>>make.err
mpif77 -c -D__fortran -D__fortran77 -DMPIF2C -Zp8 -zero -traceback -DMPI2 -shared-intel -O2 -msse3 -axcore-avx2,core-avx-i -I../../include -I../include -I../../../aces/aces_library/a2driver/aces2/include -I$MPIHOME/include  remove_xsxd.F 1>>make.out 2>>make.err
mpif77 -c -D__fortran -D__fortran77 -DMPIF2C -Zp8 -zero -traceback -DMPI2 -shared-intel -O2 -msse3 -axcore-avx2,core-avx-i -I../../include -I../include -I../../../aces/aces_library/a2driver/aces2/include -I$MPIHOME/include  form_R.F 1>>make.out 2>>make.err
mpif77 -c -D__fortran -D__fortran77 -DMPIF2C -Zp8 -zero -traceback -DMPI2 -shared-intel -O2 -msse3 -axcore-avx2,core-avx-i -I../../include -I../include -I../../../aces/aces_library/a2driver/aces2/include -I$MPIHOME/include  place_oneb.F 1>>make.out 2>>make.err
mpif77 -c -D__fortran -D__fortran77 -DMPIF2C -Zp8 -zero -traceback -DMPI2 -shared-intel -O2 -msse3 -axcore-avx2,core-avx-i -I../../include -I../include -I../../../aces/aces_library/a2driver/aces2/include -I$MPIHOME/include  compute_2dshield_xzbatch.F 1>>make.out 2>>make.err
mpif77 -c -D__fortran -D__fortran77 -DMPIF2C -Zp8 -zero -traceback -DMPI2 -shared-intel -O2 -msse3 -axcore-avx2,core-avx-i -I../../include -I../include -I../../../aces/aces_library/a2driver/aces2/include -I$MPIHOME/include  full_diag_hphp_matrix.F 1>>make.out 2>>make.err
mpif77 -c -D__fortran -D__fortran77 -DMPIF2C -Zp8 -zero -traceback -DMPI2 -shared-intel -O2 -msse3 -axcore-avx2,core-avx-i -I../../include -I../include -I../../../aces/aces_library/a2driver/aces2/include -I$MPIHOME/include  asymm_force_a.F 1>>make.out 2>>make.err
mpif77 -c -D__fortran -D__fortran77 -DMPIF2C -Zp8 -zero -traceback -DMPI2 -shared-intel -O2 -msse3 -axcore-avx2,core-avx-i -I../../include -I../include -I../../../aces/aces_library/a2driver/aces2/include -I$MPIHOME/include  compute_2dshield_xybatch.F 1>>make.out 2>>make.err
mpif77 -c -D__fortran -D__fortran77 -DMPIF2C -Zp8 -zero -traceback -DMPI2 -shared-intel -O2 -msse3 -axcore-avx2,core-avx-i -I../../include -I../include -I../../../aces/aces_library/a2driver/aces2/include -I$MPIHOME/include  addrootindex.F 1>>make.out 2>>make.err
mpif77 -c -D__fortran -D__fortran77 -DMPIF2C -Zp8 -zero -traceback -DMPI2 -shared-intel -O2 -msse3 -axcore-avx2,core-avx-i -I../../include -I../include -I../../../aces/aces_library/a2driver/aces2/include -I$MPIHOME/include  sdrop.F 1>>make.out 2>>make.err
mpif77 -c -D__fortran -D__fortran77 -DMPIF2C -Zp8 -zero -traceback -DMPI2 -shared-intel -O2 -msse3 -axcore-avx2,core-avx-i -I../../include -I../include -I../../../aces/aces_library/a2driver/aces2/include -I$MPIHOME/include  find_zeros.F 1>>make.out 2>>make.err
mpif77 -c -D__fortran -D__fortran77 -DMPIF2C -Zp8 -zero -traceback -DMPI2 -shared-intel -O2 -msse3 -axcore-avx2,core-avx-i -I../../include -I../include -I../../../aces/aces_library/a2driver/aces2/include -I$MPIHOME/include  remove_dx.F 1>>make.out 2>>make.err
mpif77 -c -D__fortran -D__fortran77 -DMPIF2C -Zp8 -zero -traceback -DMPI2 -shared-intel -O2 -msse3 -axcore-avx2,core-avx-i -I../../include -I../include -I../../../aces/aces_library/a2driver/aces2/include -I$MPIHOME/include  place_one_dea_4.F 1>>make.out 2>>make.err
mpif77 -c -D__fortran -D__fortran77 -DMPIF2C -Zp8 -zero -traceback -DMPI2 -shared-intel -O2 -msse3 -axcore-avx2,core-avx-i -I../../include -I../include -I../../../aces/aces_library/a2driver/aces2/include -I$MPIHOME/include  change_occ_dens.F 1>>make.out 2>>make.err
mpif77 -c -D__fortran -D__fortran77 -DMPIF2C -Zp8 -zero -traceback -DMPI2 -shared-intel -O2 -msse3 -axcore-avx2,core-avx-i -I../../include -I../include -I../../../aces/aces_library/a2driver/aces2/include -I$MPIHOME/include  place_one3.F 1>>make.out 2>>make.err
mpif77 -c -D__fortran -D__fortran77 -DMPIF2C -Zp8 -zero -traceback -DMPI2 -shared-intel -O2 -msse3 -axcore-avx2,core-avx-i -I../../include -I../include -I../../../aces/aces_library/a2driver/aces2/include -I$MPIHOME/include  symm_force_ij.F 1>>make.out 2>>make.err
mpif77 -c -D__fortran -D__fortran77 -DMPIF2C -Zp8 -zero -traceback -DMPI2 -shared-intel -O2 -msse3 -axcore-avx2,core-avx-i -I../../include -I../include -I../../../aces/aces_library/a2driver/aces2/include -I$MPIHOME/include  comp_ovl3c.F 1>>make.out 2>>make.err
mpif77 -c -D__fortran -D__fortran77 -DMPIF2C -Zp8 -zero -traceback -DMPI2 -shared-intel -O2 -msse3 -axcore-avx2,core-avx-i -I../../include -I../include -I../../../aces/aces_library/a2driver/aces2/include -I$MPIHOME/include  place_one_dea_3.F 1>>make.out 2>>make.err
mpif77 -c -D__fortran -D__fortran77 -DMPIF2C -Zp8 -zero -traceback -DMPI2 -shared-intel -O2 -msse3 -axcore-avx2,core-avx-i -I../../include -I../include -I../../../aces/aces_library/a2driver/aces2/include -I$MPIHOME/include  form_rpa_a_p_b.F 1>>make.out 2>>make.err
mpif77 -c -D__fortran -D__fortran77 -DMPIF2C -Zp8 -zero -traceback -DMPI2 -shared-intel -O2 -msse3 -axcore-avx2,core-avx-i -I../../include -I../include -I../../../aces/aces_library/a2driver/aces2/include -I$MPIHOME/include  place_one4b.F 1>>make.out 2>>make.err
mpif77 -c -D__fortran -D__fortran77 -DMPIF2C -Zp8 -zero -traceback -DMPI2 -shared-intel -O2 -msse3 -axcore-avx2,core-avx-i -I../../include -I../include -I../../../aces/aces_library/a2driver/aces2/include -I$MPIHOME/include  remove_dddd.F 1>>make.out 2>>make.err
mpif77 -c -D__fortran -D__fortran77 -DMPIF2C -Zp8 -zero -traceback -DMPI2 -shared-intel -O2 -msse3 -axcore-avx2,core-avx-i -I../../include -I../include -I../../../aces/aces_library/a2driver/aces2/include -I$MPIHOME/include  index_match.F 1>>make.out 2>>make.err
mpif77 -c -D__fortran -D__fortran77 -DMPIF2C -Zp8 -zero -traceback -DMPI2 -shared-intel -O2 -msse3 -axcore-avx2,core-avx-i -I../../include -I../include -I../../../aces/aces_library/a2driver/aces2/include -I$MPIHOME/include  compute_batch5.F 1>>make.out 2>>make.err
mpif77 -c -D__fortran -D__fortran77 -DMPIF2C -Zp8 -zero -traceback -DMPI2 -shared-intel -O2 -msse3 -axcore-avx2,core-avx-i -I../../include -I../include -I../../../aces/aces_library/a2driver/aces2/include -I$MPIHOME/include  place_one_dea_5.F 1>>make.out 2>>make.err
mpif77 -c -D__fortran -D__fortran77 -DMPIF2C -Zp8 -zero -traceback -DMPI2 -shared-intel -O2 -msse3 -axcore-avx2,core-avx-i -I../../include -I../include -I../../../aces/aces_library/a2driver/aces2/include -I$MPIHOME/include  dropmo_expand_basis.F 1>>make.out 2>>make.err
mpif77 -c -D__fortran -D__fortran77 -DMPIF2C -Zp8 -zero -traceback -DMPI2 -shared-intel -O2 -msse3 -axcore-avx2,core-avx-i -I../../include -I../include -I../../../aces/aces_library/a2driver/aces2/include -I$MPIHOME/include  energy_bdenominator.F 1>>make.out 2>>make.err
mpif77 -c -D__fortran -D__fortran77 -DMPIF2C -Zp8 -zero -traceback -DMPI2 -shared-intel -O2 -msse3 -axcore-avx2,core-avx-i -I../../include -I../include -I../../../aces/aces_library/a2driver/aces2/include -I$MPIHOME/include  sum_64ss.F 1>>make.out 2>>make.err
mpif77 -c -D__fortran -D__fortran77 -DMPIF2C -Zp8 -zero -traceback -DMPI2 -shared-intel -O2 -msse3 -axcore-avx2,core-avx-i -I../../include -I../include -I../../../aces/aces_library/a2driver/aces2/include -I$MPIHOME/include  compute_dshield_zybatch.F 1>>make.out 2>>make.err
mpif77 -c -D__fortran -D__fortran77 -DMPIF2C -Zp8 -zero -traceback -DMPI2 -shared-intel -O2 -msse3 -axcore-avx2,core-avx-i -I../../include -I../include -I../../../aces/aces_library/a2driver/aces2/include -I$MPIHOME/include  write_coefficients.F 1>>make.out 2>>make.err
mpif77 -c -D__fortran -D__fortran77 -DMPIF2C -Zp8 -zero -traceback -DMPI2 -shared-intel -O2 -msse3 -axcore-avx2,core-avx-i -I../../include -I../include -I../../../aces/aces_library/a2driver/aces2/include -I$MPIHOME/include  eomroot_print_new.F 1>>make.out 2>>make.err
mpif77 -c -D__fortran -D__fortran77 -DMPIF2C -Zp8 -zero -traceback -DMPI2 -shared-intel -O2 -msse3 -axcore-avx2,core-avx-i -I../../include -I../include -I../../../aces/aces_library/a2driver/aces2/include -I$MPIHOME/include  return_xy.F 1>>make.out 2>>make.err
mpif77 -c -D__fortran -D__fortran77 -DMPIF2C -Zp8 -zero -traceback -DMPI2 -shared-intel -O2 -msse3 -axcore-avx2,core-avx-i -I../../include -I../include -I../../../aces/aces_library/a2driver/aces2/include -I$MPIHOME/include  compt3_i.F 1>>make.out 2>>make.err
mpif77 -c -D__fortran -D__fortran77 -DMPIF2C -Zp8 -zero -traceback -DMPI2 -shared-intel -O2 -msse3 -axcore-avx2,core-avx-i -I../../include -I../include -I../../../aces/aces_library/a2driver/aces2/include -I$MPIHOME/include  compute_aabc_batch.F 1>>make.out 2>>make.err
mpif77 -c -D__fortran -D__fortran77 -DMPIF2C -Zp8 -zero -traceback -DMPI2 -shared-intel -O2 -msse3 -axcore-avx2,core-avx-i -I../../include -I../include -I../../../aces/aces_library/a2driver/aces2/include -I$MPIHOME/include  return_z.F 1>>make.out 2>>make.err
mpif77 -c -D__fortran -D__fortran77 -DMPIF2C -Zp8 -zero -traceback -DMPI2 -shared-intel -O2 -msse3 -axcore-avx2,core-avx-i -I../../include -I../include -I../../../aces/aces_library/a2driver/aces2/include -I$MPIHOME/include  compute_batch7.F 1>>make.out 2>>make.err
mpif77 -c -D__fortran -D__fortran77 -DMPIF2C -Zp8 -zero -traceback -DMPI2 -shared-intel -O2 -msse3 -axcore-avx2,core-avx-i -I../../include -I../include -I../../../aces/aces_library/a2driver/aces2/include -I$MPIHOME/include  hcont1.F 1>>make.out 2>>make.err
mpif77 -c -D__fortran -D__fortran77 -DMPIF2C -Zp8 -zero -traceback -DMPI2 -shared-intel -O2 -msse3 -axcore-avx2,core-avx-i -I../../include -I../include -I../../../aces/aces_library/a2driver/aces2/include -I$MPIHOME/include  symm_force.F 1>>make.out 2>>make.err
mpif77 -c -D__fortran -D__fortran77 -DMPIF2C -Zp8 -zero -traceback -DMPI2 -shared-intel -O2 -msse3 -axcore-avx2,core-avx-i -I../../include -I../include -I../../../aces/aces_library/a2driver/aces2/include -I$MPIHOME/include  init_fockdiags.F 1>>make.out 2>>make.err
mpif77 -c -D__fortran -D__fortran77 -DMPIF2C -Zp8 -zero -traceback -DMPI2 -shared-intel -O2 -msse3 -axcore-avx2,core-avx-i -I../../include -I../include -I../../../aces/aces_library/a2driver/aces2/include -I$MPIHOME/include  compute_abac_batch.F 1>>make.out 2>>make.err
mpif77 -c -D__fortran -D__fortran77 -DMPIF2C -Zp8 -zero -traceback -DMPI2 -shared-intel -O2 -msse3 -axcore-avx2,core-avx-i -I../../include -I../include -I../../../aces/aces_library/a2driver/aces2/include -I$MPIHOME/include  report_maximum.F 1>>make.out 2>>make.err
mpif77 -c -D__fortran -D__fortran77 -DMPIF2C -Zp8 -zero -traceback -DMPI2 -shared-intel -O2 -msse3 -axcore-avx2,core-avx-i -I../../include -I../include -I../../../aces/aces_library/a2driver/aces2/include -I$MPIHOME/include  place_one_dea_6.F 1>>make.out 2>>make.err
mpif77 -c -D__fortran -D__fortran77 -DMPIF2C -Zp8 -zero -traceback -DMPI2 -shared-intel -O2 -msse3 -axcore-avx2,core-avx-i -I../../include -I../include -I../../../aces/aces_library/a2driver/aces2/include -I$MPIHOME/include  apply_den2.F 1>>make.out 2>>make.err
mpif77 -c -D__fortran -D__fortran77 -DMPIF2C -Zp8 -zero -traceback -DMPI2 -shared-intel -O2 -msse3 -axcore-avx2,core-avx-i -I../../include -I../include -I../../../aces/aces_library/a2driver/aces2/include -I$MPIHOME/include  form_fnob.F 1>>make.out 2>>make.err
mpif77 -c -D__fortran -D__fortran77 -DMPIF2C -Zp8 -zero -traceback -DMPI2 -shared-intel -O2 -msse3 -axcore-avx2,core-avx-i -I../../include -I../include -I../../../aces/aces_library/a2driver/aces2/include -I$MPIHOME/include  return_x.F 1>>make.out 2>>make.err
mpif77 -c -D__fortran -D__fortran77 -DMPIF2C -Zp8 -zero -traceback -DMPI2 -shared-intel -O2 -msse3 -axcore-avx2,core-avx-i -I../../include -I../include -I../../../aces/aces_library/a2driver/aces2/include -I$MPIHOME/include  compute_1soi_xbatch.F 1>>make.out 2>>make.err
mpif77 -c -D__fortran -D__fortran77 -DMPIF2C -Zp8 -zero -traceback -DMPI2 -shared-intel -O2 -msse3 -axcore-avx2,core-avx-i -I../../include -I../include -I../../../aces/aces_library/a2driver/aces2/include -I$MPIHOME/include  return_zz.F 1>>make.out 2>>make.err
mpif77 -c -D__fortran -D__fortran77 -DMPIF2C -Zp8 -zero -traceback -DMPI2 -shared-intel -O2 -msse3 -axcore-avx2,core-avx-i -I../../include -I../include -I../../../aces/aces_library/a2driver/aces2/include -I$MPIHOME/include  remove_dd.F 1>>make.out 2>>make.err
mpif77 -c -D__fortran -D__fortran77 -DMPIF2C -Zp8 -zero -traceback -DMPI2 -shared-intel -O2 -msse3 -axcore-avx2,core-avx-i -I../../include -I../include -I../../../aces/aces_library/a2driver/aces2/include -I$MPIHOME/include  place_one3b.F 1>>make.out 2>>make.err
mpif77 -c -D__fortran -D__fortran77 -DMPIF2C -Zp8 -zero -traceback -DMPI2 -shared-intel -O2 -msse3 -axcore-avx2,core-avx-i -I../../include -I../include -I../../../aces/aces_library/a2driver/aces2/include -I$MPIHOME/include  read_grad.F 1>>make.out 2>>make.err
mpif77 -c -D__fortran -D__fortran77 -DMPIF2C -Zp8 -zero -traceback -DMPI2 -shared-intel -O2 -msse3 -axcore-avx2,core-avx-i -I../../include -I../include -I../../../aces/aces_library/a2driver/aces2/include -I$MPIHOME/include  compute_aaab_batch.F 1>>make.out 2>>make.err
mpif77 -c -D__fortran -D__fortran77 -DMPIF2C -Zp8 -zero -traceback -DMPI2 -shared-intel -O2 -msse3 -axcore-avx2,core-avx-i -I../../include -I../include -I../../../aces/aces_library/a2driver/aces2/include -I$MPIHOME/include  antihermitize_pqrs.F 1>>make.out 2>>make.err
mpif77 -c -D__fortran -D__fortran77 -DMPIF2C -Zp8 -zero -traceback -DMPI2 -shared-intel -O2 -msse3 -axcore-avx2,core-avx-i -I../../include -I../include -I../../../aces/aces_library/a2driver/aces2/include -I$MPIHOME/include  eomroot_print.F 1>>make.out 2>>make.err
mpif77 -c -D__fortran -D__fortran77 -DMPIF2C -Zp8 -zero -traceback -DMPI2 -shared-intel -O2 -msse3 -axcore-avx2,core-avx-i -I../../include -I../include -I../../../aces/aces_library/a2driver/aces2/include -I$MPIHOME/include  second_moment.F 1>>make.out 2>>make.err
mpif77 -c -D__fortran -D__fortran77 -DMPIF2C -Zp8 -zero -traceback -DMPI2 -shared-intel -O2 -msse3 -axcore-avx2,core-avx-i -I../../include -I../include -I../../../aces/aces_library/a2driver/aces2/include -I$MPIHOME/include  norm_fac.F 1>>make.out 2>>make.err
mpif77 -c -D__fortran -D__fortran77 -DMPIF2C -Zp8 -zero -traceback -DMPI2 -shared-intel -O2 -msse3 -axcore-avx2,core-avx-i -I../../include -I../include -I../../../aces/aces_library/a2driver/aces2/include -I$MPIHOME/include  return_xx.F 1>>make.out 2>>make.err
mpif77 -c -D__fortran -D__fortran77 -DMPIF2C -Zp8 -zero -traceback -DMPI2 -shared-intel -O2 -msse3 -axcore-avx2,core-avx-i -I../../include -I../include -I../../../aces/aces_library/a2driver/aces2/include -I$MPIHOME/include  return_yy.F 1>>make.out 2>>make.err
mpif77 -c -D__fortran -D__fortran77 -DMPIF2C -Zp8 -zero -traceback -DMPI2 -shared-intel -O2 -msse3 -axcore-avx2,core-avx-i -I../../include -I../include -I../../../aces/aces_library/a2driver/aces2/include -I$MPIHOME/include  sort_fno.F 1>>make.out 2>>make.err
mpif77 -c -D__fortran -D__fortran77 -DMPIF2C -Zp8 -zero -traceback -DMPI2 -shared-intel -O2 -msse3 -axcore-avx2,core-avx-i -I../../include -I../include -I../../../aces/aces_library/a2driver/aces2/include -I$MPIHOME/include  compute_delta_int.F 1>>make.out 2>>make.err
mpif77 -c -D__fortran -D__fortran77 -DMPIF2C -Zp8 -zero -traceback -DMPI2 -shared-intel -O2 -msse3 -axcore-avx2,core-avx-i -I../../include -I../include -I../../../aces/aces_library/a2driver/aces2/include -I$MPIHOME/include  c2bb_print.F 1>>make.out 2>>make.err
mpif77 -c -D__fortran -D__fortran77 -DMPIF2C -Zp8 -zero -traceback -DMPI2 -shared-intel -O2 -msse3 -axcore-avx2,core-avx-i -I../../include -I../include -I../../../aces/aces_library/a2driver/aces2/include -I$MPIHOME/include  fock_der.F 1>>make.out 2>>make.err
mpif77 -c -D__fortran -D__fortran77 -DMPIF2C -Zp8 -zero -traceback -DMPI2 -shared-intel -O2 -msse3 -axcore-avx2,core-avx-i -I../../include -I../include -I../../../aces/aces_library/a2driver/aces2/include -I$MPIHOME/include  compute_dshield_yxbatch.F 1>>make.out 2>>make.err
mpif77 -c -D__fortran -D__fortran77 -DMPIF2C -Zp8 -zero -traceback -DMPI2 -shared-intel -O2 -msse3 -axcore-avx2,core-avx-i -I../../include -I../include -I../../../aces/aces_library/a2driver/aces2/include -I$MPIHOME/include  v_nuc_nuc.F 1>>make.out 2>>make.err
mpif77 -c -D__fortran -D__fortran77 -DMPIF2C -Zp8 -zero -traceback -DMPI2 -shared-intel -O2 -msse3 -axcore-avx2,core-avx-i -I../../include -I../include -I../../../aces/aces_library/a2driver/aces2/include -I$MPIHOME/include  compute_batch2.F 1>>make.out 2>>make.err
mpif77 -c -D__fortran -D__fortran77 -DMPIF2C -Zp8 -zero -traceback -DMPI2 -shared-intel -O2 -msse3 -axcore-avx2,core-avx-i -I../../include -I../include -I../../../aces/aces_library/a2driver/aces2/include -I$MPIHOME/include  copy_fock.F 1>>make.out 2>>make.err
mpif77 -c -D__fortran -D__fortran77 -DMPIF2C -Zp8 -zero -traceback -DMPI2 -shared-intel -O2 -msse3 -axcore-avx2,core-avx-i -I../../include -I../include -I../../../aces/aces_library/a2driver/aces2/include -I$MPIHOME/include  xgeev.F 1>>make.out 2>>make.err
mpif77 -c -D__fortran -D__fortran77 -DMPIF2C -Zp8 -zero -traceback -DMPI2 -shared-intel -O2 -msse3 -axcore-avx2,core-avx-i -I../../include -I../include -I../../../aces/aces_library/a2driver/aces2/include -I$MPIHOME/include  form_rpa_a_m_b.F 1>>make.out 2>>make.err
mpif77 -c -D__fortran -D__fortran77 -DMPIF2C -Zp8 -zero -traceback -DMPI2 -shared-intel -O2 -msse3 -axcore-avx2,core-avx-i -I../../include -I../include -I../../../aces/aces_library/a2driver/aces2/include -I$MPIHOME/include  remove_xdxd.F 1>>make.out 2>>make.err
mpif77 -c -D__fortran -D__fortran77 -DMPIF2C -Zp8 -zero -traceback -DMPI2 -shared-intel -O2 -msse3 -axcore-avx2,core-avx-i -I../../include -I../include -I../../../aces/aces_library/a2driver/aces2/include -I$MPIHOME/include  form_fno.F 1>>make.out 2>>make.err
mpif77 -c -D__fortran -D__fortran77 -DMPIF2C -Zp8 -zero -traceback -DMPI2 -shared-intel -O2 -msse3 -axcore-avx2,core-avx-i -I../../include -I../include -I../../../aces/aces_library/a2driver/aces2/include -I$MPIHOME/include  scf_atom_coeff.F 1>>make.out 2>>make.err
mpif77 -c -D__fortran -D__fortran77 -DMPIF2C -Zp8 -zero -traceback -DMPI2 -shared-intel -O2 -msse3 -axcore-avx2,core-avx-i -I../../include -I../include -I../../../aces/aces_library/a2driver/aces2/include -I$MPIHOME/include  place_one_dea_7.F 1>>make.out 2>>make.err
mpif77 -c -D__fortran -D__fortran77 -DMPIF2C -Zp8 -zero -traceback -DMPI2 -shared-intel -O2 -msse3 -axcore-avx2,core-avx-i -I../../include -I../include -I../../../aces/aces_library/a2driver/aces2/include -I$MPIHOME/include  return_dkh_h1.F 1>>make.out 2>>make.err
mpif77 -c -D__fortran -D__fortran77 -DMPIF2C -Zp8 -zero -traceback -DMPI2 -shared-intel -O2 -msse3 -axcore-avx2,core-avx-i -I../../include -I../include -I../../../aces/aces_library/a2driver/aces2/include -I$MPIHOME/include  remove_sx.F 1>>make.out 2>>make.err
mpif77 -c -D__fortran -D__fortran77 -DMPIF2C -Zp8 -zero -traceback -DMPI2 -shared-intel -O2 -msse3 -axcore-avx2,core-avx-i -I../../include -I../include -I../../../aces/aces_library/a2driver/aces2/include -I$MPIHOME/include  compute_2soi_zbatch.F 1>>make.out 2>>make.err
mpif77 -c -D__fortran -D__fortran77 -DMPIF2C -Zp8 -zero -traceback -DMPI2 -shared-intel -O2 -msse3 -axcore-avx2,core-avx-i -I../../include -I../include -I../../../aces/aces_library/a2driver/aces2/include -I$MPIHOME/include  form_dea_guess.F 1>>make.out 2>>make.err
mpif77 -c -D__fortran -D__fortran77 -DMPIF2C -Zp8 -zero -traceback -DMPI2 -shared-intel -O2 -msse3 -axcore-avx2,core-avx-i -I../../include -I../include -I../../../aces/aces_library/a2driver/aces2/include -I$MPIHOME/include  apply_den2_nor.F 1>>make.out 2>>make.err
mpif77 -c -D__fortran -D__fortran77 -DMPIF2C -Zp8 -zero -traceback -DMPI2 -shared-intel -O2 -msse3 -axcore-avx2,core-avx-i -I../../include -I../include -I../../../aces/aces_library/a2driver/aces2/include -I$MPIHOME/include  return_h1.F 1>>make.out 2>>make.err
mpif77 -c -D__fortran -D__fortran77 -DMPIF2C -Zp8 -zero -traceback -DMPI2 -shared-intel -O2 -msse3 -axcore-avx2,core-avx-i -I../../include -I../include -I../../../aces/aces_library/a2driver/aces2/include -I$MPIHOME/include  retrieve_block_info.F 1>>make.out 2>>make.err
mpif77 -c -D__fortran -D__fortran77 -DMPIF2C -Zp8 -zero -traceback -DMPI2 -shared-intel -O2 -msse3 -axcore-avx2,core-avx-i -I../../include -I../include -I../../../aces/aces_library/a2driver/aces2/include -I$MPIHOME/include  place_one_dip_5.F 1>>make.out 2>>make.err
mpif77 -c -D__fortran -D__fortran77 -DMPIF2C -Zp8 -zero -traceback -DMPI2 -shared-intel -O2 -msse3 -axcore-avx2,core-avx-i -I../../include -I../include -I../../../aces/aces_library/a2driver/aces2/include -I$MPIHOME/include  remove_single.F 1>>make.out 2>>make.err
mpif77 -c -D__fortran -D__fortran77 -DMPIF2C -Zp8 -zero -traceback -DMPI2 -shared-intel -O2 -msse3 -axcore-avx2,core-avx-i -I../../include -I../include -I../../../aces/aces_library/a2driver/aces2/include -I$MPIHOME/include  remove_sd.F 1>>make.out 2>>make.err
mpif77 -c -D__fortran -D__fortran77 -DMPIF2C -Zp8 -zero -traceback -DMPI2 -shared-intel -O2 -msse3 -axcore-avx2,core-avx-i -I../../include -I../include -I../../../aces/aces_library/a2driver/aces2/include -I$MPIHOME/include  prestrict.F 1>>make.out 2>>make.err
mpif77 -c -D__fortran -D__fortran77 -DMPIF2C -Zp8 -zero -traceback -DMPI2 -shared-intel -O2 -msse3 -axcore-avx2,core-avx-i -I../../include -I../include -I../../../aces/aces_library/a2driver/aces2/include -I$MPIHOME/include  compute_ubatch1.F 1>>make.out 2>>make.err
mpif77 -c -D__fortran -D__fortran77 -DMPIF2C -Zp8 -zero -traceback -DMPI2 -shared-intel -O2 -msse3 -axcore-avx2,core-avx-i -I../../include -I../include -I../../../aces/aces_library/a2driver/aces2/include -I$MPIHOME/include  scf_atom.F 1>>make.out 2>>make.err
mpif77 -c -D__fortran -D__fortran77 -DMPIF2C -Zp8 -zero -traceback -DMPI2 -shared-intel -O2 -msse3 -axcore-avx2,core-avx-i -I../../include -I../include -I../../../aces/aces_library/a2driver/aces2/include -I$MPIHOME/include  calc_trace.F 1>>make.out 2>>make.err
mpif77 -c -D__fortran -D__fortran77 -DMPIF2C -Zp8 -zero -traceback -DMPI2 -shared-intel -O2 -msse3 -axcore-avx2,core-avx-i -I../../include -I../include -I../../../aces/aces_library/a2driver/aces2/include -I$MPIHOME/include  compute_2dshield_zybatch.F 1>>make.out 2>>make.err
mpif77 -c -D__fortran -D__fortran77 -DMPIF2C -Zp8 -zero -traceback -DMPI2 -shared-intel -O2 -msse3 -axcore-avx2,core-avx-i -I../../include -I../include -I../../../aces/aces_library/a2driver/aces2/include -I$MPIHOME/include  dens2jobarc.F 1>>make.out 2>>make.err
mpif77 -c -D__fortran -D__fortran77 -DMPIF2C -Zp8 -zero -traceback -DMPI2 -shared-intel -O2 -msse3 -axcore-avx2,core-avx-i -I../../include -I../include -I../../../aces/aces_library/a2driver/aces2/include -I$MPIHOME/include  compute_2dshield_yxbatch.F 1>>make.out 2>>make.err
mpif77 -c -D__fortran -D__fortran77 -DMPIF2C -Zp8 -zero -traceback -DMPI2 -shared-intel -O2 -msse3 -axcore-avx2,core-avx-i -I../../include -I../include -I../../../aces/aces_library/a2driver/aces2/include -I$MPIHOME/include  compute_2dshield_zxbatch.F 1>>make.out 2>>make.err
mpif77 -c -D__fortran -D__fortran77 -DMPIF2C -Zp8 -zero -traceback -DMPI2 -shared-intel -O2 -msse3 -axcore-avx2,core-avx-i -I../../include -I../include -I../../../aces/aces_library/a2driver/aces2/include -I$MPIHOME/include  symm_force_a.F 1>>make.out 2>>make.err
mpif77 -c -D__fortran -D__fortran77 -DMPIF2C -Zp8 -zero -traceback -DMPI2 -shared-intel -O2 -msse3 -axcore-avx2,core-avx-i -I../../include -I../include -I../../../aces/aces_library/a2driver/aces2/include -I$MPIHOME/include  place_constantb.F 1>>make.out 2>>make.err
mpif77 -c -D__fortran -D__fortran77 -DMPIF2C -Zp8 -zero -traceback -DMPI2 -shared-intel -O2 -msse3 -axcore-avx2,core-avx-i -I../../include -I../include -I../../../aces/aces_library/a2driver/aces2/include -I$MPIHOME/include  compute_ubatch2.F 1>>make.out 2>>make.err
mpif77 -c -D__fortran -D__fortran77 -DMPIF2C -Zp8 -zero -traceback -DMPI2 -shared-intel -O2 -msse3 -axcore-avx2,core-avx-i -I../../include -I../include -I../../../aces/aces_library/a2driver/aces2/include -I$MPIHOME/include  apply_den4.F 1>>make.out 2>>make.err
mpif77 -c -D__fortran -D__fortran77 -DMPIF2C -Zp8 -zero -traceback -DMPI2 -shared-intel -O2 -msse3 -axcore-avx2,core-avx-i -I../../include -I../include -I../../../aces/aces_library/a2driver/aces2/include -I$MPIHOME/include  hcontxy.F 1>>make.out 2>>make.err
mpif77 -c -D__fortran -D__fortran77 -DMPIF2C -Zp8 -zero -traceback -DMPI2 -shared-intel -O2 -msse3 -axcore-avx2,core-avx-i -I../../include -I../include -I../../../aces/aces_library/a2driver/aces2/include -I$MPIHOME/include  place_sval.F 1>>make.out 2>>make.err
mpif77 -c -D__fortran -D__fortran77 -DMPIF2C -Zp8 -zero -traceback -DMPI2 -shared-intel -O2 -msse3 -axcore-avx2,core-avx-i -I../../include -I../include -I../../../aces/aces_library/a2driver/aces2/include -I$MPIHOME/include  compute_pvp_xyzbatch.F 1>>make.out 2>>make.err
mpif77 -c -D__fortran -D__fortran77 -DMPIF2C -Zp8 -zero -traceback -DMPI2 -shared-intel -O2 -msse3 -axcore-avx2,core-avx-i -I../../include -I../include -I../../../aces/aces_library/a2driver/aces2/include -I$MPIHOME/include  place_one6b.F 1>>make.out 2>>make.err
mpif77 -c -D__fortran -D__fortran77 -DMPIF2C -Zp8 -zero -traceback -DMPI2 -shared-intel -O2 -msse3 -axcore-avx2,core-avx-i -I../../include -I../include -I../../../aces/aces_library/a2driver/aces2/include -I$MPIHOME/include  form_rpa_small_matrix.F 1>>make.out 2>>make.err
mpif77 -c -D__fortran -D__fortran77 -DMPIF2C -Zp8 -zero -traceback -DMPI2 -shared-intel -O2 -msse3 -axcore-avx2,core-avx-i -I../../include -I../include -I../../../aces/aces_library/a2driver/aces2/include -I$MPIHOME/include  get_init_occupation.F 1>>make.out 2>>make.err
mpif77 -c -D__fortran -D__fortran77 -DMPIF2C -Zp8 -zero -traceback -DMPI2 -shared-intel -O2 -msse3 -axcore-avx2,core-avx-i -I../../include -I../include -I../../../aces/aces_library/a2driver/aces2/include -I$MPIHOME/include  compute_dshield_zzbatch.F 1>>make.out 2>>make.err
mpif77 -c -D__fortran -D__fortran77 -DMPIF2C -Zp8 -zero -traceback -DMPI2 -shared-intel -O2 -msse3 -axcore-avx2,core-avx-i -I../../include -I../include -I../../../aces/aces_library/a2driver/aces2/include -I$MPIHOME/include  removevv_ss.F 1>>make.out 2>>make.err
mpif77 -c -D__fortran -D__fortran77 -DMPIF2C -Zp8 -zero -traceback -DMPI2 -shared-intel -O2 -msse3 -axcore-avx2,core-avx-i -I../../include -I../include -I../../../aces/aces_library/a2driver/aces2/include -I$MPIHOME/include  doprestrict.F 1>>make.out 2>>make.err
mpif77 -c -D__fortran -D__fortran77 -DMPIF2C -Zp8 -zero -traceback -DMPI2 -shared-intel -O2 -msse3 -axcore-avx2,core-avx-i -I../../include -I../include -I../../../aces/aces_library/a2driver/aces2/include -I$MPIHOME/include  return_y.F 1>>make.out 2>>make.err
mpif77 -c -D__fortran -D__fortran77 -DMPIF2C -Zp8 -zero -traceback -DMPI2 -shared-intel -O2 -msse3 -axcore-avx2,core-avx-i -I../../include -I../include -I../../../aces/aces_library/a2driver/aces2/include -I$MPIHOME/include  return_max_overlap.F 1>>make.out 2>>make.err
mpif77 -c -D__fortran -D__fortran77 -DMPIF2C -Zp8 -zero -traceback -DMPI2 -shared-intel -O2 -msse3 -axcore-avx2,core-avx-i -I../../include -I../include -I../../../aces/aces_library/a2driver/aces2/include -I$MPIHOME/include  overlap_der.F 1>>make.out 2>>make.err
mpif77 -c -D__fortran -D__fortran77 -DMPIF2C -Zp8 -zero -traceback -DMPI2 -shared-intel -O2 -msse3 -axcore-avx2,core-avx-i -I../../include -I../include -I../../../aces/aces_library/a2driver/aces2/include -I$MPIHOME/include  scont1.F 1>>make.out 2>>make.err
mpif77 -c -D__fortran -D__fortran77 -DMPIF2C -Zp8 -zero -traceback -DMPI2 -shared-intel -O2 -msse3 -axcore-avx2,core-avx-i -I../../include -I../include -I../../../aces/aces_library/a2driver/aces2/include -I$MPIHOME/include  place_one6.F 1>>make.out 2>>make.err
mpif77 -c -D__fortran -D__fortran77 -DMPIF2C -Zp8 -zero -traceback -DMPI2 -shared-intel -O2 -msse3 -axcore-avx2,core-avx-i -I../../include -I../include -I../../../aces/aces_library/a2driver/aces2/include -I$MPIHOME/include  ecp_dercont.F 1>>make.out 2>>make.err
mpif77 -c -D__fortran -D__fortran77 -DMPIF2C -Zp8 -zero -traceback -DMPI2 -shared-intel -O2 -msse3 -axcore-avx2,core-avx-i -I../../include -I../include -I../../../aces/aces_library/a2driver/aces2/include -I$MPIHOME/include  compute_2dshield_yzbatch.F 1>>make.out 2>>make.err
mpif77 -c -D__fortran -D__fortran77 -DMPIF2C -Zp8 -zero -traceback -DMPI2 -shared-intel -O2 -msse3 -axcore-avx2,core-avx-i -I../../include -I../include -I../../../aces/aces_library/a2driver/aces2/include -I$MPIHOME/include  compute_block.F 1>>make.out 2>>make.err
mpif77 -c -D__fortran -D__fortran77 -DMPIF2C -Zp8 -zero -traceback -DMPI2 -shared-intel -O2 -msse3 -axcore-avx2,core-avx-i -I../../include -I../include -I../../../aces/aces_library/a2driver/aces2/include -I$MPIHOME/include  place_one4.F 1>>make.out 2>>make.err
mpif77 -c -D__fortran -D__fortran77 -DMPIF2C -Zp8 -zero -traceback -DMPI2 -shared-intel -O2 -msse3 -axcore-avx2,core-avx-i -I../../include -I../include -I../../../aces/aces_library/a2driver/aces2/include -I$MPIHOME/include  compute_batch1.F 1>>make.out 2>>make.err
mpif77 -c -D__fortran -D__fortran77 -DMPIF2C -Zp8 -zero -traceback -DMPI2 -shared-intel -O2 -msse3 -axcore-avx2,core-avx-i -I../../include -I../include -I../../../aces/aces_library/a2driver/aces2/include -I$MPIHOME/include  place_one_dip_2.F 1>>make.out 2>>make.err
mpif77 -c -D__fortran -D__fortran77 -DMPIF2C -Zp8 -zero -traceback -DMPI2 -shared-intel -O2 -msse3 -axcore-avx2,core-avx-i -I../../include -I../include -I../../../aces/aces_library/a2driver/aces2/include -I$MPIHOME/include  energy_reg_product.F 1>>make.out 2>>make.err
mpif77 -c -D__fortran -D__fortran77 -DMPIF2C -Zp8 -zero -traceback -DMPI2 -shared-intel -O2 -msse3 -axcore-avx2,core-avx-i -I../../include -I../include -I../../../aces/aces_library/a2driver/aces2/include -I$MPIHOME/include  c1_print.F 1>>make.out 2>>make.err
mpif77 -c -D__fortran -D__fortran77 -DMPIF2C -Zp8 -zero -traceback -DMPI2 -shared-intel -O2 -msse3 -axcore-avx2,core-avx-i -I../../include -I../include -I../../../aces/aces_library/a2driver/aces2/include -I$MPIHOME/include  compute_ubatch7.F 1>>make.out 2>>make.err
mpif77 -c -D__fortran -D__fortran77 -DMPIF2C -Zp8 -zero -traceback -DMPI2 -shared-intel -O2 -msse3 -axcore-avx2,core-avx-i -I../../include -I../include -I../../../aces/aces_library/a2driver/aces2/include -I$MPIHOME/include  process_eigs.F 1>>make.out 2>>make.err
mpif77 -c -D__fortran -D__fortran77 -DMPIF2C -Zp8 -zero -traceback -DMPI2 -shared-intel -O2 -msse3 -axcore-avx2,core-avx-i -I../../include -I../include -I../../../aces/aces_library/a2driver/aces2/include -I$MPIHOME/include  temp_x.F 1>>make.out 2>>make.err
mpif77 -c -D__fortran -D__fortran77 -DMPIF2C -Zp8 -zero -traceback -DMPI2 -shared-intel -O2 -msse3 -axcore-avx2,core-avx-i -I../../include -I../include -I../../../aces/aces_library/a2driver/aces2/include -I$MPIHOME/include  energy_denominator_reg_deriv.F 1>>make.out 2>>make.err
mpif77 -c -D__fortran -D__fortran77 -DMPIF2C -Zp8 -zero -traceback -DMPI2 -shared-intel -O2 -msse3 -axcore-avx2,core-avx-i -I../../include -I../include -I../../../aces/aces_library/a2driver/aces2/include -I$MPIHOME/include  sum_2d_array.F 1>>make.out 2>>make.err
mpif77 -c -D__fortran -D__fortran77 -DMPIF2C -Zp8 -zero -traceback -DMPI2 -shared-intel -O2 -msse3 -axcore-avx2,core-avx-i -I../../include -I../include -I../../../aces/aces_library/a2driver/aces2/include -I$MPIHOME/include  remove_xdxs.F 1>>make.out 2>>make.err
mpif77 -c -D__fortran -D__fortran77 -DMPIF2C -Zp8 -zero -traceback -DMPI2 -shared-intel -O2 -msse3 -axcore-avx2,core-avx-i -I../../include -I../include -I../../../aces/aces_library/a2driver/aces2/include -I$MPIHOME/include  compute_ubatch4.F 1>>make.out 2>>make.err
mpif77 -c -D__fortran -D__fortran77 -DMPIF2C -Zp8 -zero -traceback -DMPI2 -shared-intel -O2 -msse3 -axcore-avx2,core-avx-i -I../../include -I../include -I../../../aces/aces_library/a2driver/aces2/include -I$MPIHOME/include  remove_double.F 1>>make.out 2>>make.err
mpif77 -c -D__fortran -D__fortran77 -DMPIF2C -Zp8 -zero -traceback -DMPI2 -shared-intel -O2 -msse3 -axcore-avx2,core-avx-i -I../../include -I../include -I../../../aces/aces_library/a2driver/aces2/include -I$MPIHOME/include  print_eom_dens_info.F 1>>make.out 2>>make.err
mpif77 -c -D__fortran -D__fortran77 -DMPIF2C -Zp8 -zero -traceback -DMPI2 -shared-intel -O2 -msse3 -axcore-avx2,core-avx-i -I../../include -I../include -I../../../aces/aces_library/a2driver/aces2/include -I$MPIHOME/include  compute_1soi_zbatch.F 1>>make.out 2>>make.err
mpif77 -c -D__fortran -D__fortran77 -DMPIF2C -Zp8 -zero -traceback -DMPI2 -shared-intel -O2 -msse3 -axcore-avx2,core-avx-i -I../../include -I../include -I../../../aces/aces_library/a2driver/aces2/include -I$MPIHOME/include  energy_abdenominator.F 1>>make.out 2>>make.err
mpif77 -c -D__fortran -D__fortran77 -DMPIF2C -Zp8 -zero -traceback -DMPI2 -shared-intel -O2 -msse3 -axcore-avx2,core-avx-i -I../../include -I../include -I../../../aces/aces_library/a2driver/aces2/include -I$MPIHOME/include  print_rel_info.F 1>>make.out 2>>make.err
mpif77 -c -D__fortran -D__fortran77 -DMPIF2C -Zp8 -zero -traceback -DMPI2 -shared-intel -O2 -msse3 -axcore-avx2,core-avx-i -I../../include -I../include -I../../../aces/aces_library/a2driver/aces2/include -I$MPIHOME/include  compute_1soi_ybatch.F 1>>make.out 2>>make.err
mpif77 -c -D__fortran -D__fortran77 -DMPIF2C -Zp8 -zero -traceback -DMPI2 -shared-intel -O2 -msse3 -axcore-avx2,core-avx-i -I../../include -I../include -I../../../aces/aces_library/a2driver/aces2/include -I$MPIHOME/include  read_hess.F 1>>make.out 2>>make.err
mpif77 -c -D__fortran -D__fortran77 -DMPIF2C -Zp8 -zero -traceback -DMPI2 -shared-intel -O2 -msse3 -axcore-avx2,core-avx-i -I../../include -I../include -I../../../aces/aces_library/a2driver/aces2/include -I$MPIHOME/include  place_one_dip_7.F 1>>make.out 2>>make.err
mpif77 -c -D__fortran -D__fortran77 -DMPIF2C -Zp8 -zero -traceback -DMPI2 -shared-intel -O2 -msse3 -axcore-avx2,core-avx-i -I../../include -I../include -I../../../aces/aces_library/a2driver/aces2/include -I$MPIHOME/include  form_dip_guess.F 1>>make.out 2>>make.err
mpif77 -c -D__fortran -D__fortran77 -DMPIF2C -Zp8 -zero -traceback -DMPI2 -shared-intel -O2 -msse3 -axcore-avx2,core-avx-i -I../../include -I../include -I../../../aces/aces_library/a2driver/aces2/include -I$MPIHOME/include  remove_ds.F 1>>make.out 2>>make.err
mpif77 -c -D__fortran -D__fortran77 -DMPIF2C -Zp8 -zero -traceback -DMPI2 -shared-intel -O2 -msse3 -axcore-avx2,core-avx-i -I../../include -I../include -I../../../aces/aces_library/a2driver/aces2/include -I$MPIHOME/include  form_ibd.F 1>>make.out 2>>make.err
mpif77 -c -D__fortran -D__fortran77 -DMPIF2C -Zp8 -zero -traceback -DMPI2 -shared-intel -O2 -msse3 -axcore-avx2,core-avx-i -I../../include -I../include -I../../../aces/aces_library/a2driver/aces2/include -I$MPIHOME/include  compute_2dshield_xxbatch.F 1>>make.out 2>>make.err
mpif77 -c -D__fortran -D__fortran77 -DMPIF2C -Zp8 -zero -traceback -DMPI2 -shared-intel -O2 -msse3 -axcore-avx2,core-avx-i -I../../include -I../include -I../../../aces/aces_library/a2driver/aces2/include -I$MPIHOME/include  compute_batch8.F 1>>make.out 2>>make.err
mpif77 -c -D__fortran -D__fortran77 -DMPIF2C -Zp8 -zero -traceback -DMPI2 -shared-intel -O2 -msse3 -axcore-avx2,core-avx-i -I../../include -I../include -I../../../aces/aces_library/a2driver/aces2/include -I$MPIHOME/include  compt3_a.F 1>>make.out 2>>make.err
mpif77 -c -D__fortran -D__fortran77 -DMPIF2C -Zp8 -zero -traceback -DMPI2 -shared-intel -O2 -msse3 -axcore-avx2,core-avx-i -I../../include -I../include -I../../../aces/aces_library/a2driver/aces2/include -I$MPIHOME/include  add_scal2diag.F 1>>make.out 2>>make.err
mpif77 -c -D__fortran -D__fortran77 -DMPIF2C -Zp8 -zero -traceback -DMPI2 -shared-intel -O2 -msse3 -axcore-avx2,core-avx-i -I../../include -I../include -I../../../aces/aces_library/a2driver/aces2/include -I$MPIHOME/include  return_2nd_mom.F 1>>make.out 2>>make.err
mpif77 -c -D__fortran -D__fortran77 -DMPIF2C -Zp8 -zero -traceback -DMPI2 -shared-intel -O2 -msse3 -axcore-avx2,core-avx-i -I../../include -I../include -I../../../aces/aces_library/a2driver/aces2/include -I$MPIHOME/include  fassign.F 1>>make.out 2>>make.err
mpif77 -c -D__fortran -D__fortran77 -DMPIF2C -Zp8 -zero -traceback -DMPI2 -shared-intel -O2 -msse3 -axcore-avx2,core-avx-i -I../../include -I../include -I../../../aces/aces_library/a2driver/aces2/include -I$MPIHOME/include  return_diagonal.F 1>>make.out 2>>make.err
mpif77 -c -D__fortran -D__fortran77 -DMPIF2C -Zp8 -zero -traceback -DMPI2 -shared-intel -O2 -msse3 -axcore-avx2,core-avx-i -I../../include -I../include -I../../../aces/aces_library/a2driver/aces2/include -I$MPIHOME/include  set_np2.F 1>>make.out 2>>make.err
mpif77 -c -D__fortran -D__fortran77 -DMPIF2C -Zp8 -zero -traceback -DMPI2 -shared-intel -O2 -msse3 -axcore-avx2,core-avx-i -I../../include -I../include -I../../../aces/aces_library/a2driver/aces2/include -I$MPIHOME/include  return_diagonal4.F 1>>make.out 2>>make.err
mpif77 -c -D__fortran -D__fortran77 -DMPIF2C -Zp8 -zero -traceback -DMPI2 -shared-intel -O2 -msse3 -axcore-avx2,core-avx-i -I../../include -I../include -I../../../aces/aces_library/a2driver/aces2/include -I$MPIHOME/include  nuc_dipole_moment.F 1>>make.out 2>>make.err
mpif77 -c -D__fortran -D__fortran77 -DMPIF2C -Zp8 -zero -traceback -DMPI2 -shared-intel -O2 -msse3 -axcore-avx2,core-avx-i -I../../include -I../include -I../../../aces/aces_library/a2driver/aces2/include -I$MPIHOME/include  compute_no4c_batch.F 1>>make.out 2>>make.err
mpif77 -c -D__fortran -D__fortran77 -DMPIF2C -Zp8 -zero -traceback -DMPI2 -shared-intel -O2 -msse3 -axcore-avx2,core-avx-i -I../../include -I../include -I../../../aces/aces_library/a2driver/aces2/include -I$MPIHOME/include  return_h1_nodiag.F 1>>make.out 2>>make.err
mpif77 -c -D__fortran -D__fortran77 -DMPIF2C -Zp8 -zero -traceback -DMPI2 -shared-intel -O2 -msse3 -axcore-avx2,core-avx-i -I../../include -I../include -I../../../aces/aces_library/a2driver/aces2/include -I$MPIHOME/include  energy_product.F 1>>make.out 2>>make.err
mpif77 -c -D__fortran -D__fortran77 -DMPIF2C -Zp8 -zero -traceback -DMPI2 -shared-intel -O2 -msse3 -axcore-avx2,core-avx-i -I../../include -I../include -I../../../aces/aces_library/a2driver/aces2/include -I$MPIHOME/include  compute_aabb_batch.F 1>>make.out 2>>make.err
mpif77 -c -D__fortran -D__fortran77 -DMPIF2C -Zp8 -zero -traceback -DMPI2 -shared-intel -O2 -msse3 -axcore-avx2,core-avx-i -I../../include -I../include -I../../../aces/aces_library/a2driver/aces2/include -I$MPIHOME/include  check_dconf.F 1>>make.out 2>>make.err
mpif77 -c -D__fortran -D__fortran77 -DMPIF2C -Zp8 -zero -traceback -DMPI2 -shared-intel -O2 -msse3 -axcore-avx2,core-avx-i -I../../include -I../include -I../../../aces/aces_library/a2driver/aces2/include -I$MPIHOME/include  return_xz.F 1>>make.out 2>>make.err
mpif77 -c -D__fortran -D__fortran77 -DMPIF2C -Zp8 -zero -traceback -DMPI2 -shared-intel -O2 -msse3 -axcore-avx2,core-avx-i -I../../include -I../include -I../../../aces/aces_library/a2driver/aces2/include -I$MPIHOME/include  c2aa_print.F 1>>make.out 2>>make.err
mpif77 -c -D__fortran -D__fortran77 -DMPIF2C -Zp8 -zero -traceback -DMPI2 -shared-intel -O2 -msse3 -axcore-avx2,core-avx-i -I../../include -I../include -I../../../aces/aces_library/a2driver/aces2/include -I$MPIHOME/include  removevv_dd.F 1>>make.out 2>>make.err
mpif77 -c -D__fortran -D__fortran77 -DMPIF2C -Zp8 -zero -traceback -DMPI2 -shared-intel -O2 -msse3 -axcore-avx2,core-avx-i -I../../include -I../include -I../../../aces/aces_library/a2driver/aces2/include -I$MPIHOME/include  copy_ff.F 1>>make.out 2>>make.err
mpif77 -c -D__fortran -D__fortran77 -DMPIF2C -Zp8 -zero -traceback -DMPI2 -shared-intel -O2 -msse3 -axcore-avx2,core-avx-i -I../../include -I../include -I../../../aces/aces_library/a2driver/aces2/include -I$MPIHOME/include  compute_2dshield_yybatch.F 1>>make.out 2>>make.err
mpif77 -c -D__fortran -D__fortran77 -DMPIF2C -Zp8 -zero -traceback -DMPI2 -shared-intel -O2 -msse3 -axcore-avx2,core-avx-i -I../../include -I../include -I../../../aces/aces_library/a2driver/aces2/include -I$MPIHOME/include  compute_batch4.F 1>>make.out 2>>make.err
mpif77 -c -D__fortran -D__fortran77 -DMPIF2C -Zp8 -zero -traceback -DMPI2 -shared-intel -O2 -msse3 -axcore-avx2,core-avx-i -I../../include -I../include -I../../../aces/aces_library/a2driver/aces2/include -I$MPIHOME/include  form_dip_hmat.F 1>>make.out 2>>make.err
mpif77 -c -D__fortran -D__fortran77 -DMPIF2C -Zp8 -zero -traceback -DMPI2 -shared-intel -O2 -msse3 -axcore-avx2,core-avx-i -I../../include -I../include -I../../../aces/aces_library/a2driver/aces2/include -I$MPIHOME/include  energy_reg_denominator.F 1>>make.out 2>>make.err
mpif77 -c -D__fortran -D__fortran77 -DMPIF2C -Zp8 -zero -traceback -DMPI2 -shared-intel -O2 -msse3 -axcore-avx2,core-avx-i -I../../include -I../include -I../../../aces/aces_library/a2driver/aces2/include -I$MPIHOME/include  compute_aaaa_batch.F 1>>make.out 2>>make.err
mpif77 -c -D__fortran -D__fortran77 -DMPIF2C -Zp8 -zero -traceback -DMPI2 -shared-intel -O2 -msse3 -axcore-avx2,core-avx-i -I../../include -I../include -I../../../aces/aces_library/a2driver/aces2/include -I$MPIHOME/include  form_cis_amat.F 1>>make.out 2>>make.err
mpif77 -c -D__fortran -D__fortran77 -DMPIF2C -Zp8 -zero -traceback -DMPI2 -shared-intel -O2 -msse3 -axcore-avx2,core-avx-i -I../../include -I../include -I../../../aces/aces_library/a2driver/aces2/include -I$MPIHOME/include  compute_abac_integrals.f 1>>make.out 2>>make.err
mpif77 -c -D__fortran -D__fortran77 -DMPIF2C -Zp8 -zero -traceback -DMPI2 -shared-intel -O2 -msse3 -axcore-avx2,core-avx-i -I../../include -I../include -I../../../aces/aces_library/a2driver/aces2/include -I$MPIHOME/include  set_t3blocks_i.f 1>>make.out 2>>make.err
mpif77 -c -D__fortran -D__fortran77 -DMPIF2C -Zp8 -zero -traceback -DMPI2 -shared-intel -O2 -msse3 -axcore-avx2,core-avx-i -I../../include -I../include -I../../../aces/aces_library/a2driver/aces2/include -I$MPIHOME/include  pardo_sects.f 1>>make.out 2>>make.err
mpif77 -c -D__fortran -D__fortran77 -DMPIF2C -Zp8 -zero -traceback -DMPI2 -shared-intel -O2 -msse3 -axcore-avx2,core-avx-i -I../../include -I../include -I../../../aces/aces_library/a2driver/aces2/include -I$MPIHOME/include  compute_aaab_integrals.f 1>>make.out 2>>make.err
mpif77 -c -D__fortran -D__fortran77 -DMPIF2C -Zp8 -zero -traceback -DMPI2 -shared-intel -O2 -msse3 -axcore-avx2,core-avx-i -I../../include -I../include -I../../../aces/aces_library/a2driver/aces2/include -I$MPIHOME/include  set_ijk_aab.f 1>>make.out 2>>make.err
mpif77 -c -D__fortran -D__fortran77 -DMPIF2C -Zp8 -zero -traceback -DMPI2 -shared-intel -O2 -msse3 -axcore-avx2,core-avx-i -I../../include -I../include -I../../../aces/aces_library/a2driver/aces2/include -I$MPIHOME/include  compute_uintegrals2.f 1>>make.out 2>>make.err
mpif77 -c -D__fortran -D__fortran77 -DMPIF2C -Zp8 -zero -traceback -DMPI2 -shared-intel -O2 -msse3 -axcore-avx2,core-avx-i -I../../include -I../include -I../../../aces/aces_library/a2driver/aces2/include -I$MPIHOME/include  array_copy.f 1>>make.out 2>>make.err
mpif77 -c -D__fortran -D__fortran77 -DMPIF2C -Zp8 -zero -traceback -DMPI2 -shared-intel -O2 -msse3 -axcore-avx2,core-avx-i -I../../include -I../include -I../../../aces/aces_library/a2driver/aces2/include -I$MPIHOME/include  compute_integrals3.f 1>>make.out 2>>make.err
mpif77 -c -D__fortran -D__fortran77 -DMPIF2C -Zp8 -zero -traceback -DMPI2 -shared-intel -O2 -msse3 -axcore-avx2,core-avx-i -I../../include -I../include -I../../../aces/aces_library/a2driver/aces2/include -I$MPIHOME/include  read_density.f 1>>make.out 2>>make.err
mpif77 -c -D__fortran -D__fortran77 -DMPIF2C -Zp8 -zero -traceback -DMPI2 -shared-intel -O2 -msse3 -axcore-avx2,core-avx-i -I../../include -I../include -I../../../aces/aces_library/a2driver/aces2/include -I$MPIHOME/include  compute_abcd_integrals.f 1>>make.out 2>>make.err
mpif77 -c -D__fortran -D__fortran77 -DMPIF2C -Zp8 -zero -traceback -DMPI2 -shared-intel -O2 -msse3 -axcore-avx2,core-avx-i -I../../include -I../include -I../../../aces/aces_library/a2driver/aces2/include -I$MPIHOME/include  compute_integrals7.f 1>>make.out 2>>make.err
mpif77 -c -D__fortran -D__fortran77 -DMPIF2C -Zp8 -zero -traceback -DMPI2 -shared-intel -O2 -msse3 -axcore-avx2,core-avx-i -I../../include -I../include -I../../../aces/aces_library/a2driver/aces2/include -I$MPIHOME/include  compute_diis.f 1>>make.out 2>>make.err
mpif77 -c -D__fortran -D__fortran77 -DMPIF2C -Zp8 -zero -traceback -DMPI2 -shared-intel -O2 -msse3 -axcore-avx2,core-avx-i -I../../include -I../include -I../../../aces/aces_library/a2driver/aces2/include -I$MPIHOME/include  open_aat_database.f 1>>make.out 2>>make.err
mpif77 -c -D__fortran -D__fortran77 -DMPIF2C -Zp8 -zero -traceback -DMPI2 -shared-intel -O2 -msse3 -axcore-avx2,core-avx-i -I../../include -I../include -I../../../aces/aces_library/a2driver/aces2/include -I$MPIHOME/include  compute_uintegrals7.f 1>>make.out 2>>make.err
mpif77 -c -D__fortran -D__fortran77 -DMPIF2C -Zp8 -zero -traceback -DMPI2 -shared-intel -O2 -msse3 -axcore-avx2,core-avx-i -I../../include -I../include -I../../../aces/aces_library/a2driver/aces2/include -I$MPIHOME/include  compute_integrals4.f 1>>make.out 2>>make.err
mpif77 -c -D__fortran -D__fortran77 -DMPIF2C -Zp8 -zero -traceback -DMPI2 -shared-intel -O2 -msse3 -axcore-avx2,core-avx-i -I../../include -I../include -I../../../aces/aces_library/a2driver/aces2/include -I$MPIHOME/include  set_ijk_aab_nosymm.f 1>>make.out 2>>make.err
mpif77 -c -D__fortran -D__fortran77 -DMPIF2C -Zp8 -zero -traceback -DMPI2 -shared-intel -O2 -msse3 -axcore-avx2,core-avx-i -I../../include -I../include -I../../../aces/aces_library/a2driver/aces2/include -I$MPIHOME/include  set_flags.f 1>>make.out 2>>make.err
mpif77 -c -D__fortran -D__fortran77 -DMPIF2C -Zp8 -zero -traceback -DMPI2 -shared-intel -O2 -msse3 -axcore-avx2,core-avx-i -I../../include -I../include -I../../../aces/aces_library/a2driver/aces2/include -I$MPIHOME/include  compute_uintegrals4.f 1>>make.out 2>>make.err
mpif77 -c -D__fortran -D__fortran77 -DMPIF2C -Zp8 -zero -traceback -DMPI2 -shared-intel -O2 -msse3 -axcore-avx2,core-avx-i -I../../include -I../include -I../../../aces/aces_library/a2driver/aces2/include -I$MPIHOME/include  der_int_setup.f 1>>make.out 2>>make.err
mpif77 -c -D__fortran -D__fortran77 -DMPIF2C -Zp8 -zero -traceback -DMPI2 -shared-intel -O2 -msse3 -axcore-avx2,core-avx-i -I../../include -I../include -I../../../aces/aces_library/a2driver/aces2/include -I$MPIHOME/include  compute_aaaa_integrals.f 1>>make.out 2>>make.err
mpif77 -c -D__fortran -D__fortran77 -DMPIF2C -Zp8 -zero -traceback -DMPI2 -shared-intel -O2 -msse3 -axcore-avx2,core-avx-i -I../../include -I../include -I../../../aces/aces_library/a2driver/aces2/include -I$MPIHOME/include  compute_integrals8.f 1>>make.out 2>>make.err
mpif77 -c -D__fortran -D__fortran77 -DMPIF2C -Zp8 -zero -traceback -DMPI2 -shared-intel -O2 -msse3 -axcore-avx2,core-avx-i -I../../include -I../include -I../../../aces/aces_library/a2driver/aces2/include -I$MPIHOME/include  set_ijk_aaa.f 1>>make.out 2>>make.err
mpif77 -c -D__fortran -D__fortran77 -DMPIF2C -Zp8 -zero -traceback -DMPI2 -shared-intel -O2 -msse3 -axcore-avx2,core-avx-i -I../../include -I../include -I../../../aces/aces_library/a2driver/aces2/include -I$MPIHOME/include  descramble_matrix.f 1>>make.out 2>>make.err
mpif77 -c -D__fortran -D__fortran77 -DMPIF2C -Zp8 -zero -traceback -DMPI2 -shared-intel -O2 -msse3 -axcore-avx2,core-avx-i -I../../include -I../include -I../../../aces/aces_library/a2driver/aces2/include -I$MPIHOME/include  read_densityab.f 1>>make.out 2>>make.err
mpif77 -c -D__fortran -D__fortran77 -DMPIF2C -Zp8 -zero -traceback -DMPI2 -shared-intel -O2 -msse3 -axcore-avx2,core-avx-i -I../../include -I../include -I../../../aces/aces_library/a2driver/aces2/include -I$MPIHOME/include  compute_integrals2.f 1>>make.out 2>>make.err
mpif77 -c -D__fortran -D__fortran77 -DMPIF2C -Zp8 -zero -traceback -DMPI2 -shared-intel -O2 -msse3 -axcore-avx2,core-avx-i -I../../include -I../include -I../../../aces/aces_library/a2driver/aces2/include -I$MPIHOME/include  compute_integrals1.f 1>>make.out 2>>make.err
mpif77 -c -D__fortran -D__fortran77 -DMPIF2C -Zp8 -zero -traceback -DMPI2 -shared-intel -O2 -msse3 -axcore-avx2,core-avx-i -I../../include -I../include -I../../../aces/aces_library/a2driver/aces2/include -I$MPIHOME/include  compute_uintegrals8.f 1>>make.out 2>>make.err
mpif77 -c -D__fortran -D__fortran77 -DMPIF2C -Zp8 -zero -traceback -DMPI2 -shared-intel -O2 -msse3 -axcore-avx2,core-avx-i -I../../include -I../include -I../../../aces/aces_library/a2driver/aces2/include -I$MPIHOME/include  compute_atomscf.f 1>>make.out 2>>make.err
mpif77 -c -D__fortran -D__fortran77 -DMPIF2C -Zp8 -zero -traceback -DMPI2 -shared-intel -O2 -msse3 -axcore-avx2,core-avx-i -I../../include -I../include -I../../../aces/aces_library/a2driver/aces2/include -I$MPIHOME/include  compute_uintegrals1.f 1>>make.out 2>>make.err
mpif77 -c -D__fortran -D__fortran77 -DMPIF2C -Zp8 -zero -traceback -DMPI2 -shared-intel -O2 -msse3 -axcore-avx2,core-avx-i -I../../include -I../include -I../../../aces/aces_library/a2driver/aces2/include -I$MPIHOME/include  compute_integrals6.f 1>>make.out 2>>make.err
mpif77 -c -D__fortran -D__fortran77 -DMPIF2C -Zp8 -zero -traceback -DMPI2 -shared-intel -O2 -msse3 -axcore-avx2,core-avx-i -I../../include -I../include -I../../../aces/aces_library/a2driver/aces2/include -I$MPIHOME/include  get_ijk.f 1>>make.out 2>>make.err
mpif77 -c -D__fortran -D__fortran77 -DMPIF2C -Zp8 -zero -traceback -DMPI2 -shared-intel -O2 -msse3 -axcore-avx2,core-avx-i -I../../include -I../include -I../../../aces/aces_library/a2driver/aces2/include -I$MPIHOME/include  compute_uintegrals3.f 1>>make.out 2>>make.err
mpif77 -c -D__fortran -D__fortran77 -DMPIF2C -Zp8 -zero -traceback -DMPI2 -shared-intel -O2 -msse3 -axcore-avx2,core-avx-i -I../../include -I../include -I../../../aces/aces_library/a2driver/aces2/include -I$MPIHOME/include  compute_uintegrals6.f 1>>make.out 2>>make.err
mpif77 -c -D__fortran -D__fortran77 -DMPIF2C -Zp8 -zero -traceback -DMPI2 -shared-intel -O2 -msse3 -axcore-avx2,core-avx-i -I../../include -I../include -I../../../aces/aces_library/a2driver/aces2/include -I$MPIHOME/include  compute_no4c_integrals.f 1>>make.out 2>>make.err
mpif77 -c -D__fortran -D__fortran77 -DMPIF2C -Zp8 -zero -traceback -DMPI2 -shared-intel -O2 -msse3 -axcore-avx2,core-avx-i -I../../include -I../include -I../../../aces/aces_library/a2driver/aces2/include -I$MPIHOME/include  compute_aabb_integrals.f 1>>make.out 2>>make.err
mpif77 -c -D__fortran -D__fortran77 -DMPIF2C -Zp8 -zero -traceback -DMPI2 -shared-intel -O2 -msse3 -axcore-avx2,core-avx-i -I../../include -I../include -I../../../aces/aces_library/a2driver/aces2/include -I$MPIHOME/include  compute_abab_integrals.f 1>>make.out 2>>make.err
mpif77 -c -D__fortran -D__fortran77 -DMPIF2C -Zp8 -zero -traceback -DMPI2 -shared-intel -O2 -msse3 -axcore-avx2,core-avx-i -I../../include -I../include -I../../../aces/aces_library/a2driver/aces2/include -I$MPIHOME/include  set_t3blocks_a.f 1>>make.out 2>>make.err
mpif77 -c -D__fortran -D__fortran77 -DMPIF2C -Zp8 -zero -traceback -DMPI2 -shared-intel -O2 -msse3 -axcore-avx2,core-avx-i -I../../include -I../include -I../../../aces/aces_library/a2driver/aces2/include -I$MPIHOME/include  read_densitya.f 1>>make.out 2>>make.err
mpif77 -c -D__fortran -D__fortran77 -DMPIF2C -Zp8 -zero -traceback -DMPI2 -shared-intel -O2 -msse3 -axcore-avx2,core-avx-i -I../../include -I../include -I../../../aces/aces_library/a2driver/aces2/include -I$MPIHOME/include  set_ijk_aaa_nosymm.f 1>>make.out 2>>make.err
mpif77 -c -D__fortran -D__fortran77 -DMPIF2C -Zp8 -zero -traceback -DMPI2 -shared-intel -O2 -msse3 -axcore-avx2,core-avx-i -I../../include -I../include -I../../../aces/aces_library/a2driver/aces2/include -I$MPIHOME/include  compute_atomscf_coeff.f 1>>make.out 2>>make.err
mpif77 -c -D__fortran -D__fortran77 -DMPIF2C -Zp8 -zero -traceback -DMPI2 -shared-intel -O2 -msse3 -axcore-avx2,core-avx-i -I../../include -I../include -I../../../aces/aces_library/a2driver/aces2/include -I$MPIHOME/include  set_flags2.f 1>>make.out 2>>make.err
mpif77 -c -D__fortran -D__fortran77 -DMPIF2C -Zp8 -zero -traceback -DMPI2 -shared-intel -O2 -msse3 -axcore-avx2,core-avx-i -I../../include -I../include -I../../../aces/aces_library/a2driver/aces2/include -I$MPIHOME/include  compute_integrals5.f 1>>make.out 2>>make.err
mpif77 -c -D__fortran -D__fortran77 -DMPIF2C -Zp8 -zero -traceback -DMPI2 -shared-intel -O2 -msse3 -axcore-avx2,core-avx-i -I../../include -I../include -I../../../aces/aces_library/a2driver/aces2/include -I$MPIHOME/include  compute_aabc_integrals.f 1>>make.out 2>>make.err
mpif77 -c -D__fortran -D__fortran77 -DMPIF2C -Zp8 -zero -traceback -DMPI2 -shared-intel -O2 -msse3 -axcore-avx2,core-avx-i -I../../include -I../include -I../../../aces/aces_library/a2driver/aces2/include -I$MPIHOME/include  set_flags4.f 1>>make.out 2>>make.err
ar rv libsip1.a place_one_dea.o place_one6b.o return_y.o compute_2dshield_xzbatch.o compute_2dshield_xybatch.o addrootindex.o compute_batch6.o remove_dx.o read_grad.o place_one3.o comp_ovl3c.o place_one4b.o compute_2dshield_yzbatch.o place_one_dea_5.o sdrop.o energy_bdenominator.o write_coefficients.o compute_2dshield_xxbatch.o compt3_i.o return_z.o compute_batch8.o print_static.o symm_force.o return_zz.o calc_trace.o place_one_dea_6.o apply_den2.o return_x.o remove_dd.o place_one3b.o hcontxy.o second_moment.o return_yy.o remove_diagonal.o c2bb_print.o antihermitize_pqrs.o return_2nd_mom.o compute_batch2.o ecp_cont.o remove_ss.o sort_fno.o place_one_dea_7.o guess_4current_root.o place_one_dea_8.o return_h1.o return_1el_dkh.o return_inverse.o compute_2soi_zbatch.o return_ovl.o der4_comp.o mult_array_byc.o fock_denominator.o copy_ab.o compute_Sderivative_integrals.o asymm_force_i.o c2ab_print.o return_derv_xyz.o compute_ubatch5.o fmult.o place_one2b.o place_one_dip.o change_occ_coef.o compute_dshield_yybatch.o energy_adenominator.o find_zeros.o place_one_dea_4.o scf_atom.o compute_batch7.o form_rpa_a_p_b.o apply_den4.o remove_xxss.o sum_64ss.o dens2jobarc.o hcont1.o temp_x.o remove_xdxs.o report_maximum.o compute_aaab_batch.o remove_sd.o norm_fac.o return_yz.o compute_dshield_yzbatch.o compute_1soi_xbatch.o compute_dshield_yxbatch.o v_nuc_nuc.o compute_block.o xgeev.o form_rpa_a_m_b.o remove_xdxd.o scf_atom_coeff.o remove_sx.o form_dea_guess.o apply_den2_nor.o remove_xxsd.o copy_ba.o place_constant_ondiagonal.o energy_tdenominator.o print_esr_tensors.o compute_ubatch3.o fock_denominator_dynamic.o compute_2soi_ybatch.o place_one5.o form_iad.o place_one2.o remove_double.o c1b_print.o place_constanta.o init_fockdiags.o compute_dshield_xybatch.o store_static_array.o compute_dshield_xxbatch.o remove_ssss.o udenominator.o form_R.o compute_kin_batch.o compute_2dshield_zybatch.o compute_batch3.o dipole_moment.o apply_den4_nodiag.o return_1st_mom.o compute_angmom_xbatch.o place_constantb.o form_rpa_guess.o place_one_dip_4.o change_vrt_dens.o c1_full_print.o remove_xsxs.o compute_derivative_integrals.o remove_single.o comp_return_h0.o energy_ty_denominator.o compute_abcd_batch.o form_rpa_small_matrix.o get_init_occupation.o removevv_ss.o doprestrict.o ecp_dercont.o remove_xsxd.o form_dip_hmat.o retrieve_block_info.o process_eigs.o compute_aaaa_batch.o index_match.o compute_ubatch4.o return_selected.o eomroot_print_new.o energy_abdenominator.o print_rel_info.o compute_1soi_ybatch.o form_dip_guess.o scf_rhf.o remove_ds.o place_one6.o david_damp_factor.o add_scal2diag.o place_one.o c1_print.o energy_reg_product.o nuc_dipole_moment.o dropcore_fno.o energy_product.o return_xz.o copy_ff.o compute_2dshield_yybatch.o compute_batch4.o dropmo_expand_basis.o return_dkh_h1.o eomroot_print.o scontxy.o compute_ubatch2.o sum_2d_array.o full_diag_hphp_matrix.o return_sval.o compute_dshield_zxbatch.o remove_xxdd.o form_fno.o place_one_dea_2.o remove_dddd.o return_diagonal0.o symm_force_ij.o stripi.o compute_ubatch6.o remove_single_double.o set_aces3_vars.o compute_angmom_ybatch.o diag.o overlap_der.o copy_alpha_to_beta.o remove_xd.o compute_aabc_batch.o init_section.o compute_abac_batch.o place_one_dip_5.o prestrict.o form_cis_amat.o place_one_dea_3.o compute_2dshield_yxbatch.o compute_batch5.o remove_atom_rud2.o write_scfdata.o change_occ_dens.o place_sval.o place_one_dip_6.o level_shift.o energy_reg_denominator.o read_coefficients.o return_max_overlap.o scont1.o return_diagonal4.o local_integral_block.o compute_batch1.o place_one_dip_2.o compute_ubatch7.o compute_dshield_xzbatch.o energy_denominator_reg_deriv.o genrl_eig_solver.o diis_setup.o return_xx.o print_eom_dens_info.o compute_1soi_zbatch.o place_one_dip_7.o symm_force_a.o dcont2.o form_ibd.o c2aa_print.o compt3_a.o fassign.o return_diagonal.o set_np2.o compute_no4c_batch.o return_h1_nodiag.o compute_aabb_batch.o check_dconf.o compute_abab_batch.o compute_ubatch1.o removevv_dd.o place_one4.o compute_2dshield_zxbatch.o copy_fock.o write_blocks_to_list.o compute_2soi_xbatch.o read_hess.o place_oneb.o compute_dshield_zzbatch.o compute_dshield_zybatch.o nuc_dipole_derivative.o remove_xs.o fock_der.o place_one5b.o form_fock_rohf.o compute_pvp_xyzbatch.o energy_denominator.o compute_2dshield_zzbatch.o compute_ubatch8.o reorder_energy.o remove_atom_rud1.o write_vecs2jarc.o place_one_dip_8.o extract_subset.o compute_angmom_zbatch.o return_xy.o place_one_dip_3.o removeoo_ss.o removeoo_dd.o form_hphp_matrix.o symm_force_i.o der2_comp.o form_guess.o return_occupation.o form_fnob.o compute_delta_int.o asymm_force_a.o compute_abac_integrals.o set_t3blocks_i.o pardo_sects.o compute_aaab_integrals.o set_ijk_aab.o compute_uintegrals2.o array_copy.o compute_integrals3.o read_density.o compute_abcd_integrals.o compute_integrals7.o compute_diis.o open_aat_database.o compute_uintegrals7.o compute_integrals4.o set_ijk_aab_nosymm.o set_flags.o compute_uintegrals4.o der_int_setup.o compute_aaaa_integrals.o compute_integrals8.o set_ijk_aaa.o descramble_matrix.o read_densityab.o compute_integrals2.o compute_integrals1.o compute_uintegrals8.o compute_atomscf.o compute_uintegrals1.o compute_integrals6.o get_ijk.o compute_uintegrals3.o compute_uintegrals6.o compute_no4c_integrals.o compute_aabb_integrals.o compute_abab_integrals.o set_t3blocks_a.o read_densitya.o set_ijk_aaa_nosymm.o compute_atomscf_coeff.o set_flags2.o compute_integrals5.o compute_aabc_integrals.o set_flags4.o  
ar: creating libsip1.a
a - place_one_dea.o
a - place_one6b.o
a - return_y.o
a - compute_2dshield_xzbatch.o
a - compute_2dshield_xybatch.o
a - addrootindex.o
a - compute_batch6.o
a - remove_dx.o
a - read_grad.o
a - place_one3.o
a - comp_ovl3c.o
a - place_one4b.o
a - compute_2dshield_yzbatch.o
a - place_one_dea_5.o
a - sdrop.o
a - energy_bdenominator.o
a - write_coefficients.o
a - compute_2dshield_xxbatch.o
a - compt3_i.o
a - return_z.o
a - compute_batch8.o
a - print_static.o
a - symm_force.o
a - return_zz.o
a - calc_trace.o
a - place_one_dea_6.o
a - apply_den2.o
a - return_x.o
a - remove_dd.o
a - place_one3b.o
a - hcontxy.o
a - second_moment.o
a - return_yy.o
a - remove_diagonal.o
a - c2bb_print.o
a - antihermitize_pqrs.o
a - return_2nd_mom.o
a - compute_batch2.o
a - ecp_cont.o
a - remove_ss.o
a - sort_fno.o
a - place_one_dea_7.o
a - guess_4current_root.o
a - place_one_dea_8.o
a - return_h1.o
a - return_1el_dkh.o
a - return_inverse.o
a - compute_2soi_zbatch.o
a - return_ovl.o
a - der4_comp.o
a - mult_array_byc.o
a - fock_denominator.o
a - copy_ab.o
a - compute_Sderivative_integrals.o
a - asymm_force_i.o
a - c2ab_print.o
a - return_derv_xyz.o
a - compute_ubatch5.o
a - fmult.o
a - place_one2b.o
a - place_one_dip.o
a - change_occ_coef.o
a - compute_dshield_yybatch.o
a - energy_adenominator.o
a - find_zeros.o
a - place_one_dea_4.o
a - scf_atom.o
a - compute_batch7.o
a - form_rpa_a_p_b.o
a - apply_den4.o
a - remove_xxss.o
a - sum_64ss.o
a - dens2jobarc.o
a - hcont1.o
a - temp_x.o
a - remove_xdxs.o
a - report_maximum.o
a - compute_aaab_batch.o
a - remove_sd.o
a - norm_fac.o
a - return_yz.o
a - compute_dshield_yzbatch.o
a - compute_1soi_xbatch.o
a - compute_dshield_yxbatch.o
a - v_nuc_nuc.o
a - compute_block.o
a - xgeev.o
a - form_rpa_a_m_b.o
a - remove_xdxd.o
a - scf_atom_coeff.o
a - remove_sx.o
a - form_dea_guess.o
a - apply_den2_nor.o
a - remove_xxsd.o
a - copy_ba.o
a - place_constant_ondiagonal.o
a - energy_tdenominator.o
a - print_esr_tensors.o
a - compute_ubatch3.o
a - fock_denominator_dynamic.o
a - compute_2soi_ybatch.o
a - place_one5.o
a - form_iad.o
a - place_one2.o
a - remove_double.o
a - c1b_print.o
a - place_constanta.o
a - init_fockdiags.o
a - compute_dshield_xybatch.o
a - store_static_array.o
a - compute_dshield_xxbatch.o
a - remove_ssss.o
a - udenominator.o
a - form_R.o
a - compute_kin_batch.o
a - compute_2dshield_zybatch.o
a - compute_batch3.o
a - dipole_moment.o
a - apply_den4_nodiag.o
a - return_1st_mom.o
a - compute_angmom_xbatch.o
a - place_constantb.o
a - form_rpa_guess.o
a - place_one_dip_4.o
a - change_vrt_dens.o
a - c1_full_print.o
a - remove_xsxs.o
a - compute_derivative_integrals.o
a - remove_single.o
a - comp_return_h0.o
a - energy_ty_denominator.o
a - compute_abcd_batch.o
a - form_rpa_small_matrix.o
a - get_init_occupation.o
a - removevv_ss.o
a - doprestrict.o
a - ecp_dercont.o
a - remove_xsxd.o
a - form_dip_hmat.o
a - retrieve_block_info.o
a - process_eigs.o
a - compute_aaaa_batch.o
a - index_match.o
a - compute_ubatch4.o
a - return_selected.o
a - eomroot_print_new.o
a - energy_abdenominator.o
a - print_rel_info.o
a - compute_1soi_ybatch.o
a - form_dip_guess.o
a - scf_rhf.o
a - remove_ds.o
a - place_one6.o
a - david_damp_factor.o
a - add_scal2diag.o
a - place_one.o
a - c1_print.o
a - energy_reg_product.o
a - nuc_dipole_moment.o
a - dropcore_fno.o
a - energy_product.o
a - return_xz.o
a - copy_ff.o
a - compute_2dshield_yybatch.o
a - compute_batch4.o
a - dropmo_expand_basis.o
a - return_dkh_h1.o
a - eomroot_print.o
a - scontxy.o
a - compute_ubatch2.o
a - sum_2d_array.o
a - full_diag_hphp_matrix.o
a - return_sval.o
a - compute_dshield_zxbatch.o
a - remove_xxdd.o
a - form_fno.o
a - place_one_dea_2.o
a - remove_dddd.o
a - return_diagonal0.o
a - symm_force_ij.o
a - stripi.o
a - compute_ubatch6.o
a - remove_single_double.o
a - set_aces3_vars.o
a - compute_angmom_ybatch.o
a - diag.o
a - overlap_der.o
a - copy_alpha_to_beta.o
a - remove_xd.o
a - compute_aabc_batch.o
a - init_section.o
a - compute_abac_batch.o
a - place_one_dip_5.o
a - prestrict.o
a - form_cis_amat.o
a - place_one_dea_3.o
a - compute_2dshield_yxbatch.o
a - compute_batch5.o
a - remove_atom_rud2.o
a - write_scfdata.o
a - change_occ_dens.o
a - place_sval.o
a - place_one_dip_6.o
a - level_shift.o
a - energy_reg_denominator.o
a - read_coefficients.o
a - return_max_overlap.o
a - scont1.o
a - return_diagonal4.o
a - local_integral_block.o
a - compute_batch1.o
a - place_one_dip_2.o
a - compute_ubatch7.o
a - compute_dshield_xzbatch.o
a - energy_denominator_reg_deriv.o
a - genrl_eig_solver.o
a - diis_setup.o
a - return_xx.o
a - print_eom_dens_info.o
a - compute_1soi_zbatch.o
a - place_one_dip_7.o
a - symm_force_a.o
a - dcont2.o
a - form_ibd.o
a - c2aa_print.o
a - compt3_a.o
a - fassign.o
a - return_diagonal.o
a - set_np2.o
a - compute_no4c_batch.o
a - return_h1_nodiag.o
a - compute_aabb_batch.o
a - check_dconf.o
a - compute_abab_batch.o
a - compute_ubatch1.o
a - removevv_dd.o
a - place_one4.o
a - compute_2dshield_zxbatch.o
a - copy_fock.o
a - write_blocks_to_list.o
a - compute_2soi_xbatch.o
a - read_hess.o
a - place_oneb.o
a - compute_dshield_zzbatch.o
a - compute_dshield_zybatch.o
a - nuc_dipole_derivative.o
a - remove_xs.o
a - fock_der.o
a - place_one5b.o
a - form_fock_rohf.o
a - compute_pvp_xyzbatch.o
a - energy_denominator.o
a - compute_2dshield_zzbatch.o
a - compute_ubatch8.o
a - reorder_energy.o
a - remove_atom_rud1.o
a - write_vecs2jarc.o
a - place_one_dip_8.o
a - extract_subset.o
a - compute_angmom_zbatch.o
a - return_xy.o
a - place_one_dip_3.o
a - removeoo_ss.o
a - removeoo_dd.o
a - form_hphp_matrix.o
a - symm_force_i.o
a - der2_comp.o
a - form_guess.o
a - return_occupation.o
a - form_fnob.o
a - compute_delta_int.o
a - asymm_force_a.o
a - compute_abac_integrals.o
a - set_t3blocks_i.o
a - pardo_sects.o
a - compute_aaab_integrals.o
a - set_ijk_aab.o
a - compute_uintegrals2.o
a - array_copy.o
a - compute_integrals3.o
a - read_density.o
a - compute_abcd_integrals.o
a - compute_integrals7.o
a - compute_diis.o
a - open_aat_database.o
a - compute_uintegrals7.o
a - compute_integrals4.o
a - set_ijk_aab_nosymm.o
a - set_flags.o
a - compute_uintegrals4.o
a - der_int_setup.o
a - compute_aaaa_integrals.o
a - compute_integrals8.o
a - set_ijk_aaa.o
a - descramble_matrix.o
a - read_densityab.o
a - compute_integrals2.o
a - compute_integrals1.o
a - compute_uintegrals8.o
a - compute_atomscf.o
a - compute_uintegrals1.o
a - compute_integrals6.o
a - get_ijk.o
a - compute_uintegrals3.o
a - compute_uintegrals6.o
a - compute_no4c_integrals.o
a - compute_aabb_integrals.o
a - compute_abab_integrals.o
a - set_t3blocks_a.o
a - read_densitya.o
a - set_ijk_aaa_nosymm.o
a - compute_atomscf_coeff.o
a - set_flags2.o
a - compute_integrals5.o
a - compute_aabc_integrals.o
a - set_flags4.o
cp libsip1.a ../../../../lib/libsip1.a
rm -f make.out make.err
gmake[4]: Leaving directory `/home/perera/Develop/TTU_devls/acesiii/src/sia/sip/aces_instructions'
gmake[4]: Entering directory `/home/perera/Develop/TTU_devls/acesiii/src/sia/sip/sip_instructions'
rm -f make.out make.err
mpif77 -c -D__fortran -D__fortran77 -DMPIF2C -Zp8 -zero -traceback -DMPI2 -shared-intel -O2 -msse3 -axcore-avx2,core-avx-i -I../../include -I../include -I../../../aces/aces_library/a2driver/aces2/include -I$MPIHOME/include  maxamp_print.F 1>>make.out 2>>make.err
mpif77 -c -D__fortran -D__fortran77 -DMPIF2C -Zp8 -zero -traceback -DMPI2 -shared-intel -O2 -msse3 -axcore-avx2,core-avx-i -I../../include -I../include -I../../../aces/aces_library/a2driver/aces2/include -I$MPIHOME/include  commit_checkpoint.F 1>>make.out 2>>make.err
mpif77 -c -D__fortran -D__fortran77 -DMPIF2C -Zp8 -zero -traceback -DMPI2 -shared-intel -O2 -msse3 -axcore-avx2,core-avx-i -I../../include -I../include -I../../../aces/aces_library/a2driver/aces2/include -I$MPIHOME/include  contract_blocks.F 1>>make.out 2>>make.err
mpif77 -c -D__fortran -D__fortran77 -DMPIF2C -Zp8 -zero -traceback -DMPI2 -shared-intel -O2 -msse3 -axcore-avx2,core-avx-i -I../../include -I../include -I../../../aces/aces_library/a2driver/aces2/include -I$MPIHOME/include  cwork4331.F 1>>make.out 2>>make.err
mpif77 -c -D__fortran -D__fortran77 -DMPIF2C -Zp8 -zero -traceback -DMPI2 -shared-intel -O2 -msse3 -axcore-avx2,core-avx-i -I../../include -I../include -I../../../aces/aces_library/a2driver/aces2/include -I$MPIHOME/include  cwork0444.F 1>>make.out 2>>make.err
mpif77 -c -D__fortran -D__fortran77 -DMPIF2C -Zp8 -zero -traceback -DMPI2 -shared-intel -O2 -msse3 -axcore-avx2,core-avx-i -I../../include -I../include -I../../../aces/aces_library/a2driver/aces2/include -I$MPIHOME/include  multiply_static_block.F 1>>make.out 2>>make.err
mpif77 -c -D__fortran -D__fortran77 -DMPIF2C -Zp8 -zero -traceback -DMPI2 -shared-intel -O2 -msse3 -axcore-avx2,core-avx-i -I../../include -I../include -I../../../aces/aces_library/a2driver/aces2/include -I$MPIHOME/include  restart.F 1>>make.out 2>>make.err
mpif77 -c -D__fortran -D__fortran77 -DMPIF2C -Zp8 -zero -traceback -DMPI2 -shared-intel -O2 -msse3 -axcore-avx2,core-avx-i -I../../include -I../include -I../../../aces/aces_library/a2driver/aces2/include -I$MPIHOME/include  slice_insert_block.F 1>>make.out 2>>make.err
mpif77 -c -D__fortran -D__fortran77 -DMPIF2C -Zp8 -zero -traceback -DMPI2 -shared-intel -O2 -msse3 -axcore-avx2,core-avx-i -I../../include -I../include -I../../../aces/aces_library/a2driver/aces2/include -I$MPIHOME/include  dump_amp.F 1>>make.out 2>>make.err
mpif77 -c -D__fortran -D__fortran77 -DMPIF2C -Zp8 -zero -traceback -DMPI2 -shared-intel -O2 -msse3 -axcore-avx2,core-avx-i -I../../include -I../include -I../../../aces/aces_library/a2driver/aces2/include -I$MPIHOME/include  request_block.F 1>>make.out 2>>make.err
mpif77 -c -D__fortran -D__fortran77 -DMPIF2C -Zp8 -zero -traceback -DMPI2 -shared-intel -O2 -msse3 -axcore-avx2,core-avx-i -I../../include -I../include -I../../../aces/aces_library/a2driver/aces2/include -I$MPIHOME/include  assign_block.F 1>>make.out 2>>make.err
mpif77 -c -D__fortran -D__fortran77 -DMPIF2C -Zp8 -zero -traceback -DMPI2 -shared-intel -O2 -msse3 -axcore-avx2,core-avx-i -I../../include -I../include -I../../../aces/aces_library/a2driver/aces2/include -I$MPIHOME/include  pardo_loadb_update_batch.F 1>>make.out 2>>make.err
mpif77 -c -D__fortran -D__fortran77 -DMPIF2C -Zp8 -zero -traceback -DMPI2 -shared-intel -O2 -msse3 -axcore-avx2,core-avx-i -I../../include -I../include -I../../../aces/aces_library/a2driver/aces2/include -I$MPIHOME/include  balbak.F 1>>make.out 2>>make.err
mpif77 -c -D__fortran -D__fortran77 -DMPIF2C -Zp8 -zero -traceback -DMPI2 -shared-intel -O2 -msse3 -axcore-avx2,core-avx-i -I../../include -I../include -I../../../aces/aces_library/a2driver/aces2/include -I$MPIHOME/include  write_blocks_to_list_no_mpi_io.F 1>>make.out 2>>make.err
mpif77 -c -D__fortran -D__fortran77 -DMPIF2C -Zp8 -zero -traceback -DMPI2 -shared-intel -O2 -msse3 -axcore-avx2,core-avx-i -I../../include -I../include -I../../../aces/aces_library/a2driver/aces2/include -I$MPIHOME/include  balanc.F 1>>make.out 2>>make.err
mpif77 -c -D__fortran -D__fortran77 -DMPIF2C -Zp8 -zero -traceback -DMPI2 -shared-intel -O2 -msse3 -axcore-avx2,core-avx-i -I../../include -I../include -I../../../aces/aces_library/a2driver/aces2/include -I$MPIHOME/include  cwork2644.F 1>>make.out 2>>make.err
mpif77 -c -D__fortran -D__fortran77 -DMPIF2C -Zp8 -zero -traceback -DMPI2 -shared-intel -O2 -msse3 -axcore-avx2,core-avx-i -I../../include -I../include -I../../../aces/aces_library/a2driver/aces2/include -I$MPIHOME/include  square_root.F 1>>make.out 2>>make.err
mpif77 -c -D__fortran -D__fortran77 -DMPIF2C -Zp8 -zero -traceback -DMPI2 -shared-intel -O2 -msse3 -axcore-avx2,core-avx-i -I../../include -I../include -I../../../aces/aces_library/a2driver/aces2/include -I$MPIHOME/include  cwork6441.F 1>>make.out 2>>make.err
mpif77 -c -D__fortran -D__fortran77 -DMPIF2C -Zp8 -zero -traceback -DMPI2 -shared-intel -O2 -msse3 -axcore-avx2,core-avx-i -I../../include -I../include -I../../../aces/aces_library/a2driver/aces2/include -I$MPIHOME/include  pardo_loadb.F 1>>make.out 2>>make.err
mpif77 -c -D__fortran -D__fortran77 -DMPIF2C -Zp8 -zero -traceback -DMPI2 -shared-intel -O2 -msse3 -axcore-avx2,core-avx-i -I../../include -I../include -I../../../aces/aces_library/a2driver/aces2/include -I$MPIHOME/include  eig_inv.F 1>>make.out 2>>make.err
mpif77 -c -D__fortran -D__fortran77 -DMPIF2C -Zp8 -zero -traceback -DMPI2 -shared-intel -O2 -msse3 -axcore-avx2,core-avx-i -I../../include -I../include -I../../../aces/aces_library/a2driver/aces2/include -I$MPIHOME/include  hqr2.F 1>>make.out 2>>make.err
mpif77 -c -D__fortran -D__fortran77 -DMPIF2C -Zp8 -zero -traceback -DMPI2 -shared-intel -O2 -msse3 -axcore-avx2,core-avx-i -I../../include -I../include -I../../../aces/aces_library/a2driver/aces2/include -I$MPIHOME/include  prepare_block.F 1>>make.out 2>>make.err
mpif77 -c -D__fortran -D__fortran77 -DMPIF2C -Zp8 -zero -traceback -DMPI2 -shared-intel -O2 -msse3 -axcore-avx2,core-avx-i -I../../include -I../include -I../../../aces/aces_library/a2driver/aces2/include -I$MPIHOME/include  determine_timeslice.F 1>>make.out 2>>make.err
mpif77 -c -D__fortran -D__fortran77 -DMPIF2C -Zp8 -zero -traceback -DMPI2 -shared-intel -O2 -msse3 -axcore-avx2,core-avx-i -I../../include -I../include -I../../../aces/aces_library/a2driver/aces2/include -I$MPIHOME/include  corder.F 1>>make.out 2>>make.err
mpif77 -c -D__fortran -D__fortran77 -DMPIF2C -Zp8 -zero -traceback -DMPI2 -shared-intel -O2 -msse3 -axcore-avx2,core-avx-i -I../../include -I../include -I../../../aces/aces_library/a2driver/aces2/include -I$MPIHOME/include  eigen_nonsymm_calc.F 1>>make.out 2>>make.err
mpif77 -c -D__fortran -D__fortran77 -DMPIF2C -Zp8 -zero -traceback -DMPI2 -shared-intel -O2 -msse3 -axcore-avx2,core-avx-i -I../../include -I../include -I../../../aces/aces_library/a2driver/aces2/include -I$MPIHOME/include  cwork2443.F 1>>make.out 2>>make.err
mpif77 -c -D__fortran -D__fortran77 -DMPIF2C -Zp8 -zero -traceback -DMPI2 -shared-intel -O2 -msse3 -axcore-avx2,core-avx-i -I../../include -I../include -I../../../aces/aces_library/a2driver/aces2/include -I$MPIHOME/include  cwork0555.F 1>>make.out 2>>make.err
mpif77 -c -D__fortran -D__fortran77 -DMPIF2C -Zp8 -zero -traceback -DMPI2 -shared-intel -O2 -msse3 -axcore-avx2,core-avx-i -I../../include -I../include -I../../../aces/aces_library/a2driver/aces2/include -I$MPIHOME/include  dump_block.F 1>>make.out 2>>make.err
mpif77 -c -D__fortran -D__fortran77 -DMPIF2C -Zp8 -zero -traceback -DMPI2 -shared-intel -O2 -msse3 -axcore-avx2,core-avx-i -I../../include -I../include -I../../../aces/aces_library/a2driver/aces2/include -I$MPIHOME/include  cwork2221.F 1>>make.out 2>>make.err
mpif77 -c -D__fortran -D__fortran77 -DMPIF2C -Zp8 -zero -traceback -DMPI2 -shared-intel -O2 -msse3 -axcore-avx2,core-avx-i -I../../include -I../include -I../../../aces/aces_library/a2driver/aces2/include -I$MPIHOME/include  wait_on_block.F 1>>make.out 2>>make.err
mpif77 -c -D__fortran -D__fortran77 -DMPIF2C -Zp8 -zero -traceback -DMPI2 -shared-intel -O2 -msse3 -axcore-avx2,core-avx-i -I../../include -I../include -I../../../aces/aces_library/a2driver/aces2/include -I$MPIHOME/include  cwork4421.F 1>>make.out 2>>make.err
mpif77 -c -D__fortran -D__fortran77 -DMPIF2C -Zp8 -zero -traceback -DMPI2 -shared-intel -O2 -msse3 -axcore-avx2,core-avx-i -I../../include -I../include -I../../../aces/aces_library/a2driver/aces2/include -I$MPIHOME/include  prequest_block.F 1>>make.out 2>>make.err
mpif77 -c -D__fortran -D__fortran77 -DMPIF2C -Zp8 -zero -traceback -DMPI2 -shared-intel -O2 -msse3 -axcore-avx2,core-avx-i -I../../include -I../include -I../../../aces/aces_library/a2driver/aces2/include -I$MPIHOME/include  cwork4442.F 1>>make.out 2>>make.err
mpif77 -c -D__fortran -D__fortran77 -DMPIF2C -Zp8 -zero -traceback -DMPI2 -shared-intel -O2 -msse3 -axcore-avx2,core-avx-i -I../../include -I../include -I../../../aces/aces_library/a2driver/aces2/include -I$MPIHOME/include  read_list_to_blocks.F 1>>make.out 2>>make.err
mpif77 -c -D__fortran -D__fortran77 -DMPIF2C -Zp8 -zero -traceback -DMPI2 -shared-intel -O2 -msse3 -axcore-avx2,core-avx-i -I../../include -I../include -I../../../aces/aces_library/a2driver/aces2/include -I$MPIHOME/include  optable_loop.F 1>>make.out 2>>make.err
mpif77 -c -D__fortran -D__fortran77 -DMPIF2C -Zp8 -zero -traceback -DMPI2 -shared-intel -O2 -msse3 -axcore-avx2,core-avx-i -I../../include -I../include -I../../../aces/aces_library/a2driver/aces2/include -I$MPIHOME/include  cwork6621.F 1>>make.out 2>>make.err
mpif77 -c -D__fortran -D__fortran77 -DMPIF2C -Zp8 -zero -traceback -DMPI2 -shared-intel -O2 -msse3 -axcore-avx2,core-avx-i -I../../include -I../include -I../../../aces/aces_library/a2driver/aces2/include -I$MPIHOME/include  cwork1322.F 1>>make.out 2>>make.err
mpif77 -c -D__fortran -D__fortran77 -DMPIF2C -Zp8 -zero -traceback -DMPI2 -shared-intel -O2 -msse3 -axcore-avx2,core-avx-i -I../../include -I../include -I../../../aces/aces_library/a2driver/aces2/include -I$MPIHOME/include  cwork6642.F 1>>make.out 2>>make.err
mpif77 -c -D__fortran -D__fortran77 -DMPIF2C -Zp8 -zero -traceback -DMPI2 -shared-intel -O2 -msse3 -axcore-avx2,core-avx-i -I../../include -I../include -I../../../aces/aces_library/a2driver/aces2/include -I$MPIHOME/include  cwork0666.F 1>>make.out 2>>make.err
mpif77 -c -D__fortran -D__fortran77 -DMPIF2C -Zp8 -zero -traceback -DMPI2 -shared-intel -O2 -msse3 -axcore-avx2,core-avx-i -I../../include -I../include -I../../../aces/aces_library/a2driver/aces2/include -I$MPIHOME/include  cwork2422.F 1>>make.out 2>>make.err
mpif77 -c -D__fortran -D__fortran77 -DMPIF2C -Zp8 -zero -traceback -DMPI2 -shared-intel -O2 -msse3 -axcore-avx2,core-avx-i -I../../include -I../include -I../../../aces/aces_library/a2driver/aces2/include -I$MPIHOME/include  cwork1211.F 1>>make.out 2>>make.err
mpif77 -c -D__fortran -D__fortran77 -DMPIF2C -Zp8 -zero -traceback -DMPI2 -shared-intel -O2 -msse3 -axcore-avx2,core-avx-i -I../../include -I../include -I../../../aces/aces_library/a2driver/aces2/include -I$MPIHOME/include  pre_request_block.F 1>>make.out 2>>make.err
mpif77 -c -D__fortran -D__fortran77 -DMPIF2C -Zp8 -zero -traceback -DMPI2 -shared-intel -O2 -msse3 -axcore-avx2,core-avx-i -I../../include -I../include -I../../../aces/aces_library/a2driver/aces2/include -I$MPIHOME/include  twork2111.F 1>>make.out 2>>make.err
mpif77 -c -D__fortran -D__fortran77 -DMPIF2C -Zp8 -zero -traceback -DMPI2 -shared-intel -O2 -msse3 -axcore-avx2,core-avx-i -I../../include -I../include -I../../../aces/aces_library/a2driver/aces2/include -I$MPIHOME/include  cwork3411.F 1>>make.out 2>>make.err
mpif77 -c -D__fortran -D__fortran77 -DMPIF2C -Zp8 -zero -traceback -DMPI2 -shared-intel -O2 -msse3 -axcore-avx2,core-avx-i -I../../include -I../include -I../../../aces/aces_library/a2driver/aces2/include -I$MPIHOME/include  cwork4622.F 1>>make.out 2>>make.err
mpif77 -c -D__fortran -D__fortran77 -DMPIF2C -Zp8 -zero -traceback -DMPI2 -shared-intel -O2 -msse3 -axcore-avx2,core-avx-i -I../../include -I../include -I../../../aces/aces_library/a2driver/aces2/include -I$MPIHOME/include  cwork5521.F 1>>make.out 2>>make.err
mpif77 -c -D__fortran -D__fortran77 -DMPIF2C -Zp8 -zero -traceback -DMPI2 -shared-intel -O2 -msse3 -axcore-avx2,core-avx-i -I../../include -I../include -I../../../aces/aces_library/a2driver/aces2/include -I$MPIHOME/include  stack_implementation.F 1>>make.out 2>>make.err
mpif77 -c -D__fortran -D__fortran77 -DMPIF2C -Zp8 -zero -traceback -DMPI2 -shared-intel -O2 -msse3 -axcore-avx2,core-avx-i -I../../include -I../include -I../../../aces/aces_library/a2driver/aces2/include -I$MPIHOME/include  twork431.F 1>>make.out 2>>make.err
mpif77 -c -D__fortran -D__fortran77 -DMPIF2C -Zp8 -zero -traceback -DMPI2 -shared-intel -O2 -msse3 -axcore-avx2,core-avx-i -I../../include -I../include -I../../../aces/aces_library/a2driver/aces2/include -I$MPIHOME/include  broadcast_array.F 1>>make.out 2>>make.err
mpif77 -c -D__fortran -D__fortran77 -DMPIF2C -Zp8 -zero -traceback -DMPI2 -shared-intel -O2 -msse3 -axcore-avx2,core-avx-i -I../../include -I../include -I../../../aces/aces_library/a2driver/aces2/include -I$MPIHOME/include  block_on_server_delay.F 1>>make.out 2>>make.err
mpif77 -c -D__fortran -D__fortran77 -DMPIF2C -Zp8 -zero -traceback -DMPI2 -shared-intel -O2 -msse3 -axcore-avx2,core-avx-i -I../../include -I../include -I../../../aces/aces_library/a2driver/aces2/include -I$MPIHOME/include  eigen_calc.F 1>>make.out 2>>make.err
mpif77 -c -D__fortran -D__fortran77 -DMPIF2C -Zp8 -zero -traceback -DMPI2 -shared-intel -O2 -msse3 -axcore-avx2,core-avx-i -I../../include -I../include -I../../../aces/aces_library/a2driver/aces2/include -I$MPIHOME/include  smooth.F 1>>make.out 2>>make.err
mpif77 -c -D__fortran -D__fortran77 -DMPIF2C -Zp8 -zero -traceback -DMPI2 -shared-intel -O2 -msse3 -axcore-avx2,core-avx-i -I../../include -I../include -I../../../aces/aces_library/a2driver/aces2/include -I$MPIHOME/include  checkpoint.F 1>>make.out 2>>make.err
mpif77 -c -D__fortran -D__fortran77 -DMPIF2C -Zp8 -zero -traceback -DMPI2 -shared-intel -O2 -msse3 -axcore-avx2,core-avx-i -I../../include -I../include -I../../../aces/aces_library/a2driver/aces2/include -I$MPIHOME/include  smooth4.F 1>>make.out 2>>make.err
mpif77 -c -D__fortran -D__fortran77 -DMPIF2C -Zp8 -zero -traceback -DMPI2 -shared-intel -O2 -msse3 -axcore-avx2,core-avx-i -I../../include -I../include -I../../../aces/aces_library/a2driver/aces2/include -I$MPIHOME/include  cwork4643.F 1>>make.out 2>>make.err
mpif77 -c -D__fortran -D__fortran77 -DMPIF2C -Zp8 -zero -traceback -DMPI2 -shared-intel -O2 -msse3 -axcore-avx2,core-avx-i -I../../include -I../include -I../../../aces/aces_library/a2driver/aces2/include -I$MPIHOME/include  write_blocks_to_list.F 1>>make.out 2>>make.err
mpif77 -c -D__fortran -D__fortran77 -DMPIF2C -Zp8 -zero -traceback -DMPI2 -shared-intel -O2 -msse3 -axcore-avx2,core-avx-i -I../../include -I../include -I../../../aces/aces_library/a2driver/aces2/include -I$MPIHOME/include  eig_sr_inv.F 1>>make.out 2>>make.err
mpif77 -c -D__fortran -D__fortran77 -DMPIF2C -Zp8 -zero -traceback -DMPI2 -shared-intel -O2 -msse3 -axcore-avx2,core-avx-i -I../../include -I../include -I../../../aces/aces_library/a2driver/aces2/include -I$MPIHOME/include  blkmgr.F 1>>make.out 2>>make.err
mpif77 -c -D__fortran -D__fortran77 -DMPIF2C -Zp8 -zero -traceback -DMPI2 -shared-intel -O2 -msse3 -axcore-avx2,core-avx-i -I../../include -I../include -I../../../aces/aces_library/a2driver/aces2/include -I$MPIHOME/include  cwork3321.F 1>>make.out 2>>make.err
mpif77 -c -D__fortran -D__fortran77 -DMPIF2C -Zp8 -zero -traceback -DMPI2 -shared-intel -O2 -msse3 -axcore-avx2,core-avx-i -I../../include -I../include -I../../../aces/aces_library/a2driver/aces2/include -I$MPIHOME/include  cwork0333.F 1>>make.out 2>>make.err
mpif77 -c -D__fortran -D__fortran77 -DMPIF2C -Zp8 -zero -traceback -DMPI2 -shared-intel -O2 -msse3 -axcore-avx2,core-avx-i -I../../include -I../include -I../../../aces/aces_library/a2driver/aces2/include -I$MPIHOME/include  tensor_contraction.F 1>>make.out 2>>make.err
mpif77 -c -D__fortran -D__fortran77 -DMPIF2C -Zp8 -zero -traceback -DMPI2 -shared-intel -O2 -msse3 -axcore-avx2,core-avx-i -I../../include -I../include -I../../../aces/aces_library/a2driver/aces2/include -I$MPIHOME/include  eig_sr.F 1>>make.out 2>>make.err
mpif77 -c -D__fortran -D__fortran77 -DMPIF2C -Zp8 -zero -traceback -DMPI2 -shared-intel -O2 -msse3 -axcore-avx2,core-avx-i -I../../include -I../include -I../../../aces/aces_library/a2driver/aces2/include -I$MPIHOME/include  loadb.F 1>>make.out 2>>make.err
mpif77 -c -D__fortran -D__fortran77 -DMPIF2C -Zp8 -zero -traceback -DMPI2 -shared-intel -O2 -msse3 -axcore-avx2,core-avx-i -I../../include -I../include -I../../../aces/aces_library/a2driver/aces2/include -I$MPIHOME/include  cwork2311.F 1>>make.out 2>>make.err
mpif77 -c -D__fortran -D__fortran77 -DMPIF2C -Zp8 -zero -traceback -DMPI2 -shared-intel -O2 -msse3 -axcore-avx2,core-avx-i -I../../include -I../include -I../../../aces/aces_library/a2driver/aces2/include -I$MPIHOME/include  chunk_size.F 1>>make.out 2>>make.err
mpif77 -c -D__fortran -D__fortran77 -DMPIF2C -Zp8 -zero -traceback -DMPI2 -shared-intel -O2 -msse3 -axcore-avx2,core-avx-i -I../../include -I../include -I../../../aces/aces_library/a2driver/aces2/include -I$MPIHOME/include  sum_blocks.F 1>>make.out 2>>make.err
mpif77 -c -D__fortran -D__fortran77 -DMPIF2C -Zp8 -zero -traceback -DMPI2 -shared-intel -O2 -msse3 -axcore-avx2,core-avx-i -I../../include -I../include -I../../../aces/aces_library/a2driver/aces2/include -I$MPIHOME/include  cwork0111.f 1>>make.out 2>>make.err
mpif77 -c -D__fortran -D__fortran77 -DMPIF2C -Zp8 -zero -traceback -DMPI2 -shared-intel -O2 -msse3 -axcore-avx2,core-avx-i -I../../include -I../include -I../../../aces/aces_library/a2driver/aces2/include -I$MPIHOME/include  twork4222.f 1>>make.out 2>>make.err
mpif77 -c -D__fortran -D__fortran77 -DMPIF2C -Zp8 -zero -traceback -DMPI2 -shared-intel -O2 -msse3 -axcore-avx2,core-avx-i -I../../include -I../include -I../../../aces/aces_library/a2driver/aces2/include -I$MPIHOME/include  global_accumulate.f 1>>make.out 2>>make.err
mpif77 -c -D__fortran -D__fortran77 -DMPIF2C -Zp8 -zero -traceback -DMPI2 -shared-intel -O2 -msse3 -axcore-avx2,core-avx-i -I../../include -I../include -I../../../aces/aces_library/a2driver/aces2/include -I$MPIHOME/include  cwork6621_unopt.f 1>>make.out 2>>make.err
mpif77 -c -D__fortran -D__fortran77 -DMPIF2C -Zp8 -zero -traceback -DMPI2 -shared-intel -O2 -msse3 -axcore-avx2,core-avx-i -I../../include -I../include -I../../../aces/aces_library/a2driver/aces2/include -I$MPIHOME/include  optable_loop_sim.f 1>>make.out 2>>make.err
mpif77 -c -D__fortran -D__fortran77 -DMPIF2C -Zp8 -zero -traceback -DMPI2 -shared-intel -O2 -msse3 -axcore-avx2,core-avx-i -I../../include -I../include -I../../../aces/aces_library/a2driver/aces2/include -I$MPIHOME/include  get_block_map_entry.f 1>>make.out 2>>make.err
mpif77 -c -D__fortran -D__fortran77 -DMPIF2C -Zp8 -zero -traceback -DMPI2 -shared-intel -O2 -msse3 -axcore-avx2,core-avx-i -I../../include -I../include -I../../../aces/aces_library/a2driver/aces2/include -I$MPIHOME/include  collective_sum.f 1>>make.out 2>>make.err
mpif77 -c -D__fortran -D__fortran77 -DMPIF2C -Zp8 -zero -traceback -DMPI2 -shared-intel -O2 -msse3 -axcore-avx2,core-avx-i -I../../include -I../include -I../../../aces/aces_library/a2driver/aces2/include -I$MPIHOME/include  list_to_blocks.f 1>>make.out 2>>make.err
mpif77 -c -D__fortran -D__fortran77 -DMPIF2C -Zp8 -zero -traceback -DMPI2 -shared-intel -O2 -msse3 -axcore-avx2,core-avx-i -I../../include -I../include -I../../../aces/aces_library/a2driver/aces2/include -I$MPIHOME/include  determine_current_block_size.f 1>>make.out 2>>make.err
mpif77 -c -D__fortran -D__fortran77 -DMPIF2C -Zp8 -zero -traceback -DMPI2 -shared-intel -O2 -msse3 -axcore-avx2,core-avx-i -I../../include -I../include -I../../../aces/aces_library/a2driver/aces2/include -I$MPIHOME/include  twork642.f 1>>make.out 2>>make.err
mpif77 -c -D__fortran -D__fortran77 -DMPIF2C -Zp8 -zero -traceback -DMPI2 -shared-intel -O2 -msse3 -axcore-avx2,core-avx-i -I../../include -I../include -I../../../aces/aces_library/a2driver/aces2/include -I$MPIHOME/include  prefetch_off.f 1>>make.out 2>>make.err
mpif77 -c -D__fortran -D__fortran77 -DMPIF2C -Zp8 -zero -traceback -DMPI2 -shared-intel -O2 -msse3 -axcore-avx2,core-avx-i -I../../include -I../include -I../../../aces/aces_library/a2driver/aces2/include -I$MPIHOME/include  set_program_context.f 1>>make.out 2>>make.err
mpif77 -c -D__fortran -D__fortran77 -DMPIF2C -Zp8 -zero -traceback -DMPI2 -shared-intel -O2 -msse3 -axcore-avx2,core-avx-i -I../../include -I../include -I../../../aces/aces_library/a2driver/aces2/include -I$MPIHOME/include  fetch_block.f 1>>make.out 2>>make.err
mpif77 -c -D__fortran -D__fortran77 -DMPIF2C -Zp8 -zero -traceback -DMPI2 -shared-intel -O2 -msse3 -axcore-avx2,core-avx-i -I../../include -I../include -I../../../aces/aces_library/a2driver/aces2/include -I$MPIHOME/include  get_operation_desc.f 1>>make.out 2>>make.err
mpif77 -c -D__fortran -D__fortran77 -DMPIF2C -Zp8 -zero -traceback -DMPI2 -shared-intel -O2 -msse3 -axcore-avx2,core-avx-i -I../../include -I../include -I../../../aces/aces_library/a2driver/aces2/include -I$MPIHOME/include  handle_goto.f 1>>make.out 2>>make.err
mpif77 -c -D__fortran -D__fortran77 -DMPIF2C -Zp8 -zero -traceback -DMPI2 -shared-intel -O2 -msse3 -axcore-avx2,core-avx-i -I../../include -I../include -I../../../aces/aces_library/a2driver/aces2/include -I$MPIHOME/include  check_array_status.f 1>>make.out 2>>make.err
mpif77 -c -D__fortran -D__fortran77 -DMPIF2C -Zp8 -zero -traceback -DMPI2 -shared-intel -O2 -msse3 -axcore-avx2,core-avx-i -I../../include -I../include -I../../../aces/aces_library/a2driver/aces2/include -I$MPIHOME/include  load_pre_defined_routines.f 1>>make.out 2>>make.err
mpif77 -c -D__fortran -D__fortran77 -DMPIF2C -Zp8 -zero -traceback -DMPI2 -shared-intel -O2 -msse3 -axcore-avx2,core-avx-i -I../../include -I../include -I../../../aces/aces_library/a2driver/aces2/include -I$MPIHOME/include  deallocate_instruction.f 1>>make.out 2>>make.err
mpif77 -c -D__fortran -D__fortran77 -DMPIF2C -Zp8 -zero -traceback -DMPI2 -shared-intel -O2 -msse3 -axcore-avx2,core-avx-i -I../../include -I../include -I../../../aces/aces_library/a2driver/aces2/include -I$MPIHOME/include  get_prefetch_flag.f 1>>make.out 2>>make.err
mpif77 -c -D__fortran -D__fortran77 -DMPIF2C -Zp8 -zero -traceback -DMPI2 -shared-intel -O2 -msse3 -axcore-avx2,core-avx-i -I../../include -I../include -I../../../aces/aces_library/a2driver/aces2/include -I$MPIHOME/include  get_barrier_master.f 1>>make.out 2>>make.err
mpif77 -c -D__fortran -D__fortran77 -DMPIF2C -Zp8 -zero -traceback -DMPI2 -shared-intel -O2 -msse3 -axcore-avx2,core-avx-i -I../../include -I../include -I../../../aces/aces_library/a2driver/aces2/include -I$MPIHOME/include  find_block_destination.f 1>>make.out 2>>make.err
mpif77 -c -D__fortran -D__fortran77 -DMPIF2C -Zp8 -zero -traceback -DMPI2 -shared-intel -O2 -msse3 -axcore-avx2,core-avx-i -I../../include -I../include -I../../../aces/aces_library/a2driver/aces2/include -I$MPIHOME/include  get_my_rank.f 1>>make.out 2>>make.err
mpif77 -c -D__fortran -D__fortran77 -DMPIF2C -Zp8 -zero -traceback -DMPI2 -shared-intel -O2 -msse3 -axcore-avx2,core-avx-i -I../../include -I../include -I../../../aces/aces_library/a2driver/aces2/include -I$MPIHOME/include  send_master_barrier_msg.f 1>>make.out 2>>make.err
mpif77 -c -D__fortran -D__fortran77 -DMPIF2C -Zp8 -zero -traceback -DMPI2 -shared-intel -O2 -msse3 -axcore-avx2,core-avx-i -I../../include -I../include -I../../../aces/aces_library/a2driver/aces2/include -I$MPIHOME/include  cwork4442_unopt.f 1>>make.out 2>>make.err
mpif77 -c -D__fortran -D__fortran77 -DMPIF2C -Zp8 -zero -traceback -DMPI2 -shared-intel -O2 -msse3 -axcore-avx2,core-avx-i -I../../include -I../include -I../../../aces/aces_library/a2driver/aces2/include -I$MPIHOME/include  get_index_segment.f 1>>make.out 2>>make.err
mpif77 -c -D__fortran -D__fortran77 -DMPIF2C -Zp8 -zero -traceback -DMPI2 -shared-intel -O2 -msse3 -axcore-avx2,core-avx-i -I../../include -I../include -I../../../aces/aces_library/a2driver/aces2/include -I$MPIHOME/include  block_map_lookup.f 1>>make.out 2>>make.err
mpif77 -c -D__fortran -D__fortran77 -DMPIF2C -Zp8 -zero -traceback -DMPI2 -shared-intel -O2 -msse3 -axcore-avx2,core-avx-i -I../../include -I../include -I../../../aces/aces_library/a2driver/aces2/include -I$MPIHOME/include  pardo_loop.f 1>>make.out 2>>make.err
mpif77 -c -D__fortran -D__fortran77 -DMPIF2C -Zp8 -zero -traceback -DMPI2 -shared-intel -O2 -msse3 -axcore-avx2,core-avx-i -I../../include -I../include -I../../../aces/aces_library/a2driver/aces2/include -I$MPIHOME/include  sip_barrier.f 1>>make.out 2>>make.err
mpif77 -c -D__fortran -D__fortran77 -DMPIF2C -Zp8 -zero -traceback -DMPI2 -shared-intel -O2 -msse3 -axcore-avx2,core-avx-i -I../../include -I../include -I../../../aces/aces_library/a2driver/aces2/include -I$MPIHOME/include  handle_return.f 1>>make.out 2>>make.err
mpif77 -c -D__fortran -D__fortran77 -DMPIF2C -Zp8 -zero -traceback -DMPI2 -shared-intel -O2 -msse3 -axcore-avx2,core-avx-i -I../../include -I../include -I../../../aces/aces_library/a2driver/aces2/include -I$MPIHOME/include  handle_exit.f 1>>make.out 2>>make.err
mpif77 -c -D__fortran -D__fortran77 -DMPIF2C -Zp8 -zero -traceback -DMPI2 -shared-intel -O2 -msse3 -axcore-avx2,core-avx-i -I../../include -I../include -I../../../aces/aces_library/a2driver/aces2/include -I$MPIHOME/include  crash.f 1>>make.out 2>>make.err
mpif77 -c -D__fortran -D__fortran77 -DMPIF2C -Zp8 -zero -traceback -DMPI2 -shared-intel -O2 -msse3 -axcore-avx2,core-avx-i -I../../include -I../include -I../../../aces/aces_library/a2driver/aces2/include -I$MPIHOME/include  cwork6441_unopt.f 1>>make.out 2>>make.err
mpif77 -c -D__fortran -D__fortran77 -DMPIF2C -Zp8 -zero -traceback -DMPI2 -shared-intel -O2 -msse3 -axcore-avx2,core-avx-i -I../../include -I../include -I../../../aces/aces_library/a2driver/aces2/include -I$MPIHOME/include  handle_sss_op.f 1>>make.out 2>>make.err
mpif77 -c -D__fortran -D__fortran77 -DMPIF2C -Zp8 -zero -traceback -DMPI2 -shared-intel -O2 -msse3 -axcore-avx2,core-avx-i -I../../include -I../include -I../../../aces/aces_library/a2driver/aces2/include -I$MPIHOME/include  cwork2644_unopt.f 1>>make.out 2>>make.err
mpif77 -c -D__fortran -D__fortran77 -DMPIF2C -Zp8 -zero -traceback -DMPI2 -shared-intel -O2 -msse3 -axcore-avx2,core-avx-i -I../../include -I../include -I../../../aces/aces_library/a2driver/aces2/include -I$MPIHOME/include  doloop.f 1>>make.out 2>>make.err
mpif77 -c -D__fortran -D__fortran77 -DMPIF2C -Zp8 -zero -traceback -DMPI2 -shared-intel -O2 -msse3 -axcore-avx2,core-avx-i -I../../include -I../include -I../../../aces/aces_library/a2driver/aces2/include -I$MPIHOME/include  set_index.f 1>>make.out 2>>make.err
mpif77 -c -D__fortran -D__fortran77 -DMPIF2C -Zp8 -zero -traceback -DMPI2 -shared-intel -O2 -msse3 -axcore-avx2,core-avx-i -I../../include -I../include -I../../../aces/aces_library/a2driver/aces2/include -I$MPIHOME/include  block_end_of_loop.f 1>>make.out 2>>make.err
mpif77 -c -D__fortran -D__fortran77 -DMPIF2C -Zp8 -zero -traceback -DMPI2 -shared-intel -O2 -msse3 -axcore-avx2,core-avx-i -I../../include -I../include -I../../../aces/aces_library/a2driver/aces2/include -I$MPIHOME/include  print_opcounter.f 1>>make.out 2>>make.err
mpif77 -c -D__fortran -D__fortran77 -DMPIF2C -Zp8 -zero -traceback -DMPI2 -shared-intel -O2 -msse3 -axcore-avx2,core-avx-i -I../../include -I../include -I../../../aces/aces_library/a2driver/aces2/include -I$MPIHOME/include  trace_on.f 1>>make.out 2>>make.err
mpif77 -c -D__fortran -D__fortran77 -DMPIF2C -Zp8 -zero -traceback -DMPI2 -shared-intel -O2 -msse3 -axcore-avx2,core-avx-i -I../../include -I../include -I../../../aces/aces_library/a2driver/aces2/include -I$MPIHOME/include  trace_off.f 1>>make.out 2>>make.err
mpif77 -c -D__fortran -D__fortran77 -DMPIF2C -Zp8 -zero -traceback -DMPI2 -shared-intel -O2 -msse3 -axcore-avx2,core-avx-i -I../../include -I../include -I../../../aces/aces_library/a2driver/aces2/include -I$MPIHOME/include  cco.f 1>>make.out 2>>make.err
mpif77 -c -D__fortran -D__fortran77 -DMPIF2C -Zp8 -zero -traceback -DMPI2 -shared-intel -O2 -msse3 -axcore-avx2,core-avx-i -I../../include -I../include -I../../../aces/aces_library/a2driver/aces2/include -I$MPIHOME/include  allocate_instruction.f 1>>make.out 2>>make.err
mpif77 -c -D__fortran -D__fortran77 -DMPIF2C -Zp8 -zero -traceback -DMPI2 -shared-intel -O2 -msse3 -axcore-avx2,core-avx-i -I../../include -I../include -I../../../aces/aces_library/a2driver/aces2/include -I$MPIHOME/include  check_where_conditions.f 1>>make.out 2>>make.err
mpif77 -c -D__fortran -D__fortran77 -DMPIF2C -Zp8 -zero -traceback -DMPI2 -shared-intel -O2 -msse3 -axcore-avx2,core-avx-i -I../../include -I../include -I../../../aces/aces_library/a2driver/aces2/include -I$MPIHOME/include  print_scalar.f 1>>make.out 2>>make.err
mpif77 -c -D__fortran -D__fortran77 -DMPIF2C -Zp8 -zero -traceback -DMPI2 -shared-intel -O2 -msse3 -axcore-avx2,core-avx-i -I../../include -I../include -I../../../aces/aces_library/a2driver/aces2/include -I$MPIHOME/include  timestamp.f 1>>make.out 2>>make.err
mpif77 -c -D__fortran -D__fortran77 -DMPIF2C -Zp8 -zero -traceback -DMPI2 -shared-intel -O2 -msse3 -axcore-avx2,core-avx-i -I../../include -I../include -I../../../aces/aces_library/a2driver/aces2/include -I$MPIHOME/include  find_matching_indices.f 1>>make.out 2>>make.err
mpif77 -c -D__fortran -D__fortran77 -DMPIF2C -Zp8 -zero -traceback -DMPI2 -shared-intel -O2 -msse3 -axcore-avx2,core-avx-i -I../../include -I../include -I../../../aces/aces_library/a2driver/aces2/include -I$MPIHOME/include  smon_on.f 1>>make.out 2>>make.err
mpif77 -c -D__fortran -D__fortran77 -DMPIF2C -Zp8 -zero -traceback -DMPI2 -shared-intel -O2 -msse3 -axcore-avx2,core-avx-i -I../../include -I../include -I../../../aces/aces_library/a2driver/aces2/include -I$MPIHOME/include  determine_array_indices.f 1>>make.out 2>>make.err
mpif77 -c -D__fortran -D__fortran77 -DMPIF2C -Zp8 -zero -traceback -DMPI2 -shared-intel -O2 -msse3 -axcore-avx2,core-avx-i -I../../include -I../include -I../../../aces/aces_library/a2driver/aces2/include -I$MPIHOME/include  smon_off.f 1>>make.out 2>>make.err
mpif77 -c -D__fortran -D__fortran77 -DMPIF2C -Zp8 -zero -traceback -DMPI2 -shared-intel -O2 -msse3 -axcore-avx2,core-avx-i -I../../include -I../include -I../../../aces/aces_library/a2driver/aces2/include -I$MPIHOME/include  open_amp.f 1>>make.out 2>>make.err
mpif77 -c -D__fortran -D__fortran77 -DMPIF2C -Zp8 -zero -traceback -DMPI2 -shared-intel -O2 -msse3 -axcore-avx2,core-avx-i -I../../include -I../include -I../../../aces/aces_library/a2driver/aces2/include -I$MPIHOME/include  cwork4643_unopt.f 1>>make.out 2>>make.err
mpif77 -c -D__fortran -D__fortran77 -DMPIF2C -Zp8 -zero -traceback -DMPI2 -shared-intel -O2 -msse3 -axcore-avx2,core-avx-i -I../../include -I../include -I../../../aces/aces_library/a2driver/aces2/include -I$MPIHOME/include  get_pardo_master.f 1>>make.out 2>>make.err
mpif77 -c -D__fortran -D__fortran77 -DMPIF2C -Zp8 -zero -traceback -DMPI2 -shared-intel -O2 -msse3 -axcore-avx2,core-avx-i -I../../include -I../include -I../../../aces/aces_library/a2driver/aces2/include -I$MPIHOME/include  blocks_to_list.f 1>>make.out 2>>make.err
mpif77 -c -D__fortran -D__fortran77 -DMPIF2C -Zp8 -zero -traceback -DMPI2 -shared-intel -O2 -msse3 -axcore-avx2,core-avx-i -I../../include -I../include -I../../../aces/aces_library/a2driver/aces2/include -I$MPIHOME/include  prefetch_context.f 1>>make.out 2>>make.err
mpif77 -c -D__fortran -D__fortran77 -DMPIF2C -Zp8 -zero -traceback -DMPI2 -shared-intel -O2 -msse3 -axcore-avx2,core-avx-i -I../../include -I../include -I../../../aces/aces_library/a2driver/aces2/include -I$MPIHOME/include  send_block.f 1>>make.out 2>>make.err
mpif77 -c -D__fortran -D__fortran77 -DMPIF2C -Zp8 -zero -traceback -DMPI2 -shared-intel -O2 -msse3 -axcore-avx2,core-avx-i -I../../include -I../include -I../../../aces/aces_library/a2driver/aces2/include -I$MPIHOME/include  build_proctab.f 1>>make.out 2>>make.err
mpif77 -c -D__fortran -D__fortran77 -DMPIF2C -Zp8 -zero -traceback -DMPI2 -shared-intel -O2 -msse3 -axcore-avx2,core-avx-i -I../../include -I../include -I../../../aces/aces_library/a2driver/aces2/include -I$MPIHOME/include  get_actual_blocksize.f 1>>make.out 2>>make.err
mpif77 -c -D__fortran -D__fortran77 -DMPIF2C -Zp8 -zero -traceback -DMPI2 -shared-intel -O2 -msse3 -axcore-avx2,core-avx-i -I../../include -I../include -I../../../aces/aces_library/a2driver/aces2/include -I$MPIHOME/include  destroy_instruction.f 1>>make.out 2>>make.err
mpif77 -c -D__fortran -D__fortran77 -DMPIF2C -Zp8 -zero -traceback -DMPI2 -shared-intel -O2 -msse3 -axcore-avx2,core-avx-i -I../../include -I../include -I../../../aces/aces_library/a2driver/aces2/include -I$MPIHOME/include  create_current_block.f 1>>make.out 2>>make.err
mpif77 -c -D__fortran -D__fortran77 -DMPIF2C -Zp8 -zero -traceback -DMPI2 -shared-intel -O2 -msse3 -axcore-avx2,core-avx-i -I../../include -I../include -I../../../aces/aces_library/a2driver/aces2/include -I$MPIHOME/include  write_master_checkpoint_data.f 1>>make.out 2>>make.err
mpif77 -c -D__fortran -D__fortran77 -DMPIF2C -Zp8 -zero -traceback -DMPI2 -shared-intel -O2 -msse3 -axcore-avx2,core-avx-i -I../../include -I../include -I../../../aces/aces_library/a2driver/aces2/include -I$MPIHOME/include  get_where_conditionals.f 1>>make.out 2>>make.err
mpif77 -c -D__fortran -D__fortran77 -DMPIF2C -Zp8 -zero -traceback -DMPI2 -shared-intel -O2 -msse3 -axcore-avx2,core-avx-i -I../../include -I../include -I../../../aces/aces_library/a2driver/aces2/include -I$MPIHOME/include  get_sip_blocksize.f 1>>make.out 2>>make.err
mpif77 -c -D__fortran -D__fortran77 -DMPIF2C -Zp8 -zero -traceback -DMPI2 -shared-intel -O2 -msse3 -axcore-avx2,core-avx-i -I../../include -I../include -I../../../aces/aces_library/a2driver/aces2/include -I$MPIHOME/include  abort_job.f 1>>make.out 2>>make.err
mpif77 -c -D__fortran -D__fortran77 -DMPIF2C -Zp8 -zero -traceback -DMPI2 -shared-intel -O2 -msse3 -axcore-avx2,core-avx-i -I../../include -I../include -I../../../aces/aces_library/a2driver/aces2/include -I$MPIHOME/include  find_non_matching_indices.f 1>>make.out 2>>make.err
mpif77 -c -D__fortran -D__fortran77 -DMPIF2C -Zp8 -zero -traceback -DMPI2 -shared-intel -O2 -msse3 -axcore-avx2,core-avx-i -I../../include -I../include -I../../../aces/aces_library/a2driver/aces2/include -I$MPIHOME/include  accumulate_block.f 1>>make.out 2>>make.err
mpif77 -c -D__fortran -D__fortran77 -DMPIF2C -Zp8 -zero -traceback -DMPI2 -shared-intel -O2 -msse3 -axcore-avx2,core-avx-i -I../../include -I../include -I../../../aces/aces_library/a2driver/aces2/include -I$MPIHOME/include  check_stack_pop.f 1>>make.out 2>>make.err
mpif77 -c -D__fortran -D__fortran77 -DMPIF2C -Zp8 -zero -traceback -DMPI2 -shared-intel -O2 -msse3 -axcore-avx2,core-avx-i -I../../include -I../include -I../../../aces/aces_library/a2driver/aces2/include -I$MPIHOME/include  set_opblock.f 1>>make.out 2>>make.err
mpif77 -c -D__fortran -D__fortran77 -DMPIF2C -Zp8 -zero -traceback -DMPI2 -shared-intel -O2 -msse3 -axcore-avx2,core-avx-i -I../../include -I../include -I../../../aces/aces_library/a2driver/aces2/include -I$MPIHOME/include  handle_sp_op.f 1>>make.out 2>>make.err
mpif77 -c -D__fortran -D__fortran77 -DMPIF2C -Zp8 -zero -traceback -DMPI2 -shared-intel -O2 -msse3 -axcore-avx2,core-avx-i -I../../include -I../include -I../../../aces/aces_library/a2driver/aces2/include -I$MPIHOME/include  server_barrier.f 1>>make.out 2>>make.err
mpif77 -c -D__fortran -D__fortran77 -DMPIF2C -Zp8 -zero -traceback -DMPI2 -shared-intel -O2 -msse3 -axcore-avx2,core-avx-i -I../../include -I../include -I../../../aces/aces_library/a2driver/aces2/include -I$MPIHOME/include  handle_fsp_op.f 1>>make.out 2>>make.err
mpif77 -c -D__fortran -D__fortran77 -DMPIF2C -Zp8 -zero -traceback -DMPI2 -shared-intel -O2 -msse3 -axcore-avx2,core-avx-i -I../../include -I../include -I../../../aces/aces_library/a2driver/aces2/include -I$MPIHOME/include  get_loop_index.f 1>>make.out 2>>make.err
mpif77 -c -D__fortran -D__fortran77 -DMPIF2C -Zp8 -zero -traceback -DMPI2 -shared-intel -O2 -msse3 -axcore-avx2,core-avx-i -I../../include -I../include -I../../../aces/aces_library/a2driver/aces2/include -I$MPIHOME/include  handle_cycle.f 1>>make.out 2>>make.err
mpif77 -c -D__fortran -D__fortran77 -DMPIF2C -Zp8 -zero -traceback -DMPI2 -shared-intel -O2 -msse3 -axcore-avx2,core-avx-i -I../../include -I../include -I../../../aces/aces_library/a2driver/aces2/include -I$MPIHOME/include  cwork6642_unopt.f 1>>make.out 2>>make.err
mpif77 -c -D__fortran -D__fortran77 -DMPIF2C -Zp8 -zero -traceback -DMPI2 -shared-intel -O2 -msse3 -axcore-avx2,core-avx-i -I../../include -I../include -I../../../aces/aces_library/a2driver/aces2/include -I$MPIHOME/include  find_free_msg_buffer.f 1>>make.out 2>>make.err
mpif77 -c -D__fortran -D__fortran77 -DMPIF2C -Zp8 -zero -traceback -DMPI2 -shared-intel -O2 -msse3 -axcore-avx2,core-avx-i -I../../include -I../include -I../../../aces/aces_library/a2driver/aces2/include -I$MPIHOME/include  set_effective_indices.f 1>>make.out 2>>make.err
mpif77 -c -D__fortran -D__fortran77 -DMPIF2C -Zp8 -zero -traceback -DMPI2 -shared-intel -O2 -msse3 -axcore-avx2,core-avx-i -I../../include -I../include -I../../../aces/aces_library/a2driver/aces2/include -I$MPIHOME/include  prefetch_on.f 1>>make.out 2>>make.err
mpif77 -c -D__fortran -D__fortran77 -DMPIF2C -Zp8 -zero -traceback -DMPI2 -shared-intel -O2 -msse3 -axcore-avx2,core-avx-i -I../../include -I../include -I../../../aces/aces_library/a2driver/aces2/include -I$MPIHOME/include  handle_call.f 1>>make.out 2>>make.err
mpif77 -c -D__fortran -D__fortran77 -DMPIF2C -Zp8 -zero -traceback -DMPI2 -shared-intel -O2 -msse3 -axcore-avx2,core-avx-i -I../../include -I../include -I../../../aces/aces_library/a2driver/aces2/include -I$MPIHOME/include  find_current_block_map.f 1>>make.out 2>>make.err
mpif77 -c -D__fortran -D__fortran77 -DMPIF2C -Zp8 -zero -traceback -DMPI2 -shared-intel -O2 -msse3 -axcore-avx2,core-avx-i -I../../include -I../include -I../../../aces/aces_library/a2driver/aces2/include -I$MPIHOME/include  trnsps.f 1>>make.out 2>>make.err
mpif77 -c -D__fortran -D__fortran77 -DMPIF2C -Zp8 -zero -traceback -DMPI2 -shared-intel -O2 -msse3 -axcore-avx2,core-avx-i -I../../include -I../include -I../../../aces/aces_library/a2driver/aces2/include -I$MPIHOME/include  load_balance_off.f 1>>make.out 2>>make.err
mpif77 -c -D__fortran -D__fortran77 -DMPIF2C -Zp8 -zero -traceback -DMPI2 -shared-intel -O2 -msse3 -axcore-avx2,core-avx-i -I../../include -I../include -I../../../aces/aces_library/a2driver/aces2/include -I$MPIHOME/include  cwork4622_unopt.f 1>>make.out 2>>make.err
mpif77 -c -D__fortran -D__fortran77 -DMPIF2C -Zp8 -zero -traceback -DMPI2 -shared-intel -O2 -msse3 -axcore-avx2,core-avx-i -I../../include -I../include -I../../../aces/aces_library/a2driver/aces2/include -I$MPIHOME/include  read_list_to_blocks_no_mpi_io.f 1>>make.out 2>>make.err
mpif77 -c -D__fortran -D__fortran77 -DMPIF2C -Zp8 -zero -traceback -DMPI2 -shared-intel -O2 -msse3 -axcore-avx2,core-avx-i -I../../include -I../include -I../../../aces/aces_library/a2driver/aces2/include -I$MPIHOME/include  get_restart_status.f 1>>make.out 2>>make.err
mpif77 -c -D__fortran -D__fortran77 -DMPIF2C -Zp8 -zero -traceback -DMPI2 -shared-intel -O2 -msse3 -axcore-avx2,core-avx-i -I../../include -I../include -I../../../aces/aces_library/a2driver/aces2/include -I$MPIHOME/include  load_balance_on.f 1>>make.out 2>>make.err
mpif77 -c -D__fortran -D__fortran77 -DMPIF2C -Zp8 -zero -traceback -DMPI2 -shared-intel -O2 -msse3 -axcore-avx2,core-avx-i -I../../include -I../include -I../../../aces/aces_library/a2driver/aces2/include -I$MPIHOME/include  cwork0222.f 1>>make.out 2>>make.err
mpif77 -c -D__fortran -D__fortran77 -DMPIF2C -Zp8 -zero -traceback -DMPI2 -shared-intel -O2 -msse3 -axcore-avx2,core-avx-i -I../../include -I../include -I../../../aces/aces_library/a2driver/aces2/include -I$MPIHOME/include  server_takedown.f 1>>make.out 2>>make.err
mpicc -c -DMPIF2C -DC_SUFFIX  -DMPI2 -DCB_SUFFIX -shared-intel -O2 -msse3 -axcore-avx2,core-avx-i -I../../include -I../include -I../../../aces/aces_library/a2driver/aces2/include -I$MPIHOME/include  generate_scratch_filename.c 1>>make.out 2>>make.err
mpicc -c -DMPIF2C -DC_SUFFIX  -DMPI2 -DCB_SUFFIX -shared-intel -O2 -msse3 -axcore-avx2,core-avx-i -I../../include -I../include -I../../../aces/aces_library/a2driver/aces2/include -I$MPIHOME/include  pardo_timer.c 1>>make.out 2>>make.err
mpicc -c -DMPIF2C -DC_SUFFIX  -DMPI2 -DCB_SUFFIX -shared-intel -O2 -msse3 -axcore-avx2,core-avx-i -I../../include -I../include -I../../../aces/aces_library/a2driver/aces2/include -I$MPIHOME/include  c_blkmgr.c 1>>make.out 2>>make.err
ar rv libsip2.a write_blocks_to_list_no_mpi_io.o restart.o blkmgr.o assign_block.o wait_on_block.o pardo_loadb.o cwork5521.o prepare_block.o twork431.o eigen_nonsymm_calc.o cwork4643.o dump_block.o square_root.o read_list_to_blocks.o optable_loop.o cwork2644.o balbak.o cwork6642.o corder.o cwork0666.o write_blocks_to_list.o cwork1211.o chunk_size.o cwork4331.o slice_insert_block.o broadcast_array.o tensor_contraction.o cwork3321.o dump_amp.o eig_sr.o cwork2311.o cwork4442.o cwork1322.o cwork0444.o cwork6441.o eig_inv.o contract_blocks.o request_block.o pardo_loadb_update_batch.o determine_timeslice.o multiply_static_block.o smooth.o cwork2443.o cwork0555.o cwork2221.o prequest_block.o balanc.o eig_sr_inv.o cwork6621.o eigen_calc.o cwork2422.o pre_request_block.o twork2111.o cwork3411.o cwork4622.o stack_implementation.o block_on_server_delay.o loadb.o smooth4.o checkpoint.o commit_checkpoint.o cwork4421.o hqr2.o cwork0333.o sum_blocks.o maxamp_print.o cwork0111.o twork4222.o global_accumulate.o cwork6621_unopt.o optable_loop_sim.o get_block_map_entry.o collective_sum.o list_to_blocks.o determine_current_block_size.o twork642.o prefetch_off.o set_program_context.o fetch_block.o get_operation_desc.o handle_goto.o check_array_status.o load_pre_defined_routines.o deallocate_instruction.o get_prefetch_flag.o get_barrier_master.o find_block_destination.o get_my_rank.o send_master_barrier_msg.o cwork4442_unopt.o get_index_segment.o block_map_lookup.o pardo_loop.o sip_barrier.o handle_return.o handle_exit.o crash.o cwork6441_unopt.o handle_sss_op.o cwork2644_unopt.o doloop.o set_index.o block_end_of_loop.o print_opcounter.o trace_on.o trace_off.o cco.o allocate_instruction.o check_where_conditions.o print_scalar.o timestamp.o find_matching_indices.o smon_on.o determine_array_indices.o smon_off.o open_amp.o cwork4643_unopt.o get_pardo_master.o blocks_to_list.o prefetch_context.o send_block.o build_proctab.o get_actual_blocksize.o destroy_instruction.o create_current_block.o write_master_checkpoint_data.o get_where_conditionals.o get_sip_blocksize.o abort_job.o find_non_matching_indices.o accumulate_block.o check_stack_pop.o set_opblock.o handle_sp_op.o server_barrier.o handle_fsp_op.o get_loop_index.o handle_cycle.o cwork6642_unopt.o find_free_msg_buffer.o set_effective_indices.o prefetch_on.o handle_call.o find_current_block_map.o trnsps.o load_balance_off.o cwork4622_unopt.o read_list_to_blocks_no_mpi_io.o get_restart_status.o load_balance_on.o cwork0222.o server_takedown.o generate_scratch_filename.o pardo_timer.o c_blkmgr.o 
ar: creating libsip2.a
a - write_blocks_to_list_no_mpi_io.o
a - restart.o
a - blkmgr.o
a - assign_block.o
a - wait_on_block.o
a - pardo_loadb.o
a - cwork5521.o
a - prepare_block.o
a - twork431.o
a - eigen_nonsymm_calc.o
a - cwork4643.o
a - dump_block.o
a - square_root.o
a - read_list_to_blocks.o
a - optable_loop.o
a - cwork2644.o
a - balbak.o
a - cwork6642.o
a - corder.o
a - cwork0666.o
a - write_blocks_to_list.o
a - cwork1211.o
a - chunk_size.o
a - cwork4331.o
a - slice_insert_block.o
a - broadcast_array.o
a - tensor_contraction.o
a - cwork3321.o
a - dump_amp.o
a - eig_sr.o
a - cwork2311.o
a - cwork4442.o
a - cwork1322.o
a - cwork0444.o
a - cwork6441.o
a - eig_inv.o
a - contract_blocks.o
a - request_block.o
a - pardo_loadb_update_batch.o
a - determine_timeslice.o
a - multiply_static_block.o
a - smooth.o
a - cwork2443.o
a - cwork0555.o
a - cwork2221.o
a - prequest_block.o
a - balanc.o
a - eig_sr_inv.o
a - cwork6621.o
a - eigen_calc.o
a - cwork2422.o
a - pre_request_block.o
a - twork2111.o
a - cwork3411.o
a - cwork4622.o
a - stack_implementation.o
a - block_on_server_delay.o
a - loadb.o
a - smooth4.o
a - checkpoint.o
a - commit_checkpoint.o
a - cwork4421.o
a - hqr2.o
a - cwork0333.o
a - sum_blocks.o
a - maxamp_print.o
a - cwork0111.o
a - twork4222.o
a - global_accumulate.o
a - cwork6621_unopt.o
a - optable_loop_sim.o
a - get_block_map_entry.o
a - collective_sum.o
a - list_to_blocks.o
a - determine_current_block_size.o
a - twork642.o
a - prefetch_off.o
a - set_program_context.o
a - fetch_block.o
a - get_operation_desc.o
a - handle_goto.o
a - check_array_status.o
a - load_pre_defined_routines.o
a - deallocate_instruction.o
a - get_prefetch_flag.o
a - get_barrier_master.o
a - find_block_destination.o
a - get_my_rank.o
a - send_master_barrier_msg.o
a - cwork4442_unopt.o
a - get_index_segment.o
a - block_map_lookup.o
a - pardo_loop.o
a - sip_barrier.o
a - handle_return.o
a - handle_exit.o
a - crash.o
a - cwork6441_unopt.o
a - handle_sss_op.o
a - cwork2644_unopt.o
a - doloop.o
a - set_index.o
a - block_end_of_loop.o
a - print_opcounter.o
a - trace_on.o
a - trace_off.o
a - cco.o
a - allocate_instruction.o
a - check_where_conditions.o
a - print_scalar.o
a - timestamp.o
a - find_matching_indices.o
a - smon_on.o
a - determine_array_indices.o
a - smon_off.o
a - open_amp.o
a - cwork4643_unopt.o
a - get_pardo_master.o
a - blocks_to_list.o
a - prefetch_context.o
a - send_block.o
a - build_proctab.o
a - get_actual_blocksize.o
a - destroy_instruction.o
a - create_current_block.o
a - write_master_checkpoint_data.o
a - get_where_conditionals.o
a - get_sip_blocksize.o
a - abort_job.o
a - find_non_matching_indices.o
a - accumulate_block.o
a - check_stack_pop.o
a - set_opblock.o
a - handle_sp_op.o
a - server_barrier.o
a - handle_fsp_op.o
a - get_loop_index.o
a - handle_cycle.o
a - cwork6642_unopt.o
a - find_free_msg_buffer.o
a - set_effective_indices.o
a - prefetch_on.o
a - handle_call.o
a - find_current_block_map.o
a - trnsps.o
a - load_balance_off.o
a - cwork4622_unopt.o
a - read_list_to_blocks_no_mpi_io.o
a - get_restart_status.o
a - load_balance_on.o
a - cwork0222.o
a - server_takedown.o
a - generate_scratch_filename.o
a - pardo_timer.o
a - c_blkmgr.o
cp libsip2.a ../../../../lib/libsip2.a
rm -f make.out make.err
gmake[4]: Leaving directory `/home/perera/Develop/TTU_devls/acesiii/src/sia/sip/sip_instructions'
gmake[3]: Leaving directory `/home/perera/Develop/TTU_devls/acesiii/src/sia/sip'
gmake[3]: Entering directory `/home/perera/Develop/TTU_devls/acesiii/src/sia/worker'
rm -f make.out make.err
mpif77 -c -D__fortran -D__fortran77 -DMPIF2C -Zp8 -zero -traceback -DMPI2 -shared-intel -O2 -msse3 -axcore-avx2,core-avx-i -I../include -I../sip/include -I../../aces/aces_library/a2driver/aces2/include -I$MPIHOME/include  build_segment_table.F 1>>make.out 2>>make.err
mpif77 -c -D__fortran -D__fortran77 -DMPIF2C -Zp8 -zero -traceback -DMPI2 -shared-intel -O2 -msse3 -axcore-avx2,core-avx-i -I../include -I../sip/include -I../../aces/aces_library/a2driver/aces2/include -I$MPIHOME/include  vtdemo_init.F 1>>make.out 2>>make.err
mpif77 -c -D__fortran -D__fortran77 -DMPIF2C -Zp8 -zero -traceback -DMPI2 -shared-intel -O2 -msse3 -axcore-avx2,core-avx-i -I../include -I../sip/include -I../../aces/aces_library/a2driver/aces2/include -I$MPIHOME/include  sial_compile_and_send_tables.F 1>>make.out 2>>make.err
mpif77 -c -D__fortran -D__fortran77 -DMPIF2C -Zp8 -zero -traceback -DMPI2 -shared-intel -O2 -msse3 -axcore-avx2,core-avx-i -I../include -I../sip/include -I../../aces/aces_library/a2driver/aces2/include -I$MPIHOME/include  built_cmp2zmat.F 1>>make.out 2>>make.err
mpif77 -c -D__fortran -D__fortran77 -DMPIF2C -Zp8 -zero -traceback -DMPI2 -shared-intel -O2 -msse3 -axcore-avx2,core-avx-i -I../include -I../sip/include -I../../aces/aces_library/a2driver/aces2/include -I$MPIHOME/include  init_c.F 1>>make.out 2>>make.err
mpif77 -c -D__fortran -D__fortran77 -DMPIF2C -Zp8 -zero -traceback -DMPI2 -shared-intel -O2 -msse3 -axcore-avx2,core-avx-i -I../include -I../sip/include -I../../aces/aces_library/a2driver/aces2/include -I$MPIHOME/include  sip_fmain.F 1>>make.out 2>>make.err
mpif77 -c -D__fortran -D__fortran77 -DMPIF2C -Zp8 -zero -traceback -DMPI2 -shared-intel -O2 -msse3 -axcore-avx2,core-avx-i -I../include -I../sip/include -I../../aces/aces_library/a2driver/aces2/include -I$MPIHOME/include  init_oed_integrals.F 1>>make.out 2>>make.err
mpif77 -c -D__fortran -D__fortran77 -DMPIF2C -Zp8 -zero -traceback -DMPI2 -shared-intel -O2 -msse3 -axcore-avx2,core-avx-i -I../include -I../sip/include -I../../aces/aces_library/a2driver/aces2/include -I$MPIHOME/include  prop_atom.F 1>>make.out 2>>make.err
mpif77 -c -D__fortran -D__fortran77 -DMPIF2C -Zp8 -zero -traceback -DMPI2 -shared-intel -O2 -msse3 -axcore-avx2,core-avx-i -I../include -I../sip/include -I../../aces/aces_library/a2driver/aces2/include -I$MPIHOME/include  write_eig_data.F 1>>make.out 2>>make.err
mpif77 -c -D__fortran -D__fortran77 -DMPIF2C -Zp8 -zero -traceback -DMPI2 -shared-intel -O2 -msse3 -axcore-avx2,core-avx-i -I../include -I../sip/include -I../../aces/aces_library/a2driver/aces2/include -I$MPIHOME/include  remap.F 1>>make.out 2>>make.err
mpif77 -c -D__fortran -D__fortran77 -DMPIF2C -Zp8 -zero -traceback -DMPI2 -shared-intel -O2 -msse3 -axcore-avx2,core-avx-i -I../include -I../sip/include -I../../aces/aces_library/a2driver/aces2/include -I$MPIHOME/include  init_fockrohf.F 1>>make.out 2>>make.err
mpif77 -c -D__fortran -D__fortran77 -DMPIF2C -Zp8 -zero -traceback -DMPI2 -shared-intel -O2 -msse3 -axcore-avx2,core-avx-i -I../include -I../sip/include -I../../aces/aces_library/a2driver/aces2/include -I$MPIHOME/include  send_static_data.F 1>>make.out 2>>make.err
mpif77 -c -D__fortran -D__fortran77 -DMPIF2C -Zp8 -zero -traceback -DMPI2 -shared-intel -O2 -msse3 -axcore-avx2,core-avx-i -I../include -I../sip/include -I../../aces/aces_library/a2driver/aces2/include -I$MPIHOME/include  init_eps.F 1>>make.out 2>>make.err
mpif77 -c -D__fortran -D__fortran77 -DMPIF2C -Zp8 -zero -traceback -DMPI2 -shared-intel -O2 -msse3 -axcore-avx2,core-avx-i -I../include -I../sip/include -I../../aces/aces_library/a2driver/aces2/include -I$MPIHOME/include  init_fock.F 1>>make.out 2>>make.err
mpif77 -c -D__fortran -D__fortran77 -DMPIF2C -Zp8 -zero -traceback -DMPI2 -shared-intel -O2 -msse3 -axcore-avx2,core-avx-i -I../include -I../sip/include -I../../aces/aces_library/a2driver/aces2/include -I$MPIHOME/include  vmlgen.f 1>>make.out 2>>make.err
mpif77 -c -D__fortran -D__fortran77 -DMPIF2C -Zp8 -zero -traceback -DMPI2 -shared-intel -O2 -msse3 -axcore-avx2,core-avx-i -I../include -I../sip/include -I../../aces/aces_library/a2driver/aces2/include -I$MPIHOME/include  stack_distribution.f 1>>make.out 2>>make.err
mpif77 -c -D__fortran -D__fortran77 -DMPIF2C -Zp8 -zero -traceback -DMPI2 -shared-intel -O2 -msse3 -axcore-avx2,core-avx-i -I../include -I../sip/include -I../../aces/aces_library/a2driver/aces2/include -I$MPIHOME/include  refill_block_map_table.f 1>>make.out 2>>make.err
mpif77 -c -D__fortran -D__fortran77 -DMPIF2C -Zp8 -zero -traceback -DMPI2 -shared-intel -O2 -msse3 -axcore-avx2,core-avx-i -I../include -I../sip/include -I../../aces/aces_library/a2driver/aces2/include -I$MPIHOME/include  get_symbolic_constant.f 1>>make.out 2>>make.err
mpif77 -c -D__fortran -D__fortran77 -DMPIF2C -Zp8 -zero -traceback -DMPI2 -shared-intel -O2 -msse3 -axcore-avx2,core-avx-i -I../include -I../sip/include -I../../aces/aces_library/a2driver/aces2/include -I$MPIHOME/include  sial_compile_and_send_tables1.f 1>>make.out 2>>make.err
mpif77 -c -D__fortran -D__fortran77 -DMPIF2C -Zp8 -zero -traceback -DMPI2 -shared-intel -O2 -msse3 -axcore-avx2,core-avx-i -I../include -I../sip/include -I../../aces/aces_library/a2driver/aces2/include -I$MPIHOME/include  determine_stack_blocksizes.f 1>>make.out 2>>make.err
mpif77 -c -D__fortran -D__fortran77 -DMPIF2C -Zp8 -zero -traceback -DMPI2 -shared-intel -O2 -msse3 -axcore-avx2,core-avx-i -I../include -I../sip/include -I../../aces/aces_library/a2driver/aces2/include -I$MPIHOME/include  shells_to_segments.f 1>>make.out 2>>make.err
mpif77 -c -D__fortran -D__fortran77 -DMPIF2C -Zp8 -zero -traceback -DMPI2 -shared-intel -O2 -msse3 -axcore-avx2,core-avx-i -I../include -I../sip/include -I../../aces/aces_library/a2driver/aces2/include -I$MPIHOME/include  print_symbolic_constants.f 1>>make.out 2>>make.err
mpif77 -c -D__fortran -D__fortran77 -DMPIF2C -Zp8 -zero -traceback -DMPI2 -shared-intel -O2 -msse3 -axcore-avx2,core-avx-i -I../include -I../sip/include -I../../aces/aces_library/a2driver/aces2/include -I$MPIHOME/include  block_map_table_setup.f 1>>make.out 2>>make.err
mpif77 -c -D__fortran -D__fortran77 -DMPIF2C -Zp8 -zero -traceback -DMPI2 -shared-intel -O2 -msse3 -axcore-avx2,core-avx-i -I../include -I../sip/include -I../../aces/aces_library/a2driver/aces2/include -I$MPIHOME/include  get_subrange_segments.f 1>>make.out 2>>make.err
rm -f make.out make.err
gmake[3]: Leaving directory `/home/perera/Develop/TTU_devls/acesiii/src/sia/worker'
gmake[3]: Entering directory `/home/perera/Develop/TTU_devls/acesiii/src/sia/sip_shared'
rm -f make.out make.err
mpif77 -c -D__fortran -D__fortran77 -DMPIF2C -Zp8 -zero -traceback -DMPI2 -shared-intel -O2 -msse3 -axcore-avx2,core-avx-i -I../include -I../sip/include -I../../aces/aces_library/a2driver/aces2/include -I$MPIHOME/include  fallocate_it.F 1>>make.out 2>>make.err
mpif77 -c -D__fortran -D__fortran77 -DMPIF2C -Zp8 -zero -traceback -DMPI2 -shared-intel -O2 -msse3 -axcore-avx2,core-avx-i -I../include -I../sip/include -I../../aces/aces_library/a2driver/aces2/include -I$MPIHOME/include  sendrecv_tables.F 1>>make.out 2>>make.err
mpif77 -c -D__fortran -D__fortran77 -DMPIF2C -Zp8 -zero -traceback -DMPI2 -shared-intel -O2 -msse3 -axcore-avx2,core-avx-i -I../include -I../sip/include -I../../aces/aces_library/a2driver/aces2/include -I$MPIHOME/include  sial_interface.F 1>>make.out 2>>make.err
mpif77 -c -D__fortran -D__fortran77 -DMPIF2C -Zp8 -zero -traceback -DMPI2 -shared-intel -O2 -msse3 -axcore-avx2,core-avx-i -I../include -I../sip/include -I../../aces/aces_library/a2driver/aces2/include -I$MPIHOME/include  init_machine_types.F 1>>make.out 2>>make.err
mpif77 -c -D__fortran -D__fortran77 -DMPIF2C -Zp8 -zero -traceback -DMPI2 -shared-intel -O2 -msse3 -axcore-avx2,core-avx-i -I../include -I../sip/include -I../../aces/aces_library/a2driver/aces2/include -I$MPIHOME/include  load_pre_defined_routines_compile_time.f 1>>make.out 2>>make.err
mpif77 -c -D__fortran -D__fortran77 -DMPIF2C -Zp8 -zero -traceback -DMPI2 -shared-intel -O2 -msse3 -axcore-avx2,core-avx-i -I../include -I../sip/include -I../../aces/aces_library/a2driver/aces2/include -I$MPIHOME/include  get_index_from_base.f 1>>make.out 2>>make.err
mpif77 -c -D__fortran -D__fortran77 -DMPIF2C -Zp8 -zero -traceback -DMPI2 -shared-intel -O2 -msse3 -axcore-avx2,core-avx-i -I../include -I../sip/include -I../../aces/aces_library/a2driver/aces2/include -I$MPIHOME/include  get_max_array_dimension.f 1>>make.out 2>>make.err
mpif77 -c -D__fortran -D__fortran77 -DMPIF2C -Zp8 -zero -traceback -DMPI2 -shared-intel -O2 -msse3 -axcore-avx2,core-avx-i -I../include -I../sip/include -I../../aces/aces_library/a2driver/aces2/include -I$MPIHOME/include  decode_cond_code.f 1>>make.out 2>>make.err
mpicc -c -DMPIF2C -DC_SUFFIX  -DMPI2 -DCB_SUFFIX -shared-intel -O2 -msse3 -axcore-avx2,core-avx-i -I../include -I../sip/include -I../../aces/aces_library/a2driver/aces2/include -I$MPIHOME/include  unmask_addr.c 1>>make.out 2>>make.err
mpicc -c -DMPIF2C -DC_SUFFIX  -DMPI2 -DCB_SUFFIX -shared-intel -O2 -msse3 -axcore-avx2,core-avx-i -I../include -I../sip/include -I../../aces/aces_library/a2driver/aces2/include -I$MPIHOME/include  c_mem_free.c 1>>make.out 2>>make.err
mpicc -c -DMPIF2C -DC_SUFFIX  -DMPI2 -DCB_SUFFIX -shared-intel -O2 -msse3 -axcore-avx2,core-avx-i -I../include -I../sip/include -I../../aces/aces_library/a2driver/aces2/include -I$MPIHOME/include  mem_alloc.c 1>>make.out 2>>make.err
mpicc -c -DMPIF2C -DC_SUFFIX  -DMPI2 -DCB_SUFFIX -shared-intel -O2 -msse3 -axcore-avx2,core-avx-i -I../include -I../sip/include -I../../aces/aces_library/a2driver/aces2/include -I$MPIHOME/include  user_sub.c 1>>make.out 2>>make.err
mpicc -c -DMPIF2C -DC_SUFFIX  -DMPI2 -DCB_SUFFIX -shared-intel -O2 -msse3 -axcore-avx2,core-avx-i -I../include -I../sip/include -I../../aces/aces_library/a2driver/aces2/include -I$MPIHOME/include  c_getenv.c 1>>make.out 2>>make.err
ar rv libsip_shared.a fallocate_it.o sendrecv_tables.o sial_interface.o init_machine_types.o load_pre_defined_routines_compile_time.o get_index_from_base.o get_max_array_dimension.o decode_cond_code.o unmask_addr.o c_mem_free.o mem_alloc.o user_sub.o c_getenv.o 
ar: creating libsip_shared.a
a - fallocate_it.o
a - sendrecv_tables.o
a - sial_interface.o
a - init_machine_types.o
a - load_pre_defined_routines_compile_time.o
a - get_index_from_base.o
a - get_max_array_dimension.o
a - decode_cond_code.o
a - unmask_addr.o
a - c_mem_free.o
a - mem_alloc.o
a - user_sub.o
a - c_getenv.o
cp libsip_shared.a ../../../lib/libsip_shared.a
rm -f make.out make.err
gmake[3]: Leaving directory `/home/perera/Develop/TTU_devls/acesiii/src/sia/sip_shared'
gmake[3]: Entering directory `/home/perera/Develop/TTU_devls/acesiii/src/sia/framelib'
rm -f make.out make.err
mpif77 -c -D__fortran -D__fortran77 -DMPIF2C -Zp8 -zero -traceback -DMPI2 -shared-intel -O2 -msse3 -axcore-avx2,core-avx-i -I../include -I../sip/include -I../../aces/aces_library/a2driver/aces2/include -I$MPIHOME/include  timer.F 1>>make.out 2>>make.err
mpif77 -c -D__fortran -D__fortran77 -DMPIF2C -Zp8 -zero -traceback -DMPI2 -shared-intel -O2 -msse3 -axcore-avx2,core-avx-i -I../include -I../sip/include -I../../aces/aces_library/a2driver/aces2/include -I$MPIHOME/include  sleep_wrapper.F 1>>make.out 2>>make.err
mpif77 -c -D__fortran -D__fortran77 -DMPIF2C -Zp8 -zero -traceback -DMPI2 -shared-intel -O2 -msse3 -axcore-avx2,core-avx-i -I../include -I../sip/include -I../../aces/aces_library/a2driver/aces2/include -I$MPIHOME/include  build_pst.F 1>>make.out 2>>make.err
mpif77 -c -D__fortran -D__fortran77 -DMPIF2C -Zp8 -zero -traceback -DMPI2 -shared-intel -O2 -msse3 -axcore-avx2,core-avx-i -I../include -I../sip/include -I../../aces/aces_library/a2driver/aces2/include -I$MPIHOME/include  prt_time.F 1>>make.out 2>>make.err
mpif77 -c -D__fortran -D__fortran77 -DMPIF2C -Zp8 -zero -traceback -DMPI2 -shared-intel -O2 -msse3 -axcore-avx2,core-avx-i -I../include -I../sip/include -I../../aces/aces_library/a2driver/aces2/include -I$MPIHOME/include  get_timestamp.F 1>>make.out 2>>make.err
mpif77 -c -D__fortran -D__fortran77 -DMPIF2C -Zp8 -zero -traceback -DMPI2 -shared-intel -O2 -msse3 -axcore-avx2,core-avx-i -I../include -I../sip/include -I../../aces/aces_library/a2driver/aces2/include -I$MPIHOME/include  free_mpi_data.f 1>>make.out 2>>make.err
mpif77 -c -D__fortran -D__fortran77 -DMPIF2C -Zp8 -zero -traceback -DMPI2 -shared-intel -O2 -msse3 -axcore-avx2,core-avx-i -I../include -I../sip/include -I../../aces/aces_library/a2driver/aces2/include -I$MPIHOME/include  enter_request.f 1>>make.out 2>>make.err
mpif77 -c -D__fortran -D__fortran77 -DMPIF2C -Zp8 -zero -traceback -DMPI2 -shared-intel -O2 -msse3 -axcore-avx2,core-avx-i -I../include -I../sip/include -I../../aces/aces_library/a2driver/aces2/include -I$MPIHOME/include  build_company_platoon.f 1>>make.out 2>>make.err
mpif77 -c -D__fortran -D__fortran77 -DMPIF2C -Zp8 -zero -traceback -DMPI2 -shared-intel -O2 -msse3 -axcore-avx2,core-avx-i -I../include -I../sip/include -I../../aces/aces_library/a2driver/aces2/include -I$MPIHOME/include  f_strtoken.f 1>>make.out 2>>make.err
mpif77 -c -D__fortran -D__fortran77 -DMPIF2C -Zp8 -zero -traceback -DMPI2 -shared-intel -O2 -msse3 -axcore-avx2,core-avx-i -I../include -I../sip/include -I../../aces/aces_library/a2driver/aces2/include -I$MPIHOME/include  convert_chars.f 1>>make.out 2>>make.err
mpif77 -c -D__fortran -D__fortran77 -DMPIF2C -Zp8 -zero -traceback -DMPI2 -shared-intel -O2 -msse3 -axcore-avx2,core-avx-i -I../include -I../sip/include -I../../aces/aces_library/a2driver/aces2/include -I$MPIHOME/include  proto_error_event.f 1>>make.out 2>>make.err
mpif77 -c -D__fortran -D__fortran77 -DMPIF2C -Zp8 -zero -traceback -DMPI2 -shared-intel -O2 -msse3 -axcore-avx2,core-avx-i -I../include -I../sip/include -I../../aces/aces_library/a2driver/aces2/include -I$MPIHOME/include  assign_platoons.f 1>>make.out 2>>make.err
mpif77 -c -D__fortran -D__fortran77 -DMPIF2C -Zp8 -zero -traceback -DMPI2 -shared-intel -O2 -msse3 -axcore-avx2,core-avx-i -I../include -I../sip/include -I../../aces/aces_library/a2driver/aces2/include -I$MPIHOME/include  proto_assign_status.f 1>>make.out 2>>make.err
mpif77 -c -D__fortran -D__fortran77 -DMPIF2C -Zp8 -zero -traceback -DMPI2 -shared-intel -O2 -msse3 -axcore-avx2,core-avx-i -I../include -I../sip/include -I../../aces/aces_library/a2driver/aces2/include -I$MPIHOME/include  init_company.f 1>>make.out 2>>make.err
mpif77 -c -D__fortran -D__fortran77 -DMPIF2C -Zp8 -zero -traceback -DMPI2 -shared-intel -O2 -msse3 -axcore-avx2,core-avx-i -I../include -I../sip/include -I../../aces/aces_library/a2driver/aces2/include -I$MPIHOME/include  nulltrm.f 1>>make.out 2>>make.err
mpif77 -c -D__fortran -D__fortran77 -DMPIF2C -Zp8 -zero -traceback -DMPI2 -shared-intel -O2 -msse3 -axcore-avx2,core-avx-i -I../include -I../sip/include -I../../aces/aces_library/a2driver/aces2/include -I$MPIHOME/include  build_company.f 1>>make.out 2>>make.err
mpif77 -c -D__fortran -D__fortran77 -DMPIF2C -Zp8 -zero -traceback -DMPI2 -shared-intel -O2 -msse3 -axcore-avx2,core-avx-i -I../include -I../sip/include -I../../aces/aces_library/a2driver/aces2/include -I$MPIHOME/include  str_trimlen.f 1>>make.out 2>>make.err
mpif77 -c -D__fortran -D__fortran77 -DMPIF2C -Zp8 -zero -traceback -DMPI2 -shared-intel -O2 -msse3 -axcore-avx2,core-avx-i -I../include -I../sip/include -I../../aces/aces_library/a2driver/aces2/include -I$MPIHOME/include  clear_saved_requests.f 1>>make.out 2>>make.err
mpif77 -c -D__fortran -D__fortran77 -DMPIF2C -Zp8 -zero -traceback -DMPI2 -shared-intel -O2 -msse3 -axcore-avx2,core-avx-i -I../include -I../sip/include -I../../aces/aces_library/a2driver/aces2/include -I$MPIHOME/include  to_bytes.f 1>>make.out 2>>make.err
mpif77 -c -D__fortran -D__fortran77 -DMPIF2C -Zp8 -zero -traceback -DMPI2 -shared-intel -O2 -msse3 -axcore-avx2,core-avx-i -I../include -I../sip/include -I../../aces/aces_library/a2driver/aces2/include -I$MPIHOME/include  pst.f 1>>make.out 2>>make.err
mpif77 -c -D__fortran -D__fortran77 -DMPIF2C -Zp8 -zero -traceback -DMPI2 -shared-intel -O2 -msse3 -axcore-avx2,core-avx-i -I../include -I../sip/include -I../../aces/aces_library/a2driver/aces2/include -I$MPIHOME/include  assign_companies.f 1>>make.out 2>>make.err
mpif77 -c -D__fortran -D__fortran77 -DMPIF2C -Zp8 -zero -traceback -DMPI2 -shared-intel -O2 -msse3 -axcore-avx2,core-avx-i -I../include -I../sip/include -I../../aces/aces_library/a2driver/aces2/include -I$MPIHOME/include  bluegene_assign_companies.f 1>>make.out 2>>make.err
mpif77 -c -D__fortran -D__fortran77 -DMPIF2C -Zp8 -zero -traceback -DMPI2 -shared-intel -O2 -msse3 -axcore-avx2,core-avx-i -I../include -I../sip/include -I../../aces/aces_library/a2driver/aces2/include -I$MPIHOME/include  params.f 1>>make.out 2>>make.err
mpif77 -c -D__fortran -D__fortran77 -DMPIF2C -Zp8 -zero -traceback -DMPI2 -shared-intel -O2 -msse3 -axcore-avx2,core-avx-i -I../include -I../sip/include -I../../aces/aces_library/a2driver/aces2/include -I$MPIHOME/include  mem.f 1>>make.out 2>>make.err
mpicc -c -DMPIF2C -DC_SUFFIX  -DMPI2 -DCB_SUFFIX -shared-intel -O2 -msse3 -axcore-avx2,core-avx-i -I../include -I../sip/include -I../../aces/aces_library/a2driver/aces2/include -I$MPIHOME/include  c_timer.c 1>>make.out 2>>make.err
mpicc -c -DMPIF2C -DC_SUFFIX  -DMPI2 -DCB_SUFFIX -shared-intel -O2 -msse3 -axcore-avx2,core-avx-i -I../include -I../sip/include -I../../aces/aces_library/a2driver/aces2/include -I$MPIHOME/include  top_mem_free.c 1>>make.out 2>>make.err
mpicc -c -DMPIF2C -DC_SUFFIX  -DMPI2 -DCB_SUFFIX -shared-intel -O2 -msse3 -axcore-avx2,core-avx-i -I../include -I../sip/include -I../../aces/aces_library/a2driver/aces2/include -I$MPIHOME/include  c_flush_stdout.c 1>>make.out 2>>make.err
mpicc -c -DMPIF2C -DC_SUFFIX  -DMPI2 -DCB_SUFFIX -shared-intel -O2 -msse3 -axcore-avx2,core-avx-i -I../include -I../sip/include -I../../aces/aces_library/a2driver/aces2/include -I$MPIHOME/include  check_malloc.c 1>>make.out 2>>make.err
mpicc -c -DMPIF2C -DC_SUFFIX  -DMPI2 -DCB_SUFFIX -shared-intel -O2 -msse3 -axcore-avx2,core-avx-i -I../include -I../sip/include -I../../aces/aces_library/a2driver/aces2/include -I$MPIHOME/include  get_physmem.c 1>>make.out 2>>make.err
mpicc -c -DMPIF2C -DC_SUFFIX  -DMPI2 -DCB_SUFFIX -shared-intel -O2 -msse3 -axcore-avx2,core-avx-i -I../include -I../sip/include -I../../aces/aces_library/a2driver/aces2/include -I$MPIHOME/include  c_line_parse.c 1>>make.out 2>>make.err
mpicc -c -DMPIF2C -DC_SUFFIX  -DMPI2 -DCB_SUFFIX -shared-intel -O2 -msse3 -axcore-avx2,core-avx-i -I../include -I../sip/include -I../../aces/aces_library/a2driver/aces2/include -I$MPIHOME/include  convert_to_base_index.c 1>>make.out 2>>make.err
ar rv libframelib.a sleep_wrapper.o build_pst.o timer.o prt_time.o get_timestamp.o free_mpi_data.o enter_request.o build_company_platoon.o f_strtoken.o convert_chars.o proto_error_event.o assign_platoons.o proto_assign_status.o init_company.o nulltrm.o build_company.o str_trimlen.o clear_saved_requests.o to_bytes.o pst.o assign_companies.o bluegene_assign_companies.o params.o mem.o c_timer.o top_mem_free.o c_flush_stdout.o check_malloc.o get_physmem.o c_line_parse.o convert_to_base_index.o
ar: creating libframelib.a
a - sleep_wrapper.o
a - build_pst.o
a - timer.o
a - prt_time.o
a - get_timestamp.o
a - free_mpi_data.o
a - enter_request.o
a - build_company_platoon.o
a - f_strtoken.o
a - convert_chars.o
a - proto_error_event.o
a - assign_platoons.o
a - proto_assign_status.o
a - init_company.o
a - nulltrm.o
a - build_company.o
a - str_trimlen.o
a - clear_saved_requests.o
a - to_bytes.o
a - pst.o
a - assign_companies.o
a - bluegene_assign_companies.o
a - params.o
a - mem.o
a - c_timer.o
a - top_mem_free.o
a - c_flush_stdout.o
a - check_malloc.o
a - get_physmem.o
a - c_line_parse.o
a - convert_to_base_index.o
cp libframelib.a ../../../lib/libframelib.a
rm -f make.out make.err
gmake[3]: Leaving directory `/home/perera/Develop/TTU_devls/acesiii/src/sia/framelib'
gmake[3]: Entering directory `/home/perera/Develop/TTU_devls/acesiii/src/sia/manager'
rm -f make.out make.err
mpif77 -c -D__fortran -D__fortran77 -DMPIF2C -Zp8 -zero -traceback -DMPI2 -shared-intel -O2 -msse3 -axcore-avx2,core-avx-i -I../include -I../../aces/aces_library/a2driver/aces2/include -I$MPIHOME/include  process_server_blocks_to_list_no_mpi_io.F 1>>make.out 2>>make.err
mpif77 -c -D__fortran -D__fortran77 -DMPIF2C -Zp8 -zero -traceback -DMPI2 -shared-intel -O2 -msse3 -axcore-avx2,core-avx-i -I../include -I../../aces/aces_library/a2driver/aces2/include -I$MPIHOME/include  check_work_stack_for_delay.F 1>>make.out 2>>make.err
mpif77 -c -D__fortran -D__fortran77 -DMPIF2C -Zp8 -zero -traceback -DMPI2 -shared-intel -O2 -msse3 -axcore-avx2,core-avx-i -I../include -I../../aces/aces_library/a2driver/aces2/include -I$MPIHOME/include  process_server_list_to_blocks_msg.F 1>>make.out 2>>make.err
mpif77 -c -D__fortran -D__fortran77 -DMPIF2C -Zp8 -zero -traceback -DMPI2 -shared-intel -O2 -msse3 -axcore-avx2,core-avx-i -I../include -I../../aces/aces_library/a2driver/aces2/include -I$MPIHOME/include  process_server_copy_message.F 1>>make.out 2>>make.err
mpif77 -c -D__fortran -D__fortran77 -DMPIF2C -Zp8 -zero -traceback -DMPI2 -shared-intel -O2 -msse3 -axcore-avx2,core-avx-i -I../include -I../../aces/aces_library/a2driver/aces2/include -I$MPIHOME/include  process_server_restart_msg.F 1>>make.out 2>>make.err
mpif77 -c -D__fortran -D__fortran77 -DMPIF2C -Zp8 -zero -traceback -DMPI2 -shared-intel -O2 -msse3 -axcore-avx2,core-avx-i -I../include -I../../aces/aces_library/a2driver/aces2/include -I$MPIHOME/include  process_request_message.F 1>>make.out 2>>make.err
mpif77 -c -D__fortran -D__fortran77 -DMPIF2C -Zp8 -zero -traceback -DMPI2 -shared-intel -O2 -msse3 -axcore-avx2,core-avx-i -I../include -I../../aces/aces_library/a2driver/aces2/include -I$MPIHOME/include  do_backup.F 1>>make.out 2>>make.err
mpif77 -c -D__fortran -D__fortran77 -DMPIF2C -Zp8 -zero -traceback -DMPI2 -shared-intel -O2 -msse3 -axcore-avx2,core-avx-i -I../include -I../../aces/aces_library/a2driver/aces2/include -I$MPIHOME/include  print_server_data.F 1>>make.out 2>>make.err
mpif77 -c -D__fortran -D__fortran77 -DMPIF2C -Zp8 -zero -traceback -DMPI2 -shared-intel -O2 -msse3 -axcore-avx2,core-avx-i -I../include -I../../aces/aces_library/a2driver/aces2/include -I$MPIHOME/include  process_server_commit_msg.F 1>>make.out 2>>make.err
mpif77 -c -D__fortran -D__fortran77 -DMPIF2C -Zp8 -zero -traceback -DMPI2 -shared-intel -O2 -msse3 -axcore-avx2,core-avx-i -I../include -I../../aces/aces_library/a2driver/aces2/include -I$MPIHOME/include  process_server_delete_message.F 1>>make.out 2>>make.err
mpif77 -c -D__fortran -D__fortran77 -DMPIF2C -Zp8 -zero -traceback -DMPI2 -shared-intel -O2 -msse3 -axcore-avx2,core-avx-i -I../include -I../../aces/aces_library/a2driver/aces2/include -I$MPIHOME/include  sip_server_init.F 1>>make.out 2>>make.err
mpif77 -c -D__fortran -D__fortran77 -DMPIF2C -Zp8 -zero -traceback -DMPI2 -shared-intel -O2 -msse3 -axcore-avx2,core-avx-i -I../include -I../../aces/aces_library/a2driver/aces2/include -I$MPIHOME/include  process_server_checkpoint_msg.F 1>>make.out 2>>make.err
mpif77 -c -D__fortran -D__fortran77 -DMPIF2C -Zp8 -zero -traceback -DMPI2 -shared-intel -O2 -msse3 -axcore-avx2,core-avx-i -I../include -I../../aces/aces_library/a2driver/aces2/include -I$MPIHOME/include  prequest_copy_slice.F 1>>make.out 2>>make.err
mpif77 -c -D__fortran -D__fortran77 -DMPIF2C -Zp8 -zero -traceback -DMPI2 -shared-intel -O2 -msse3 -axcore-avx2,core-avx-i -I../include -I../../aces/aces_library/a2driver/aces2/include -I$MPIHOME/include  process_prepare_message.F 1>>make.out 2>>make.err
mpif77 -c -D__fortran -D__fortran77 -DMPIF2C -Zp8 -zero -traceback -DMPI2 -shared-intel -O2 -msse3 -axcore-avx2,core-avx-i -I../include -I../../aces/aces_library/a2driver/aces2/include -I$MPIHOME/include  sip_server_work.F 1>>make.out 2>>make.err
mpif77 -c -D__fortran -D__fortran77 -DMPIF2C -Zp8 -zero -traceback -DMPI2 -shared-intel -O2 -msse3 -axcore-avx2,core-avx-i -I../include -I../../aces/aces_library/a2driver/aces2/include -I$MPIHOME/include  process_preparesum_message.F 1>>make.out 2>>make.err
mpif77 -c -D__fortran -D__fortran77 -DMPIF2C -Zp8 -zero -traceback -DMPI2 -shared-intel -O2 -msse3 -axcore-avx2,core-avx-i -I../include -I../../aces/aces_library/a2driver/aces2/include -I$MPIHOME/include  process_server_blocks_to_list_msg.F 1>>make.out 2>>make.err
mpif77 -c -D__fortran -D__fortran77 -DMPIF2C -Zp8 -zero -traceback -DMPI2 -shared-intel -O2 -msse3 -axcore-avx2,core-avx-i -I../include -I../../aces/aces_library/a2driver/aces2/include -I$MPIHOME/include  find_free_diskloc.F 1>>make.out 2>>make.err
mpif77 -c -D__fortran -D__fortran77 -DMPIF2C -Zp8 -zero -traceback -DMPI2 -shared-intel -O2 -msse3 -axcore-avx2,core-avx-i -I../include -I../../aces/aces_library/a2driver/aces2/include -I$MPIHOME/include  process_prequest_message.F 1>>make.out 2>>make.err
mpif77 -c -D__fortran -D__fortran77 -DMPIF2C -Zp8 -zero -traceback -DMPI2 -shared-intel -O2 -msse3 -axcore-avx2,core-avx-i -I../include -I../../aces/aces_library/a2driver/aces2/include -I$MPIHOME/include  push_work_node.f 1>>make.out 2>>make.err
mpif77 -c -D__fortran -D__fortran77 -DMPIF2C -Zp8 -zero -traceback -DMPI2 -shared-intel -O2 -msse3 -axcore-avx2,core-avx-i -I../include -I../../aces/aces_library/a2driver/aces2/include -I$MPIHOME/include  find_clean_block.f 1>>make.out 2>>make.err
mpif77 -c -D__fortran -D__fortran77 -DMPIF2C -Zp8 -zero -traceback -DMPI2 -shared-intel -O2 -msse3 -axcore-avx2,core-avx-i -I../include -I../../aces/aces_library/a2driver/aces2/include -I$MPIHOME/include  mark_block_dirty.f 1>>make.out 2>>make.err
mpif77 -c -D__fortran -D__fortran77 -DMPIF2C -Zp8 -zero -traceback -DMPI2 -shared-intel -O2 -msse3 -axcore-avx2,core-avx-i -I../include -I../../aces/aces_library/a2driver/aces2/include -I$MPIHOME/include  ptr_check.f 1>>make.out 2>>make.err
mpif77 -c -D__fortran -D__fortran77 -DMPIF2C -Zp8 -zero -traceback -DMPI2 -shared-intel -O2 -msse3 -axcore-avx2,core-avx-i -I../include -I../../aces/aces_library/a2driver/aces2/include -I$MPIHOME/include  push_clean_block.f 1>>make.out 2>>make.err
mpif77 -c -D__fortran -D__fortran77 -DMPIF2C -Zp8 -zero -traceback -DMPI2 -shared-intel -O2 -msse3 -axcore-avx2,core-avx-i -I../include -I../../aces/aces_library/a2driver/aces2/include -I$MPIHOME/include  check_consistency.f 1>>make.out 2>>make.err
mpif77 -c -D__fortran -D__fortran77 -DMPIF2C -Zp8 -zero -traceback -DMPI2 -shared-intel -O2 -msse3 -axcore-avx2,core-avx-i -I../include -I../../aces/aces_library/a2driver/aces2/include -I$MPIHOME/include  translate_key.f 1>>make.out 2>>make.err
mpif77 -c -D__fortran -D__fortran77 -DMPIF2C -Zp8 -zero -traceback -DMPI2 -shared-intel -O2 -msse3 -axcore-avx2,core-avx-i -I../include -I../../aces/aces_library/a2driver/aces2/include -I$MPIHOME/include  make_free_block.f 1>>make.out 2>>make.err
mpif77 -c -D__fortran -D__fortran77 -DMPIF2C -Zp8 -zero -traceback -DMPI2 -shared-intel -O2 -msse3 -axcore-avx2,core-avx-i -I../include -I../../aces/aces_library/a2driver/aces2/include -I$MPIHOME/include  process_work_queue_entry.f 1>>make.out 2>>make.err
mpif77 -c -D__fortran -D__fortran77 -DMPIF2C -Zp8 -zero -traceback -DMPI2 -shared-intel -O2 -msse3 -axcore-avx2,core-avx-i -I../include -I../../aces/aces_library/a2driver/aces2/include -I$MPIHOME/include  remove_work_head.f 1>>make.out 2>>make.err
mpif77 -c -D__fortran -D__fortran77 -DMPIF2C -Zp8 -zero -traceback -DMPI2 -shared-intel -O2 -msse3 -axcore-avx2,core-avx-i -I../include -I../../aces/aces_library/a2driver/aces2/include -I$MPIHOME/include  check_preparesum_work.f 1>>make.out 2>>make.err
mpif77 -c -D__fortran -D__fortran77 -DMPIF2C -Zp8 -zero -traceback -DMPI2 -shared-intel -O2 -msse3 -axcore-avx2,core-avx-i -I../include -I../../aces/aces_library/a2driver/aces2/include -I$MPIHOME/include  check_for_server_array.f 1>>make.out 2>>make.err
mpif77 -c -D__fortran -D__fortran77 -DMPIF2C -Zp8 -zero -traceback -DMPI2 -shared-intel -O2 -msse3 -axcore-avx2,core-avx-i -I../include -I../../aces/aces_library/a2driver/aces2/include -I$MPIHOME/include  clear_server_stats.f 1>>make.out 2>>make.err
mpif77 -c -D__fortran -D__fortran77 -DMPIF2C -Zp8 -zero -traceback -DMPI2 -shared-intel -O2 -msse3 -axcore-avx2,core-avx-i -I../include -I../../aces/aces_library/a2driver/aces2/include -I$MPIHOME/include  mark_block_clean.f 1>>make.out 2>>make.err
mpif77 -c -D__fortran -D__fortran77 -DMPIF2C -Zp8 -zero -traceback -DMPI2 -shared-intel -O2 -msse3 -axcore-avx2,core-avx-i -I../include -I../../aces/aces_library/a2driver/aces2/include -I$MPIHOME/include  remove_from_dirty_list.f 1>>make.out 2>>make.err
mpif77 -c -D__fortran -D__fortran77 -DMPIF2C -Zp8 -zero -traceback -DMPI2 -shared-intel -O2 -msse3 -axcore-avx2,core-avx-i -I../include -I../../aces/aces_library/a2driver/aces2/include -I$MPIHOME/include  distribute_server_info.f 1>>make.out 2>>make.err
mpif77 -c -D__fortran -D__fortran77 -DMPIF2C -Zp8 -zero -traceback -DMPI2 -shared-intel -O2 -msse3 -axcore-avx2,core-avx-i -I../include -I../../aces/aces_library/a2driver/aces2/include -I$MPIHOME/include  insert_work_node.f 1>>make.out 2>>make.err
mpif77 -c -D__fortran -D__fortran77 -DMPIF2C -Zp8 -zero -traceback -DMPI2 -shared-intel -O2 -msse3 -axcore-avx2,core-avx-i -I../include -I../../aces/aces_library/a2driver/aces2/include -I$MPIHOME/include  find_server_table_ptr.f 1>>make.out 2>>make.err
mpif77 -c -D__fortran -D__fortran77 -DMPIF2C -Zp8 -zero -traceback -DMPI2 -shared-intel -O2 -msse3 -axcore-avx2,core-avx-i -I../include -I../../aces/aces_library/a2driver/aces2/include -I$MPIHOME/include  pop_clean_block.f 1>>make.out 2>>make.err
mpif77 -c -D__fortran -D__fortran77 -DMPIF2C -Zp8 -zero -traceback -DMPI2 -shared-intel -O2 -msse3 -axcore-avx2,core-avx-i -I../include -I../../aces/aces_library/a2driver/aces2/include -I$MPIHOME/include  server_abort_job.f 1>>make.out 2>>make.err
mpif77 -c -D__fortran -D__fortran77 -DMPIF2C -Zp8 -zero -traceback -DMPI2 -shared-intel -O2 -msse3 -axcore-avx2,core-avx-i -I../include -I../../aces/aces_library/a2driver/aces2/include -I$MPIHOME/include  find_oldest_dirty_block.f 1>>make.out 2>>make.err
mpif77 -c -D__fortran -D__fortran77 -DMPIF2C -Zp8 -zero -traceback -DMPI2 -shared-intel -O2 -msse3 -axcore-avx2,core-avx-i -I../include -I../../aces/aces_library/a2driver/aces2/include -I$MPIHOME/include  claim_memory_block.f 1>>make.out 2>>make.err
mpif77 -c -D__fortran -D__fortran77 -DMPIF2C -Zp8 -zero -traceback -DMPI2 -shared-intel -O2 -msse3 -axcore-avx2,core-avx-i -I../include -I../../aces/aces_library/a2driver/aces2/include -I$MPIHOME/include  pop_work_node.f 1>>make.out 2>>make.err
mpicc -c -DMPIF2C -DC_SUFFIX  -DMPI2 -DCB_SUFFIX -shared-intel -O2 -msse3 -axcore-avx2,core-avx-i -I../include -I../../aces/aces_library/a2driver/aces2/include -I$MPIHOME/include  syscopy.c 1>>make.out 2>>make.err
mpicc -c -DMPIF2C -DC_SUFFIX  -DMPI2 -DCB_SUFFIX -shared-intel -O2 -msse3 -axcore-avx2,core-avx-i -I../include -I../../aces/aces_library/a2driver/aces2/include -I$MPIHOME/include  diskcall.c 1>>make.out 2>>make.err
rm -f make.out make.err
gmake[3]: Leaving directory `/home/perera/Develop/TTU_devls/acesiii/src/sia/manager'
gmake[2]: Leaving directory `/home/perera/Develop/TTU_devls/acesiii/src/sia'
gmake[2]: Entering directory `/home/perera/Develop/TTU_devls/acesiii/src/sial_compiler'
gmake[3]: Entering directory `/home/perera/Develop/TTU_devls/acesiii/src/sial_compiler/sial'
rm -f make.out make.err
mpicc -c -DMPIF2C -DC_SUFFIX  -DMPI2 -DCB_SUFFIX -shared-intel -O2 -msse3 -axcore-avx2,core-avx-i -I../../sia/include -I../../aces/aces_library/a2driver/aces2/include/ -I$MPIHOME/include  interpretface.c 1>>make.out 2>>make.err
mpicc -c -DMPIF2C -DC_SUFFIX  -DMPI2 -DCB_SUFFIX -shared-intel -O2 -msse3 -axcore-avx2,core-avx-i -I../../sia/include -I../../aces/aces_library/a2driver/aces2/include/ -I$MPIHOME/include  interfacec.c 1>>make.out 2>>make.err
mpicxx -c -DMPIF2C -DC_SUFFIX -DCB_SUFFIX  -DMPI2 -shared-intel -O2 -msse3 -axcore-avx2,core-avx-i -I../../sia/include -I../../aces/aces_library/a2driver/aces2/include/ -I$MPIHOME/include  syntax.cpp 1>>make.out 2>>make.err
mpicxx -c -DMPIF2C -DC_SUFFIX -DCB_SUFFIX  -DMPI2 -shared-intel -O2 -msse3 -axcore-avx2,core-avx-i -I../../sia/include -I../../aces/aces_library/a2driver/aces2/include/ -I$MPIHOME/include  variable.cpp 1>>make.out 2>>make.err
mpicxx -c -DMPIF2C -DC_SUFFIX -DCB_SUFFIX  -DMPI2 -shared-intel -O2 -msse3 -axcore-avx2,core-avx-i -I../../sia/include -I../../aces/aces_library/a2driver/aces2/include/ -I$MPIHOME/include  interpret.cpp 1>>make.out 2>>make.err
mpicxx -c -DMPIF2C -DC_SUFFIX -DCB_SUFFIX  -DMPI2 -shared-intel -O2 -msse3 -axcore-avx2,core-avx-i -I../../sia/include -I../../aces/aces_library/a2driver/aces2/include/ -I$MPIHOME/include  errorhl.cpp 1>>make.out 2>>make.err
mpicxx -c -DMPIF2C -DC_SUFFIX -DCB_SUFFIX  -DMPI2 -shared-intel -O2 -msse3 -axcore-avx2,core-avx-i -I../../sia/include -I../../aces/aces_library/a2driver/aces2/include/ -I$MPIHOME/include  lexical.cpp 1>>make.out 2>>make.err
mpicxx -c -DMPIF2C -DC_SUFFIX -DCB_SUFFIX  -DMPI2 -shared-intel -O2 -msse3 -axcore-avx2,core-avx-i -I../../sia/include -I../../aces/aces_library/a2driver/aces2/include/ -I$MPIHOME/include  instruct.cpp 1>>make.out 2>>make.err
mpicxx -c -DMPIF2C -DC_SUFFIX -DCB_SUFFIX  -DMPI2 -shared-intel -O2 -msse3 -axcore-avx2,core-avx-i -I../../sia/include -I../../aces/aces_library/a2driver/aces2/include/ -I$MPIHOME/include  qcarray.cpp 1>>make.out 2>>make.err
ar rv libsial.a   interpretface.o interfacec.o syntax.o variable.o interpret.o errorhl.o lexical.o instruct.o qcarray.o 
ar: creating libsial.a
a - interpretface.o
a - interfacec.o
a - syntax.o
a - variable.o
a - interpret.o
a - errorhl.o
a - lexical.o
a - instruct.o
a - qcarray.o
cp libsial.a ../../../lib/libsial.a
rm -f make.out make.err
gmake[3]: Leaving directory `/home/perera/Develop/TTU_devls/acesiii/src/sial_compiler/sial'
gmake[3]: Entering directory `/home/perera/Develop/TTU_devls/acesiii/src/sial_compiler/compiler'
rm -f make.out make.err
mpicxx -c -DMPIF2C -DC_SUFFIX -DCB_SUFFIX  -DMPI2 -shared-intel -O2 -msse3 -axcore-avx2,core-avx-i -I../../sia/include -I../sial -I../../aces/aces_library/a2driver/aces2/include/ -I$MPIHOME/include  -I../../aces/aces_sial/ sial.cpp 1>>make.out 2>>make.err
icpc -DMPIF2C -DC_SUFFIX -DCB_SUFFIX  -DMPI2 -shared-intel -O2 -msse3 -axcore-avx2,core-avx-i -I../../sia/include -I../sial -I../../aces/aces_library/a2driver/aces2/include/ -I$MPIHOME/include  -I../../aces/aces_sial/ -L../../../lib -L. -o sial \
   sial.o  \
-lsial -lsip_shared -laces2  -lifcore \
&& test -x sial || rm -f sial
cp sial ../../../bin/sial
rm -f make.out make.err
gmake[3]: Leaving directory `/home/perera/Develop/TTU_devls/acesiii/src/sial_compiler/compiler'
gmake[2]: Leaving directory `/home/perera/Develop/TTU_devls/acesiii/src/sial_compiler'
gmake[2]: Entering directory `/home/perera/Develop/TTU_devls/acesiii/src/aces/aces_sial'
rm -f make.out make.err
../../../bin/sial hess/hess_rhf_mp2_seg.sial && cp hess/hess_rhf_mp2_seg.sio ../../../bin/sio
input  file: hess/hess_rhf_mp2_seg.sial
output file: hess/hess_rhf_mp2_seg.sio
    No compilation errors
Writing tables to hess/hess_rhf_mp2_seg.sio

SIO (Super Instruction Object) file is saved to "hess/hess_rhf_mp2_seg.sio".
../../../bin/sial hess/hess_uhf_mp2_seg.sial && cp hess/hess_uhf_mp2_seg.sio ../../../bin/sio
input  file: hess/hess_uhf_mp2_seg.sial
output file: hess/hess_uhf_mp2_seg.sio
    No compilation errors
Writing tables to hess/hess_uhf_mp2_seg.sio

SIO (Super Instruction Object) file is saved to "hess/hess_uhf_mp2_seg.sio".
../../../bin/sial hess/hess_uhf_scf.sial && cp hess/hess_uhf_scf.sio ../../../bin/sio
input  file: hess/hess_uhf_scf.sial
output file: hess/hess_uhf_scf.sio
    No compilation errors
Writing tables to hess/hess_uhf_scf.sio

SIO (Super Instruction Object) file is saved to "hess/hess_uhf_scf.sio".
../../../bin/sial perturb_lcc_lt/LCCSD_Lxyz.sial && cp perturb_lcc_lt/LCCSD_Lxyz.sio ../../../bin/sio
input  file: perturb_lcc_lt/LCCSD_Lxyz.sial
output file: perturb_lcc_lt/LCCSD_Lxyz.sio
    No compilation errors
Writing tables to perturb_lcc_lt/LCCSD_Lxyz.sio

SIO (Super Instruction Object) file is saved to "perturb_lcc_lt/LCCSD_Lxyz.sio".
../../../bin/sial perturb_lcc_lt/MBPT2_1resp_asym_1D.sial && cp perturb_lcc_lt/MBPT2_1resp_asym_1D.sio ../../../bin/sio
input  file: perturb_lcc_lt/MBPT2_1resp_asym_1D.sial
output file: perturb_lcc_lt/MBPT2_1resp_asym_1D.sio
    No compilation errors
Writing tables to perturb_lcc_lt/MBPT2_1resp_asym_1D.sio

SIO (Super Instruction Object) file is saved to "perturb_lcc_lt/MBPT2_1resp_asym_1D.sio".
../../../bin/sial perturb_lcc_lt/LCCSD_1resp_asym_1D.sial && cp perturb_lcc_lt/LCCSD_1resp_asym_1D.sio ../../../bin/sio
input  file: perturb_lcc_lt/LCCSD_1resp_asym_1D.sial
output file: perturb_lcc_lt/LCCSD_1resp_asym_1D.sio
    No compilation errors
Writing tables to perturb_lcc_lt/LCCSD_1resp_asym_1D.sio

SIO (Super Instruction Object) file is saved to "perturb_lcc_lt/LCCSD_1resp_asym_1D.sio".
../../../bin/sial perturb_lcc_lt/MBPT2_UHF.sial && cp perturb_lcc_lt/MBPT2_UHF.sio ../../../bin/sio
input  file: perturb_lcc_lt/MBPT2_UHF.sial
output file: perturb_lcc_lt/MBPT2_UHF.sio
    No compilation errors
Writing tables to perturb_lcc_lt/MBPT2_UHF.sio

SIO (Super Instruction Object) file is saved to "perturb_lcc_lt/MBPT2_UHF.sio".
../../../bin/sial perturb_lcc_lt/lleft_uhf_ao_sv1_new.sial && cp perturb_lcc_lt/lleft_uhf_ao_sv1_new.sio ../../../bin/sio
input  file: perturb_lcc_lt/lleft_uhf_ao_sv1_new.sial
output file: perturb_lcc_lt/lleft_uhf_ao_sv1_new.sio
    No compilation errors
Writing tables to perturb_lcc_lt/lleft_uhf_ao_sv1_new.sio

SIO (Super Instruction Object) file is saved to "perturb_lcc_lt/lleft_uhf_ao_sv1_new.sio".
../../../bin/sial perturb_lcc_lt/LCCSD_UHF.sial && cp perturb_lcc_lt/LCCSD_UHF.sio ../../../bin/sio
input  file: perturb_lcc_lt/LCCSD_UHF.sial
output file: perturb_lcc_lt/LCCSD_UHF.sio
    No compilation errors
Writing tables to perturb_lcc_lt/LCCSD_UHF.sio

SIO (Super Instruction Object) file is saved to "perturb_lcc_lt/LCCSD_UHF.sio".
../../../bin/sial perturb_lcc_lt/LCCSD_Txyz_UHF.sial && cp perturb_lcc_lt/LCCSD_Txyz_UHF.sio ../../../bin/sio
input  file: perturb_lcc_lt/LCCSD_Txyz_UHF.sial
output file: perturb_lcc_lt/LCCSD_Txyz_UHF.sio
    No compilation errors
Writing tables to perturb_lcc_lt/LCCSD_Txyz_UHF.sio

SIO (Super Instruction Object) file is saved to "perturb_lcc_lt/LCCSD_Txyz_UHF.sio".
../../../bin/sial perturb_lcc_lt/LCCSD_0resp_1D.sial && cp perturb_lcc_lt/LCCSD_0resp_1D.sio ../../../bin/sio
input  file: perturb_lcc_lt/LCCSD_0resp_1D.sial
output file: perturb_lcc_lt/LCCSD_0resp_1D.sio
    No compilation errors
Writing tables to perturb_lcc_lt/LCCSD_0resp_1D.sio

SIO (Super Instruction Object) file is saved to "perturb_lcc_lt/LCCSD_0resp_1D.sio".
../../../bin/sial perturb_lcc_lt/LCCSD_0relx_1D.sial && cp perturb_lcc_lt/LCCSD_0relx_1D.sio ../../../bin/sio
input  file: perturb_lcc_lt/LCCSD_0relx_1D.sial
output file: perturb_lcc_lt/LCCSD_0relx_1D.sio
    No compilation errors
Writing tables to perturb_lcc_lt/LCCSD_0relx_1D.sio

SIO (Super Instruction Object) file is saved to "perturb_lcc_lt/LCCSD_0relx_1D.sio".
../../../bin/sial perturb_lcc_lt/MBPT2_1resp_sym_1D.sial && cp perturb_lcc_lt/MBPT2_1resp_sym_1D.sio ../../../bin/sio
input  file: perturb_lcc_lt/MBPT2_1resp_sym_1D.sial
output file: perturb_lcc_lt/MBPT2_1resp_sym_1D.sio
    No compilation errors
Writing tables to perturb_lcc_lt/MBPT2_1resp_sym_1D.sio

SIO (Super Instruction Object) file is saved to "perturb_lcc_lt/MBPT2_1resp_sym_1D.sio".
../../../bin/sial perturb_lcc_lt/LCCSD_1resp_sym_1D.sial && cp perturb_lcc_lt/LCCSD_1resp_sym_1D.sio ../../../bin/sio
input  file: perturb_lcc_lt/LCCSD_1resp_sym_1D.sial
output file: perturb_lcc_lt/LCCSD_1resp_sym_1D.sio
    No compilation errors
Writing tables to perturb_lcc_lt/LCCSD_1resp_sym_1D.sio

SIO (Super Instruction Object) file is saved to "perturb_lcc_lt/LCCSD_1resp_sym_1D.sio".
../../../bin/sial dip/eom_dip_singlets.sial && cp dip/eom_dip_singlets.sio ../../../bin/sio
input  file: dip/eom_dip_singlets.sial
output file: dip/eom_dip_singlets.sio
    No compilation errors
Writing tables to dip/eom_dip_singlets.sio

SIO (Super Instruction Object) file is saved to "dip/eom_dip_singlets.sio".
../../../bin/sial dip/eom_dip_left_triplets.sial && cp dip/eom_dip_left_triplets.sio ../../../bin/sio
input  file: dip/eom_dip_left_triplets.sial
output file: dip/eom_dip_left_triplets.sio
    No compilation errors
Writing tables to dip/eom_dip_left_triplets.sio

SIO (Super Instruction Object) file is saved to "dip/eom_dip_left_triplets.sio".
../../../bin/sial dip/eom_dip_triplets.sial && cp dip/eom_dip_triplets.sio ../../../bin/sio
input  file: dip/eom_dip_triplets.sial
output file: dip/eom_dip_triplets.sio
    No compilation errors
Writing tables to dip/eom_dip_triplets.sio

SIO (Super Instruction Object) file is saved to "dip/eom_dip_triplets.sio".
../../../bin/sial dip/eom_dip_left_singlets.sial && cp dip/eom_dip_left_singlets.sio ../../../bin/sio
input  file: dip/eom_dip_left_singlets.sial
output file: dip/eom_dip_left_singlets.sio
    No compilation errors
Writing tables to dip/eom_dip_left_singlets.sio

SIO (Super Instruction Object) file is saved to "dip/eom_dip_left_singlets.sio".
../../../bin/sial eomgrad/ccsd_uhf_grad.sial && cp eomgrad/ccsd_uhf_grad.sio ../../../bin/sio
input  file: eomgrad/ccsd_uhf_grad.sial
output file: eomgrad/ccsd_uhf_grad.sio
    No compilation errors
Writing tables to eomgrad/ccsd_uhf_grad.sio

SIO (Super Instruction Object) file is saved to "eomgrad/ccsd_uhf_grad.sio".
../../../bin/sial eomgrad/works_eomccsd_grad.sial && cp eomgrad/works_eomccsd_grad.sio ../../../bin/sio
input  file: eomgrad/works_eomccsd_grad.sial
output file: eomgrad/works_eomccsd_grad.sio
    No compilation errors
Writing tables to eomgrad/works_eomccsd_grad.sio

SIO (Super Instruction Object) file is saved to "eomgrad/works_eomccsd_grad.sio".
../../../bin/sial eomgrad/works_hfco.sial && cp eomgrad/works_hfco.sio ../../../bin/sio
input  file: eomgrad/works_hfco.sial
output file: eomgrad/works_hfco.sio
    No compilation errors
Writing tables to eomgrad/works_hfco.sio

SIO (Super Instruction Object) file is saved to "eomgrad/works_hfco.sio".
../../../bin/sial eomgrad/eomccsd_uhf_grad.sial && cp eomgrad/eomccsd_uhf_grad.sio ../../../bin/sio
input  file: eomgrad/eomccsd_uhf_grad.sial
output file: eomgrad/eomccsd_uhf_grad.sio
    No compilation errors
Writing tables to eomgrad/eomccsd_uhf_grad.sio

SIO (Super Instruction Object) file is saved to "eomgrad/eomccsd_uhf_grad.sio".
../../../bin/sial eomgrad/xleom_rhf_grad_setup.sial && cp eomgrad/xleom_rhf_grad_setup.sio ../../../bin/sio
input  file: eomgrad/xleom_rhf_grad_setup.sial
output file: eomgrad/xleom_rhf_grad_setup.sio
    No compilation errors
Writing tables to eomgrad/xleom_rhf_grad_setup.sio

SIO (Super Instruction Object) file is saved to "eomgrad/xleom_rhf_grad_setup.sio".
../../../bin/sial eomgrad/eom_1_2_density_rhf.sial && cp eomgrad/eom_1_2_density_rhf.sio ../../../bin/sio
input  file: eomgrad/eom_1_2_density_rhf.sial
output file: eomgrad/eom_1_2_density_rhf.sio
    No compilation errors
Writing tables to eomgrad/eom_1_2_density_rhf.sio

SIO (Super Instruction Object) file is saved to "eomgrad/eom_1_2_density_rhf.sio".
../../../bin/sial eomgrad/xi_uhf_template.sial && cp eomgrad/xi_uhf_template.sio ../../../bin/sio
input  file: eomgrad/xi_uhf_template.sial
output file: eomgrad/xi_uhf_template.sio
    No compilation errors
Writing tables to eomgrad/xi_uhf_template.sio

SIO (Super Instruction Object) file is saved to "eomgrad/xi_uhf_template.sio".
../../../bin/sial eomgrad/xi_works.sial && cp eomgrad/xi_works.sio ../../../bin/sio
input  file: eomgrad/xi_works.sial
output file: eomgrad/xi_works.sio
    No compilation errors
Writing tables to eomgrad/xi_works.sio

SIO (Super Instruction Object) file is saved to "eomgrad/xi_works.sio".
../../../bin/sial eomgrad/works_eomccsd_grad_1.sial && cp eomgrad/works_eomccsd_grad_1.sio ../../../bin/sio
input  file: eomgrad/works_eomccsd_grad_1.sial
output file: eomgrad/works_eomccsd_grad_1.sio
    No compilation errors
Writing tables to eomgrad/works_eomccsd_grad_1.sio

SIO (Super Instruction Object) file is saved to "eomgrad/works_eomccsd_grad_1.sio".
../../../bin/sial eomgrad/ccsd_rhf_grad.sial && cp eomgrad/ccsd_rhf_grad.sio ../../../bin/sio
input  file: eomgrad/ccsd_rhf_grad.sial
output file: eomgrad/ccsd_rhf_grad.sio
    No compilation errors
Writing tables to eomgrad/ccsd_rhf_grad.sio

SIO (Super Instruction Object) file is saved to "eomgrad/ccsd_rhf_grad.sio".
../../../bin/sial eomgrad/ccsd_rhf_grad_works.sial && cp eomgrad/ccsd_rhf_grad_works.sio ../../../bin/sio
input  file: eomgrad/ccsd_rhf_grad_works.sial
output file: eomgrad/ccsd_rhf_grad_works.sio
    No compilation errors
Writing tables to eomgrad/ccsd_rhf_grad_works.sio

SIO (Super Instruction Object) file is saved to "eomgrad/ccsd_rhf_grad_works.sio".
../../../bin/sial eomgrad/2_dens_eom_uhf_template.sial && cp eomgrad/2_dens_eom_uhf_template.sio ../../../bin/sio
input  file: eomgrad/2_dens_eom_uhf_template.sial
output file: eomgrad/2_dens_eom_uhf_template.sio
    No compilation errors
Writing tables to eomgrad/2_dens_eom_uhf_template.sio

SIO (Super Instruction Object) file is saved to "eomgrad/2_dens_eom_uhf_template.sio".
../../../bin/sial eomgrad/works_water_eomccsd_grad.sial && cp eomgrad/works_water_eomccsd_grad.sio ../../../bin/sio
input  file: eomgrad/works_water_eomccsd_grad.sial
output file: eomgrad/works_water_eomccsd_grad.sio
    No compilation errors
Writing tables to eomgrad/works_water_eomccsd_grad.sio

SIO (Super Instruction Object) file is saved to "eomgrad/works_water_eomccsd_grad.sio".
../../../bin/sial eomgrad/eomccsd_rhf_grad.sial && cp eomgrad/eomccsd_rhf_grad.sio ../../../bin/sio
input  file: eomgrad/eomccsd_rhf_grad.sial
output file: eomgrad/eomccsd_rhf_grad.sio
    No compilation errors
Writing tables to eomgrad/eomccsd_rhf_grad.sio

SIO (Super Instruction Object) file is saved to "eomgrad/eomccsd_rhf_grad.sio".
../../../bin/sial ccsdpt/lccsdpt_aab_psect.sial && cp ccsdpt/lccsdpt_aab_psect.sio ../../../bin/sio
input  file: ccsdpt/lccsdpt_aab_psect.sial
output file: ccsdpt/lccsdpt_aab_psect.sio
    No compilation errors
Writing tables to ccsdpt/lccsdpt_aab_psect.sio

SIO (Super Instruction Object) file is saved to "ccsdpt/lccsdpt_aab_psect.sio".
../../../bin/sial ccsdpt/urccsdpt_bbb.sial && cp ccsdpt/urccsdpt_bbb.sio ../../../bin/sio
input  file: ccsdpt/urccsdpt_bbb.sial
output file: ccsdpt/urccsdpt_bbb.sio
    No compilation errors
Writing tables to ccsdpt/urccsdpt_bbb.sio

SIO (Super Instruction Object) file is saved to "ccsdpt/urccsdpt_bbb.sio".
../../../bin/sial ccsdpt/urccsdpt_aab.sial && cp ccsdpt/urccsdpt_aab.sio ../../../bin/sio
input  file: ccsdpt/urccsdpt_aab.sial
output file: ccsdpt/urccsdpt_aab.sio
    No compilation errors
Writing tables to ccsdpt/urccsdpt_aab.sio

SIO (Super Instruction Object) file is saved to "ccsdpt/urccsdpt_aab.sio".
../../../bin/sial ccsdpt/lccsdpt_rhf_aab.sial && cp ccsdpt/lccsdpt_rhf_aab.sio ../../../bin/sio
input  file: ccsdpt/lccsdpt_rhf_aab.sial
output file: ccsdpt/lccsdpt_rhf_aab.sio
    No compilation errors
Writing tables to ccsdpt/lccsdpt_rhf_aab.sio

SIO (Super Instruction Object) file is saved to "ccsdpt/lccsdpt_rhf_aab.sio".
../../../bin/sial ccsdpt/rccsdpt_aaa.sial && cp ccsdpt/rccsdpt_aaa.sio ../../../bin/sio
input  file: ccsdpt/rccsdpt_aaa.sial
output file: ccsdpt/rccsdpt_aaa.sio
    No compilation errors
Writing tables to ccsdpt/rccsdpt_aaa.sio

SIO (Super Instruction Object) file is saved to "ccsdpt/rccsdpt_aaa.sio".
../../../bin/sial ccsdpt/lccsdpt_aaa_psect.sial && cp ccsdpt/lccsdpt_aaa_psect.sio ../../../bin/sio
input  file: ccsdpt/lccsdpt_aaa_psect.sial
output file: ccsdpt/lccsdpt_aaa_psect.sio
    No compilation errors
Writing tables to ccsdpt/lccsdpt_aaa_psect.sio

SIO (Super Instruction Object) file is saved to "ccsdpt/lccsdpt_aaa_psect.sio".
../../../bin/sial ccsdpt/urccsdpt_bba.sial && cp ccsdpt/urccsdpt_bba.sio ../../../bin/sio
input  file: ccsdpt/urccsdpt_bba.sial
output file: ccsdpt/urccsdpt_bba.sio
    No compilation errors
Writing tables to ccsdpt/urccsdpt_bba.sio

SIO (Super Instruction Object) file is saved to "ccsdpt/urccsdpt_bba.sio".
../../../bin/sial ccsdpt/urccsdpt_aaa.sial && cp ccsdpt/urccsdpt_aaa.sio ../../../bin/sio
input  file: ccsdpt/urccsdpt_aaa.sial
output file: ccsdpt/urccsdpt_aaa.sio
    No compilation errors
Writing tables to ccsdpt/urccsdpt_aaa.sio

SIO (Super Instruction Object) file is saved to "ccsdpt/urccsdpt_aaa.sio".
../../../bin/sial ccsdpt/lccsdpt_rhf_aaa.sial && cp ccsdpt/lccsdpt_rhf_aaa.sio ../../../bin/sio
input  file: ccsdpt/lccsdpt_rhf_aaa.sial
output file: ccsdpt/lccsdpt_rhf_aaa.sio
    No compilation errors
Writing tables to ccsdpt/lccsdpt_rhf_aaa.sio

SIO (Super Instruction Object) file is saved to "ccsdpt/lccsdpt_rhf_aaa.sio".
../../../bin/sial ccsdpt/rccsdpt_aab.sial && cp ccsdpt/rccsdpt_aab.sio ../../../bin/sio
input  file: ccsdpt/rccsdpt_aab.sial
output file: ccsdpt/rccsdpt_aab.sio
    No compilation errors
Writing tables to ccsdpt/rccsdpt_aab.sio

SIO (Super Instruction Object) file is saved to "ccsdpt/rccsdpt_aab.sio".
../../../bin/sial fno/fno_rhf_mp2.sial && cp fno/fno_rhf_mp2.sio ../../../bin/sio
input  file: fno/fno_rhf_mp2.sial
output file: fno/fno_rhf_mp2.sio
    No compilation errors
Writing tables to fno/fno_rhf_mp2.sio

SIO (Super Instruction Object) file is saved to "fno/fno_rhf_mp2.sio".
../../../bin/sial eom/xleom_rhf_hbar_write.sial && cp eom/xleom_rhf_hbar_write.sio ../../../bin/sio
input  file: eom/xleom_rhf_hbar_write.sial
output file: eom/xleom_rhf_hbar_write.sio
    No compilation errors
Writing tables to eom/xleom_rhf_hbar_write.sio

SIO (Super Instruction Object) file is saved to "eom/xleom_rhf_hbar_write.sio".
../../../bin/sial eom/reom_rhf.sial && cp eom/reom_rhf.sio ../../../bin/sio
input  file: eom/reom_rhf.sial
output file: eom/reom_rhf.sio
    No compilation errors
Writing tables to eom/reom_rhf.sio

SIO (Super Instruction Object) file is saved to "eom/reom_rhf.sio".
../../../bin/sial eom/xreom_rhf_pro.sial && cp eom/xreom_rhf_pro.sio ../../../bin/sio
input  file: eom/xreom_rhf_pro.sial
output file: eom/xreom_rhf_pro.sio
    No compilation errors
Writing tables to eom/xreom_rhf_pro.sio

SIO (Super Instruction Object) file is saved to "eom/xreom_rhf_pro.sio".
../../../bin/sial eom/reom_uhf.sial && cp eom/reom_uhf.sio ../../../bin/sio
input  file: eom/reom_uhf.sial
output file: eom/reom_uhf.sio
    No compilation errors
Writing tables to eom/reom_uhf.sio

SIO (Super Instruction Object) file is saved to "eom/reom_uhf.sio".
../../../bin/sial eom/eomccsd_density_rhf.sial && cp eom/eomccsd_density_rhf.sio ../../../bin/sio
input  file: eom/eomccsd_density_rhf.sial
output file: eom/eomccsd_density_rhf.sio
    No compilation errors
Writing tables to eom/eomccsd_density_rhf.sio

SIO (Super Instruction Object) file is saved to "eom/eomccsd_density_rhf.sio".
../../../bin/sial eom/reom_uhf_prop.sial && cp eom/reom_uhf_prop.sio ../../../bin/sio
input  file: eom/reom_uhf_prop.sial
output file: eom/reom_uhf_prop.sio
    No compilation errors
Writing tables to eom/reom_uhf_prop.sio

SIO (Super Instruction Object) file is saved to "eom/reom_uhf_prop.sio".
../../../bin/sial eom/eomccsdpt_rhf_aab.sial && cp eom/eomccsdpt_rhf_aab.sio ../../../bin/sio
input  file: eom/eomccsdpt_rhf_aab.sial
output file: eom/eomccsdpt_rhf_aab.sio
    No compilation errors
Writing tables to eom/eomccsdpt_rhf_aab.sio

SIO (Super Instruction Object) file is saved to "eom/eomccsdpt_rhf_aab.sio".
../../../bin/sial eom/xreom_rhf_prop.sial && cp eom/xreom_rhf_prop.sio ../../../bin/sio
input  file: eom/xreom_rhf_prop.sial
output file: eom/xreom_rhf_prop.sio
    No compilation errors
Writing tables to eom/xreom_rhf_prop.sio

SIO (Super Instruction Object) file is saved to "eom/xreom_rhf_prop.sio".
../../../bin/sial eom/xreom_lcc_rhf_prop.sial && cp eom/xreom_lcc_rhf_prop.sio ../../../bin/sio
input  file: eom/xreom_lcc_rhf_prop.sial
output file: eom/xreom_lcc_rhf_prop.sio
    No compilation errors
Writing tables to eom/xreom_lcc_rhf_prop.sio

SIO (Super Instruction Object) file is saved to "eom/xreom_lcc_rhf_prop.sio".
../../../bin/sial eom/ELCCSD_UHF.sial && cp eom/ELCCSD_UHF.sio ../../../bin/sio
input  file: eom/ELCCSD_UHF.sial
output file: eom/ELCCSD_UHF.sio
    No compilation errors
Writing tables to eom/ELCCSD_UHF.sio

SIO (Super Instruction Object) file is saved to "eom/ELCCSD_UHF.sio".
../../../bin/sial eom/ltemp_aaa_nodshift.sial && cp eom/ltemp_aaa_nodshift.sio ../../../bin/sio
input  file: eom/ltemp_aaa_nodshift.sial
output file: eom/ltemp_aaa_nodshift.sio
    No compilation errors
Writing tables to eom/ltemp_aaa_nodshift.sio

SIO (Super Instruction Object) file is saved to "eom/ltemp_aaa_nodshift.sio".
../../../bin/sial eom/eomccsd_density_uhf.sial && cp eom/eomccsd_density_uhf.sio ../../../bin/sio
input  file: eom/eomccsd_density_uhf.sial
output file: eom/eomccsd_density_uhf.sio
    No compilation errors
Writing tables to eom/eomccsd_density_uhf.sio

SIO (Super Instruction Object) file is saved to "eom/eomccsd_density_uhf.sio".
../../../bin/sial eom/xreom_uhf_prop.sial && cp eom/xreom_uhf_prop.sio ../../../bin/sio
input  file: eom/xreom_uhf_prop.sial
output file: eom/xreom_uhf_prop.sio
    No compilation errors
Writing tables to eom/xreom_uhf_prop.sio

SIO (Super Instruction Object) file is saved to "eom/xreom_uhf_prop.sio".
../../../bin/sial eom/leomccsdpr_rhf_aaa.sial && cp eom/leomccsdpr_rhf_aaa.sio ../../../bin/sio
input  file: eom/leomccsdpr_rhf_aaa.sial
output file: eom/leomccsdpr_rhf_aaa.sio
    No compilation errors
Writing tables to eom/leomccsdpr_rhf_aaa.sio

SIO (Super Instruction Object) file is saved to "eom/leomccsdpr_rhf_aaa.sio".
../../../bin/sial eom/xleom_rhf_prop.sial && cp eom/xleom_rhf_prop.sio ../../../bin/sio
input  file: eom/xleom_rhf_prop.sial
output file: eom/xleom_rhf_prop.sio
    No compilation errors
Writing tables to eom/xleom_rhf_prop.sio

SIO (Super Instruction Object) file is saved to "eom/xleom_rhf_prop.sio".
../../../bin/sial eom/xreom_lcc_uhf_prop.sial && cp eom/xreom_lcc_uhf_prop.sio ../../../bin/sio
input  file: eom/xreom_lcc_uhf_prop.sial
output file: eom/xreom_lcc_uhf_prop.sio
    No compilation errors
Writing tables to eom/xreom_lcc_uhf_prop.sio

SIO (Super Instruction Object) file is saved to "eom/xreom_lcc_uhf_prop.sio".
../../../bin/sial eom/leom_rhf.sial && cp eom/leom_rhf.sio ../../../bin/sio
input  file: eom/leom_rhf.sial
output file: eom/leom_rhf.sio
    No compilation errors
Writing tables to eom/leom_rhf.sio

SIO (Super Instruction Object) file is saved to "eom/leom_rhf.sio".
../../../bin/sial eom/xleom_uhf_prop.sial && cp eom/xleom_uhf_prop.sio ../../../bin/sio
input  file: eom/xleom_uhf_prop.sial
output file: eom/xleom_uhf_prop.sio
    No compilation errors
Writing tables to eom/xleom_uhf_prop.sio

SIO (Super Instruction Object) file is saved to "eom/xleom_uhf_prop.sio".
../../../bin/sial eom/leomccsdpr_rhf_aab.sial && cp eom/leomccsdpr_rhf_aab.sio ../../../bin/sio
input  file: eom/leomccsdpr_rhf_aab.sial
output file: eom/leomccsdpr_rhf_aab.sio
    No compilation errors
Writing tables to eom/leomccsdpr_rhf_aab.sio

SIO (Super Instruction Object) file is saved to "eom/leomccsdpr_rhf_aab.sio".
../../../bin/sial eom/eomccsdpt_rhf_aaa.sial && cp eom/eomccsdpt_rhf_aaa.sio ../../../bin/sio
input  file: eom/eomccsdpt_rhf_aaa.sial
output file: eom/eomccsdpt_rhf_aaa.sio
    No compilation errors
Writing tables to eom/eomccsdpt_rhf_aaa.sio

SIO (Super Instruction Object) file is saved to "eom/eomccsdpt_rhf_aaa.sio".
../../../bin/sial eom/eomccsd_uhf_ao.sial && cp eom/eomccsd_uhf_ao.sio ../../../bin/sio
input  file: eom/eomccsd_uhf_ao.sial
output file: eom/eomccsd_uhf_ao.sio
    No compilation errors
Writing tables to eom/eomccsd_uhf_ao.sio

SIO (Super Instruction Object) file is saved to "eom/eomccsd_uhf_ao.sio".
../../../bin/sial eom/ltemp_aab_nodshift.sial && cp eom/ltemp_aab_nodshift.sio ../../../bin/sio
input  file: eom/ltemp_aab_nodshift.sial
output file: eom/ltemp_aab_nodshift.sio
    No compilation errors
Writing tables to eom/ltemp_aab_nodshift.sio

SIO (Super Instruction Object) file is saved to "eom/ltemp_aab_nodshift.sio".
../../../bin/sial eom/leom_uhf.sial && cp eom/leom_uhf.sio ../../../bin/sio
input  file: eom/leom_uhf.sial
output file: eom/leom_uhf.sio
    No compilation errors
Writing tables to eom/leom_uhf.sio

SIO (Super Instruction Object) file is saved to "eom/leom_uhf.sio".
../../../bin/sial lccsdtpt/ulccsdpt_bbb_psect.sial && cp lccsdtpt/ulccsdpt_bbb_psect.sio ../../../bin/sio
input  file: lccsdtpt/ulccsdpt_bbb_psect.sial
output file: lccsdtpt/ulccsdpt_bbb_psect.sio
    No compilation errors
Writing tables to lccsdtpt/ulccsdpt_bbb_psect.sio

SIO (Super Instruction Object) file is saved to "lccsdtpt/ulccsdpt_bbb_psect.sio".
../../../bin/sial lccsdtpt/lccsdpt_aab_psect.sial && cp lccsdtpt/lccsdpt_aab_psect.sio ../../../bin/sio
input  file: lccsdtpt/lccsdpt_aab_psect.sial
output file: lccsdtpt/lccsdpt_aab_psect.sio
    No compilation errors
Writing tables to lccsdtpt/lccsdpt_aab_psect.sio

SIO (Super Instruction Object) file is saved to "lccsdtpt/lccsdpt_aab_psect.sio".
../../../bin/sial lccsdtpt/lccsdpt_rhf_aab.sial && cp lccsdtpt/lccsdpt_rhf_aab.sio ../../../bin/sio
input  file: lccsdtpt/lccsdpt_rhf_aab.sial
output file: lccsdtpt/lccsdpt_rhf_aab.sio
    No compilation errors
Writing tables to lccsdtpt/lccsdpt_rhf_aab.sio

SIO (Super Instruction Object) file is saved to "lccsdtpt/lccsdpt_rhf_aab.sio".
../../../bin/sial lccsdtpt/lambda_uhf_rprint.sial && cp lccsdtpt/lambda_uhf_rprint.sio ../../../bin/sio
input  file: lccsdtpt/lambda_uhf_rprint.sial
output file: lccsdtpt/lambda_uhf_rprint.sio
    No compilation errors
Writing tables to lccsdtpt/lambda_uhf_rprint.sio

SIO (Super Instruction Object) file is saved to "lccsdtpt/lambda_uhf_rprint.sio".
../../../bin/sial lccsdtpt/lccsdpt_aaa_psect.sial && cp lccsdtpt/lccsdpt_aaa_psect.sio ../../../bin/sio
input  file: lccsdtpt/lccsdpt_aaa_psect.sial
output file: lccsdtpt/lccsdpt_aaa_psect.sio
    No compilation errors
Writing tables to lccsdtpt/lccsdpt_aaa_psect.sio

SIO (Super Instruction Object) file is saved to "lccsdtpt/lccsdpt_aaa_psect.sio".
../../../bin/sial lccsdtpt/ulccsdpt_bba_psect.sial && cp lccsdtpt/ulccsdpt_bba_psect.sio ../../../bin/sio
input  file: lccsdtpt/ulccsdpt_bba_psect.sial
output file: lccsdtpt/ulccsdpt_bba_psect.sio
    No compilation errors
Writing tables to lccsdtpt/ulccsdpt_bba_psect.sio

SIO (Super Instruction Object) file is saved to "lccsdtpt/ulccsdpt_bba_psect.sio".
../../../bin/sial lccsdtpt/ulccsdpt_aaa_psect.sial && cp lccsdtpt/ulccsdpt_aaa_psect.sio ../../../bin/sio
input  file: lccsdtpt/ulccsdpt_aaa_psect.sial
output file: lccsdtpt/ulccsdpt_aaa_psect.sio
    No compilation errors
Writing tables to lccsdtpt/ulccsdpt_aaa_psect.sio

SIO (Super Instruction Object) file is saved to "lccsdtpt/ulccsdpt_aaa_psect.sio".
../../../bin/sial lccsdtpt/ulccsdpt_aab_psect.sial && cp lccsdtpt/ulccsdpt_aab_psect.sio ../../../bin/sio
input  file: lccsdtpt/ulccsdpt_aab_psect.sial
output file: lccsdtpt/ulccsdpt_aab_psect.sio
    No compilation errors
Writing tables to lccsdtpt/ulccsdpt_aab_psect.sio

SIO (Super Instruction Object) file is saved to "lccsdtpt/ulccsdpt_aab_psect.sio".
../../../bin/sial lccsdtpt/lccsdpt_rhf_aaa.sial && cp lccsdtpt/lccsdpt_rhf_aaa.sio ../../../bin/sio
input  file: lccsdtpt/lccsdpt_rhf_aaa.sial
output file: lccsdtpt/lccsdpt_rhf_aaa.sio
    No compilation errors
Writing tables to lccsdtpt/lccsdpt_rhf_aaa.sio

SIO (Super Instruction Object) file is saved to "lccsdtpt/lccsdpt_rhf_aaa.sio".
../../../bin/sial mp2/mp2_rhf_sp.sial && cp mp2/mp2_rhf_sp.sio ../../../bin/sio
input  file: mp2/mp2_rhf_sp.sial
output file: mp2/mp2_rhf_sp.sio
    No compilation errors
Writing tables to mp2/mp2_rhf_sp.sio

SIO (Super Instruction Object) file is saved to "mp2/mp2_rhf_sp.sio".
../../../bin/sial mp2/mp2_uhf_sp.sial && cp mp2/mp2_uhf_sp.sio ../../../bin/sio
input  file: mp2/mp2_uhf_sp.sial
output file: mp2/mp2_uhf_sp.sio
    No compilation errors
Writing tables to mp2/mp2_uhf_sp.sio

SIO (Super Instruction Object) file is saved to "mp2/mp2_uhf_sp.sio".
../../../bin/sial perturb_ccsd_lt/CCSD_Lz_RHF.sial && cp perturb_ccsd_lt/CCSD_Lz_RHF.sio ../../../bin/sio
input  file: perturb_ccsd_lt/CCSD_Lz_RHF.sial
output file: perturb_ccsd_lt/CCSD_Lz_RHF.sio
    No compilation errors
Writing tables to perturb_ccsd_lt/CCSD_Lz_RHF.sio

SIO (Super Instruction Object) file is saved to "perturb_ccsd_lt/CCSD_Lz_RHF.sio".
../../../bin/sial perturb_ccsd_lt/CCSD_Txyz_RHF.sial && cp perturb_ccsd_lt/CCSD_Txyz_RHF.sio ../../../bin/sio
input  file: perturb_ccsd_lt/CCSD_Txyz_RHF.sial
output file: perturb_ccsd_lt/CCSD_Txyz_RHF.sio
    No compilation errors
Writing tables to perturb_ccsd_lt/CCSD_Txyz_RHF.sio

SIO (Super Instruction Object) file is saved to "perturb_ccsd_lt/CCSD_Txyz_RHF.sio".
../../../bin/sial perturb_ccsd_lt/CCSD_Lz_UHF.sial && cp perturb_ccsd_lt/CCSD_Lz_UHF.sio ../../../bin/sio
input  file: perturb_ccsd_lt/CCSD_Lz_UHF.sial
output file: perturb_ccsd_lt/CCSD_Lz_UHF.sio
    No compilation errors
Writing tables to perturb_ccsd_lt/CCSD_Lz_UHF.sio

SIO (Super Instruction Object) file is saved to "perturb_ccsd_lt/CCSD_Lz_UHF.sio".
../../../bin/sial perturb_ccsd_lt/CCSD_Lxyz_RHF.sial && cp perturb_ccsd_lt/CCSD_Lxyz_RHF.sio ../../../bin/sio
input  file: perturb_ccsd_lt/CCSD_Lxyz_RHF.sial
output file: perturb_ccsd_lt/CCSD_Lxyz_RHF.sio
    No compilation errors
Writing tables to perturb_ccsd_lt/CCSD_Lxyz_RHF.sio

SIO (Super Instruction Object) file is saved to "perturb_ccsd_lt/CCSD_Lxyz_RHF.sio".
../../../bin/sial perturb_ccsd_lt/CCSD_Ly_RHF.sial && cp perturb_ccsd_lt/CCSD_Ly_RHF.sio ../../../bin/sio
input  file: perturb_ccsd_lt/CCSD_Ly_RHF.sial
output file: perturb_ccsd_lt/CCSD_Ly_RHF.sio
    No compilation errors
Writing tables to perturb_ccsd_lt/CCSD_Ly_RHF.sio

SIO (Super Instruction Object) file is saved to "perturb_ccsd_lt/CCSD_Ly_RHF.sio".
../../../bin/sial perturb_ccsd_lt/CCSD_Lx_UHF.sial && cp perturb_ccsd_lt/CCSD_Lx_UHF.sio ../../../bin/sio
input  file: perturb_ccsd_lt/CCSD_Lx_UHF.sial
output file: perturb_ccsd_lt/CCSD_Lx_UHF.sio
    No compilation errors
Writing tables to perturb_ccsd_lt/CCSD_Lx_UHF.sio

SIO (Super Instruction Object) file is saved to "perturb_ccsd_lt/CCSD_Lx_UHF.sio".
../../../bin/sial perturb_ccsd_lt/CCSD_Ty_UHF.sial && cp perturb_ccsd_lt/CCSD_Ty_UHF.sio ../../../bin/sio
input  file: perturb_ccsd_lt/CCSD_Ty_UHF.sial
output file: perturb_ccsd_lt/CCSD_Ty_UHF.sio
    No compilation errors
Writing tables to perturb_ccsd_lt/CCSD_Ty_UHF.sio

SIO (Super Instruction Object) file is saved to "perturb_ccsd_lt/CCSD_Ty_UHF.sio".
../../../bin/sial perturb_ccsd_lt/CCSD_Tx_UHF.sial && cp perturb_ccsd_lt/CCSD_Tx_UHF.sio ../../../bin/sio
input  file: perturb_ccsd_lt/CCSD_Tx_UHF.sial
output file: perturb_ccsd_lt/CCSD_Tx_UHF.sio
    No compilation errors
Writing tables to perturb_ccsd_lt/CCSD_Tx_UHF.sio

SIO (Super Instruction Object) file is saved to "perturb_ccsd_lt/CCSD_Tx_UHF.sio".
../../../bin/sial perturb_ccsd_lt/CCSD_Tz_UHF.sial && cp perturb_ccsd_lt/CCSD_Tz_UHF.sio ../../../bin/sio
input  file: perturb_ccsd_lt/CCSD_Tz_UHF.sial
output file: perturb_ccsd_lt/CCSD_Tz_UHF.sio
    No compilation errors
Writing tables to perturb_ccsd_lt/CCSD_Tz_UHF.sio

SIO (Super Instruction Object) file is saved to "perturb_ccsd_lt/CCSD_Tz_UHF.sio".
../../../bin/sial perturb_ccsd_lt/CCSD_Ty_RHF.sial && cp perturb_ccsd_lt/CCSD_Ty_RHF.sio ../../../bin/sio
input  file: perturb_ccsd_lt/CCSD_Ty_RHF.sial
output file: perturb_ccsd_lt/CCSD_Ty_RHF.sio
    No compilation errors
Writing tables to perturb_ccsd_lt/CCSD_Ty_RHF.sio

SIO (Super Instruction Object) file is saved to "perturb_ccsd_lt/CCSD_Ty_RHF.sio".
../../../bin/sial perturb_ccsd_lt/CCSD_Lxyz_UHF.sial && cp perturb_ccsd_lt/CCSD_Lxyz_UHF.sio ../../../bin/sio
input  file: perturb_ccsd_lt/CCSD_Lxyz_UHF.sial
output file: perturb_ccsd_lt/CCSD_Lxyz_UHF.sio
    No compilation errors
Writing tables to perturb_ccsd_lt/CCSD_Lxyz_UHF.sio

SIO (Super Instruction Object) file is saved to "perturb_ccsd_lt/CCSD_Lxyz_UHF.sio".
../../../bin/sial perturb_ccsd_lt/CCSD_Ly_UHF.sial && cp perturb_ccsd_lt/CCSD_Ly_UHF.sio ../../../bin/sio
input  file: perturb_ccsd_lt/CCSD_Ly_UHF.sial
output file: perturb_ccsd_lt/CCSD_Ly_UHF.sio
    No compilation errors
Writing tables to perturb_ccsd_lt/CCSD_Ly_UHF.sio

SIO (Super Instruction Object) file is saved to "perturb_ccsd_lt/CCSD_Ly_UHF.sio".
../../../bin/sial perturb_ccsd_lt/CCSD_Tx_RHF.sial && cp perturb_ccsd_lt/CCSD_Tx_RHF.sio ../../../bin/sio
input  file: perturb_ccsd_lt/CCSD_Tx_RHF.sial
output file: perturb_ccsd_lt/CCSD_Tx_RHF.sio
    No compilation errors
Writing tables to perturb_ccsd_lt/CCSD_Tx_RHF.sio

SIO (Super Instruction Object) file is saved to "perturb_ccsd_lt/CCSD_Tx_RHF.sio".
../../../bin/sial perturb_ccsd_lt/CCSD_Tz_RHF.sial && cp perturb_ccsd_lt/CCSD_Tz_RHF.sio ../../../bin/sio
input  file: perturb_ccsd_lt/CCSD_Tz_RHF.sial
output file: perturb_ccsd_lt/CCSD_Tz_RHF.sio
    No compilation errors
Writing tables to perturb_ccsd_lt/CCSD_Tz_RHF.sio

SIO (Super Instruction Object) file is saved to "perturb_ccsd_lt/CCSD_Tz_RHF.sio".
../../../bin/sial perturb_ccsd_lt/CCSD_Lx_RHF.sial && cp perturb_ccsd_lt/CCSD_Lx_RHF.sio ../../../bin/sio
input  file: perturb_ccsd_lt/CCSD_Lx_RHF.sial
output file: perturb_ccsd_lt/CCSD_Lx_RHF.sio
    No compilation errors
Writing tables to perturb_ccsd_lt/CCSD_Lx_RHF.sio

SIO (Super Instruction Object) file is saved to "perturb_ccsd_lt/CCSD_Lx_RHF.sio".
../../../bin/sial perturb_ccsd_lt/test.sial && cp perturb_ccsd_lt/test.sio ../../../bin/sio
input  file: perturb_ccsd_lt/test.sial
output file: perturb_ccsd_lt/test.sio
    No compilation errors
Writing tables to perturb_ccsd_lt/test.sio

SIO (Super Instruction Object) file is saved to "perturb_ccsd_lt/test.sio".
../../../bin/sial perturb_ccsd_lt/CCSD_Txyz_UHF.sial && cp perturb_ccsd_lt/CCSD_Txyz_UHF.sio ../../../bin/sio
input  file: perturb_ccsd_lt/CCSD_Txyz_UHF.sial
output file: perturb_ccsd_lt/CCSD_Txyz_UHF.sio
    No compilation errors
Writing tables to perturb_ccsd_lt/CCSD_Txyz_UHF.sio

SIO (Super Instruction Object) file is saved to "perturb_ccsd_lt/CCSD_Txyz_UHF.sio".
../../../bin/sial new_dea/dea_eomcc.sial && cp new_dea/dea_eomcc.sio ../../../bin/sio
input  file: new_dea/dea_eomcc.sial
output file: new_dea/dea_eomcc.sio
    No compilation errors
Writing tables to new_dea/dea_eomcc.sio

SIO (Super Instruction Object) file is saved to "new_dea/dea_eomcc.sio".
../../../bin/sial hbar/hbar_uhf.sial && cp hbar/hbar_uhf.sio ../../../bin/sio
input  file: hbar/hbar_uhf.sial
output file: hbar/hbar_uhf.sio
    No compilation errors
Writing tables to hbar/hbar_uhf.sio

SIO (Super Instruction Object) file is saved to "hbar/hbar_uhf.sio".
../../../bin/sial hbar/hbar_rhf.sial && cp hbar/hbar_rhf.sio ../../../bin/sio
input  file: hbar/hbar_rhf.sial
output file: hbar/hbar_rhf.sio
    No compilation errors
Writing tables to hbar/hbar_rhf.sio

SIO (Super Instruction Object) file is saved to "hbar/hbar_rhf.sio".
../../../bin/sial ip/ip_eomcc.sial && cp ip/ip_eomcc.sio ../../../bin/sio
input  file: ip/ip_eomcc.sial
output file: ip/ip_eomcc.sio
    No compilation errors
Writing tables to ip/ip_eomcc.sio

SIO (Super Instruction Object) file is saved to "ip/ip_eomcc.sio".
../../../bin/sial dea/tran_uhf_dea.sial && cp dea/tran_uhf_dea.sio ../../../bin/sio
input  file: dea/tran_uhf_dea.sial
output file: dea/tran_uhf_dea.sio
    No compilation errors
Writing tables to dea/tran_uhf_dea.sio

SIO (Super Instruction Object) file is saved to "dea/tran_uhf_dea.sio".
../../../bin/sial dea/eom_dea_left_singlets.sial && cp dea/eom_dea_left_singlets.sio ../../../bin/sio
input  file: dea/eom_dea_left_singlets.sial
output file: dea/eom_dea_left_singlets.sio
    No compilation errors
Writing tables to dea/eom_dea_left_singlets.sio

SIO (Super Instruction Object) file is saved to "dea/eom_dea_left_singlets.sio".
../../../bin/sial dea/eom_dea_singlets.sial && cp dea/eom_dea_singlets.sio ../../../bin/sio
input  file: dea/eom_dea_singlets.sial
output file: dea/eom_dea_singlets.sio
    No compilation errors
Writing tables to dea/eom_dea_singlets.sio

SIO (Super Instruction Object) file is saved to "dea/eom_dea_singlets.sio".
../../../bin/sial dea/hbar_uhf_dea.sial && cp dea/hbar_uhf_dea.sio ../../../bin/sio
input  file: dea/hbar_uhf_dea.sial
output file: dea/hbar_uhf_dea.sio
    No compilation errors
Writing tables to dea/hbar_uhf_dea.sio

SIO (Super Instruction Object) file is saved to "dea/hbar_uhf_dea.sio".
../../../bin/sial dea/ccsd_uhf_dea.sial && cp dea/ccsd_uhf_dea.sio ../../../bin/sio
input  file: dea/ccsd_uhf_dea.sial
output file: dea/ccsd_uhf_dea.sio
    No compilation errors
Writing tables to dea/ccsd_uhf_dea.sio

SIO (Super Instruction Object) file is saved to "dea/ccsd_uhf_dea.sio".
../../../bin/sial dea/eom_dea_left_triplets.sial && cp dea/eom_dea_left_triplets.sio ../../../bin/sio
input  file: dea/eom_dea_left_triplets.sial
output file: dea/eom_dea_left_triplets.sio
    No compilation errors
Writing tables to dea/eom_dea_left_triplets.sio

SIO (Super Instruction Object) file is saved to "dea/eom_dea_left_triplets.sio".
../../../bin/sial dea/eom_dea_triplets.sial && cp dea/eom_dea_triplets.sio ../../../bin/sio
input  file: dea/eom_dea_triplets.sial
output file: dea/eom_dea_triplets.sio
    No compilation errors
Writing tables to dea/eom_dea_triplets.sio

SIO (Super Instruction Object) file is saved to "dea/eom_dea_triplets.sio".
../../../bin/sial lambda/lambda_uhf_dropmo.sial && cp lambda/lambda_uhf_dropmo.sio ../../../bin/sio
input  file: lambda/lambda_uhf_dropmo.sial
output file: lambda/lambda_uhf_dropmo.sio
    No compilation errors
Writing tables to lambda/lambda_uhf_dropmo.sio

SIO (Super Instruction Object) file is saved to "lambda/lambda_uhf_dropmo.sio".
../../../bin/sial lambda/elambda_uhf_ao_sv1.sial && cp lambda/elambda_uhf_ao_sv1.sio ../../../bin/sio
input  file: lambda/elambda_uhf_ao_sv1.sial
output file: lambda/elambda_uhf_ao_sv1.sio
    No compilation errors
Writing tables to lambda/elambda_uhf_ao_sv1.sio

SIO (Super Instruction Object) file is saved to "lambda/elambda_uhf_ao_sv1.sio".
../../../bin/sial lambda/lambda_rhf_dropmo_new.sial && cp lambda/lambda_rhf_dropmo_new.sio ../../../bin/sio
input  file: lambda/lambda_rhf_dropmo_new.sial
output file: lambda/lambda_rhf_dropmo_new.sio
    No compilation errors
Writing tables to lambda/lambda_rhf_dropmo_new.sio

SIO (Super Instruction Object) file is saved to "lambda/lambda_rhf_dropmo_new.sio".
../../../bin/sial lambda/lambda_uhf_dropmo_new.sial && cp lambda/lambda_uhf_dropmo_new.sio ../../../bin/sio
input  file: lambda/lambda_uhf_dropmo_new.sial
output file: lambda/lambda_uhf_dropmo_new.sio
    No compilation errors
Writing tables to lambda/lambda_uhf_dropmo_new.sio

SIO (Super Instruction Object) file is saved to "lambda/lambda_uhf_dropmo_new.sio".
../../../bin/sial lambda/lambda_uhf_ao_sv1_new.sial && cp lambda/lambda_uhf_ao_sv1_new.sio ../../../bin/sio
input  file: lambda/lambda_uhf_ao_sv1_new.sial
output file: lambda/lambda_uhf_ao_sv1_new.sio
    No compilation errors
Writing tables to lambda/lambda_uhf_ao_sv1_new.sio

SIO (Super Instruction Object) file is saved to "lambda/lambda_uhf_ao_sv1_new.sio".
../../../bin/sial lambda/lambda_rhf.sial && cp lambda/lambda_rhf.sio ../../../bin/sio
input  file: lambda/lambda_rhf.sial
output file: lambda/lambda_rhf.sio
    No compilation errors
Writing tables to lambda/lambda_rhf.sio

SIO (Super Instruction Object) file is saved to "lambda/lambda_rhf.sio".
../../../bin/sial lambda/elambda_rhf.sial && cp lambda/elambda_rhf.sio ../../../bin/sio
input  file: lambda/elambda_rhf.sial
output file: lambda/elambda_rhf.sio
    No compilation errors
Writing tables to lambda/elambda_rhf.sio

SIO (Super Instruction Object) file is saved to "lambda/elambda_rhf.sio".
../../../bin/sial s2expect/density_uhf_dropmo.sial && cp s2expect/density_uhf_dropmo.sio ../../../bin/sio
input  file: s2expect/density_uhf_dropmo.sial
output file: s2expect/density_uhf_dropmo.sio
    No compilation errors
Writing tables to s2expect/density_uhf_dropmo.sio

SIO (Super Instruction Object) file is saved to "s2expect/density_uhf_dropmo.sio".
../../../bin/sial s2expect/s2expect_dropmo.sial && cp s2expect/s2expect_dropmo.sio ../../../bin/sio
input  file: s2expect/s2expect_dropmo.sial
output file: s2expect/s2expect_dropmo.sio
    No compilation errors
Writing tables to s2expect/s2expect_dropmo.sio

SIO (Super Instruction Object) file is saved to "s2expect/s2expect_dropmo.sio".
../../../bin/sial s2expect/density_uhf.sial && cp s2expect/density_uhf.sio ../../../bin/sio
input  file: s2expect/density_uhf.sial
output file: s2expect/density_uhf.sio
    No compilation errors
Writing tables to s2expect/density_uhf.sio

SIO (Super Instruction Object) file is saved to "s2expect/density_uhf.sio".
../../../bin/sial s2expect/s2expect.sial && cp s2expect/s2expect.sio ../../../bin/sio
input  file: s2expect/s2expect.sial
output file: s2expect/s2expect.sio
    No compilation errors
Writing tables to s2expect/s2expect.sio

SIO (Super Instruction Object) file is saved to "s2expect/s2expect.sio".
../../../bin/sial s2expect/test.sial && cp s2expect/test.sio ../../../bin/sio
input  file: s2expect/test.sial
output file: s2expect/test.sio
    No compilation errors
Writing tables to s2expect/test.sio

SIO (Super Instruction Object) file is saved to "s2expect/test.sio".
../../../bin/sial test/test.sial && cp test/test.sio ../../../bin/sio
input  file: test/test.sial
output file: test/test.sio
    No compilation errors
Writing tables to test/test.sio

SIO (Super Instruction Object) file is saved to "test/test.sio".
../../../bin/sial props/CCSD_resp_asym_1D.sial && cp props/CCSD_resp_asym_1D.sio ../../../bin/sio
input  file: props/CCSD_resp_asym_1D.sial
output file: props/CCSD_resp_asym_1D.sio
    No compilation errors
Writing tables to props/CCSD_resp_asym_1D.sio

SIO (Super Instruction Object) file is saved to "props/CCSD_resp_asym_1D.sio".
../../../bin/sial props/CCSD_resp_sym_2D.sial && cp props/CCSD_resp_sym_2D.sio ../../../bin/sio
input  file: props/CCSD_resp_sym_2D.sial
output file: props/CCSD_resp_sym_2D.sio
    No compilation errors
Writing tables to props/CCSD_resp_sym_2D.sio

SIO (Super Instruction Object) file is saved to "props/CCSD_resp_sym_2D.sio".
../../../bin/sial props/CCSD_resp_Aiso.sial && cp props/CCSD_resp_Aiso.sio ../../../bin/sio
input  file: props/CCSD_resp_Aiso.sial
output file: props/CCSD_resp_Aiso.sio
    No compilation errors
Writing tables to props/CCSD_resp_Aiso.sio

SIO (Super Instruction Object) file is saved to "props/CCSD_resp_Aiso.sio".
../../../bin/sial props/CCSD_resp.sial && cp props/CCSD_resp.sio ../../../bin/sio
input  file: props/CCSD_resp.sial
output file: props/CCSD_resp.sio
    No compilation errors
Writing tables to props/CCSD_resp.sio

SIO (Super Instruction Object) file is saved to "props/CCSD_resp.sio".
../../../bin/sial props/CCSDT_Aiso.sial && cp props/CCSDT_Aiso.sio ../../../bin/sio
input  file: props/CCSDT_Aiso.sial
output file: props/CCSDT_Aiso.sio
    No compilation errors
Writing tables to props/CCSDT_Aiso.sio

SIO (Super Instruction Object) file is saved to "props/CCSDT_Aiso.sio".
../../../bin/sial props/CCSD_relx_Aiso.sial && cp props/CCSD_relx_Aiso.sio ../../../bin/sio
input  file: props/CCSD_relx_Aiso.sial
output file: props/CCSD_relx_Aiso.sio
    No compilation errors
Writing tables to props/CCSD_relx_Aiso.sio

SIO (Super Instruction Object) file is saved to "props/CCSD_relx_Aiso.sio".
../../../bin/sial props/exp_resp_1D.sial && cp props/exp_resp_1D.sio ../../../bin/sio
input  file: props/exp_resp_1D.sial
output file: props/exp_resp_1D.sio
    No compilation errors
Writing tables to props/exp_resp_1D.sio

SIO (Super Instruction Object) file is saved to "props/exp_resp_1D.sio".
../../../bin/sial props/CCSD_resp_asym_2D.sial && cp props/CCSD_resp_asym_2D.sio ../../../bin/sio
input  file: props/CCSD_resp_asym_2D.sial
output file: props/CCSD_resp_asym_2D.sio
    No compilation errors
Writing tables to props/CCSD_resp_asym_2D.sio

SIO (Super Instruction Object) file is saved to "props/CCSD_resp_asym_2D.sio".
../../../bin/sial props/MP2_Aiso.sial && cp props/MP2_Aiso.sio ../../../bin/sio
input  file: props/MP2_Aiso.sial
output file: props/MP2_Aiso.sio
    No compilation errors
Writing tables to props/MP2_Aiso.sio

SIO (Super Instruction Object) file is saved to "props/MP2_Aiso.sio".
../../../bin/sial props/CCSD_relx_dropMO_Aiso.sial && cp props/CCSD_relx_dropMO_Aiso.sio ../../../bin/sio
input  file: props/CCSD_relx_dropMO_Aiso.sial
output file: props/CCSD_relx_dropMO_Aiso.sio
    No compilation errors
Writing tables to props/CCSD_relx_dropMO_Aiso.sio

SIO (Super Instruction Object) file is saved to "props/CCSD_relx_dropMO_Aiso.sio".
../../../bin/sial props/HF_Aiso.sial && cp props/HF_Aiso.sio ../../../bin/sio
input  file: props/HF_Aiso.sial
output file: props/HF_Aiso.sio
    No compilation errors
Writing tables to props/HF_Aiso.sio

SIO (Super Instruction Object) file is saved to "props/HF_Aiso.sio".
../../../bin/sial props/CCSD_resp_1D.sial && cp props/CCSD_resp_1D.sio ../../../bin/sio
input  file: props/CCSD_resp_1D.sial
output file: props/CCSD_resp_1D.sio
    No compilation errors
Writing tables to props/CCSD_resp_1D.sio

SIO (Super Instruction Object) file is saved to "props/CCSD_resp_1D.sio".
../../../bin/sial props/CCSD_resp_sym_1D.sial && cp props/CCSD_resp_sym_1D.sio ../../../bin/sio
input  file: props/CCSD_resp_sym_1D.sial
output file: props/CCSD_resp_sym_1D.sio
    No compilation errors
Writing tables to props/CCSD_resp_sym_1D.sio

SIO (Super Instruction Object) file is saved to "props/CCSD_resp_sym_1D.sio".
../../../bin/sial props/CCSD_resp_sym_RHF_1D.sial && cp props/CCSD_resp_sym_RHF_1D.sio ../../../bin/sio
input  file: props/CCSD_resp_sym_RHF_1D.sial
output file: props/CCSD_resp_sym_RHF_1D.sio
    No compilation errors
Writing tables to props/CCSD_resp_sym_RHF_1D.sio

SIO (Super Instruction Object) file is saved to "props/CCSD_resp_sym_RHF_1D.sio".
../../../bin/sial ccsd/rccsd_uhf.sial && cp ccsd/rccsd_uhf.sio ../../../bin/sio
input  file: ccsd/rccsd_uhf.sial
output file: ccsd/rccsd_uhf.sio
    No compilation errors
Writing tables to ccsd/rccsd_uhf.sio

SIO (Super Instruction Object) file is saved to "ccsd/rccsd_uhf.sio".
../../../bin/sial ccsd/ccsd_uhf_dropmo.sial && cp ccsd/ccsd_uhf_dropmo.sio ../../../bin/sio
input  file: ccsd/ccsd_uhf_dropmo.sial
output file: ccsd/ccsd_uhf_dropmo.sio
    No compilation errors
Writing tables to ccsd/ccsd_uhf_dropmo.sio

SIO (Super Instruction Object) file is saved to "ccsd/ccsd_uhf_dropmo.sio".
../../../bin/sial ccsd/bccsd_uhf_ao_sv2_diis5.sial && cp ccsd/bccsd_uhf_ao_sv2_diis5.sio ../../../bin/sio
input  file: ccsd/bccsd_uhf_ao_sv2_diis5.sial
output file: ccsd/bccsd_uhf_ao_sv2_diis5.sio
    No compilation errors
Writing tables to ccsd/bccsd_uhf_ao_sv2_diis5.sio

SIO (Super Instruction Object) file is saved to "ccsd/bccsd_uhf_ao_sv2_diis5.sio".
../../../bin/sial ccsd/ccsd_uhf_ao_sv2_diis5.sial && cp ccsd/ccsd_uhf_ao_sv2_diis5.sio ../../../bin/sio
input  file: ccsd/ccsd_uhf_ao_sv2_diis5.sial
output file: ccsd/ccsd_uhf_ao_sv2_diis5.sio
    No compilation errors
Writing tables to ccsd/ccsd_uhf_ao_sv2_diis5.sio

SIO (Super Instruction Object) file is saved to "ccsd/ccsd_uhf_ao_sv2_diis5.sio".
../../../bin/sial ccsd/eccsd_rhf.sial && cp ccsd/eccsd_rhf.sio ../../../bin/sio
input  file: ccsd/eccsd_rhf.sial
output file: ccsd/eccsd_rhf.sio
    No compilation errors
Writing tables to ccsd/eccsd_rhf.sio

SIO (Super Instruction Object) file is saved to "ccsd/eccsd_rhf.sio".
../../../bin/sial ccsd/rccsd_rhf.sial && cp ccsd/rccsd_rhf.sio ../../../bin/sio
input  file: ccsd/rccsd_rhf.sial
output file: ccsd/rccsd_rhf.sio
    No compilation errors
Writing tables to ccsd/rccsd_rhf.sio

SIO (Super Instruction Object) file is saved to "ccsd/rccsd_rhf.sio".
../../../bin/sial ccsd/eccsd_uhf.sial && cp ccsd/eccsd_uhf.sio ../../../bin/sio
input  file: ccsd/eccsd_uhf.sial
output file: ccsd/eccsd_uhf.sio
    No compilation errors
Writing tables to ccsd/eccsd_uhf.sio

SIO (Super Instruction Object) file is saved to "ccsd/eccsd_uhf.sio".
../../../bin/sial ccsd/bccsd_rhf_ao_sv1_diis5.sial && cp ccsd/bccsd_rhf_ao_sv1_diis5.sio ../../../bin/sio
input  file: ccsd/bccsd_rhf_ao_sv1_diis5.sial
output file: ccsd/bccsd_rhf_ao_sv1_diis5.sio
    No compilation errors
Writing tables to ccsd/bccsd_rhf_ao_sv1_diis5.sio

SIO (Super Instruction Object) file is saved to "ccsd/bccsd_rhf_ao_sv1_diis5.sio".
../../../bin/sial ccsd/ccsd_rhf_ao_sv1_diis5.sial && cp ccsd/ccsd_rhf_ao_sv1_diis5.sio ../../../bin/sio
input  file: ccsd/ccsd_rhf_ao_sv1_diis5.sial
output file: ccsd/ccsd_rhf_ao_sv1_diis5.sio
    No compilation errors
Writing tables to ccsd/ccsd_rhf_ao_sv1_diis5.sio

SIO (Super Instruction Object) file is saved to "ccsd/ccsd_rhf_ao_sv1_diis5.sio".
../../../bin/sial scf/scf_rhf_aguess_quadc.sial && cp scf/scf_rhf_aguess_quadc.sio ../../../bin/sio
input  file: scf/scf_rhf_aguess_quadc.sial
output file: scf/scf_rhf_aguess_quadc.sio
    No compilation errors
Writing tables to scf/scf_rhf_aguess_quadc.sio

SIO (Super Instruction Object) file is saved to "scf/scf_rhf_aguess_quadc.sio".
../../../bin/sial scf/scf_rhf_aguess_afock.sial && cp scf/scf_rhf_aguess_afock.sio ../../../bin/sio
input  file: scf/scf_rhf_aguess_afock.sial
output file: scf/scf_rhf_aguess_afock.sio
    No compilation errors
Writing tables to scf/scf_rhf_aguess_afock.sio

SIO (Super Instruction Object) file is saved to "scf/scf_rhf_aguess_afock.sio".
../../../bin/sial scf/scf_uhf_finish_aguess.sial && cp scf/scf_uhf_finish_aguess.sio ../../../bin/sio
input  file: scf/scf_uhf_finish_aguess.sial
output file: scf/scf_uhf_finish_aguess.sio
    No compilation errors
Writing tables to scf/scf_uhf_finish_aguess.sio

SIO (Super Instruction Object) file is saved to "scf/scf_uhf_finish_aguess.sio".
../../../bin/sial scf/hfstability_uhf.sial && cp scf/hfstability_uhf.sio ../../../bin/sio
input  file: scf/hfstability_uhf.sial
output file: scf/hfstability_uhf.sio
    No compilation errors
Writing tables to scf/hfstability_uhf.sio

SIO (Super Instruction Object) file is saved to "scf/hfstability_uhf.sio".
../../../bin/sial scf/scf_uhf.sial && cp scf/scf_uhf.sio ../../../bin/sio
input  file: scf/scf_uhf.sial
output file: scf/scf_uhf.sio
    No compilation errors
Writing tables to scf/scf_uhf.sio

SIO (Super Instruction Object) file is saved to "scf/scf_uhf.sio".
../../../bin/sial scf/scf_uhf_aguess.sial && cp scf/scf_uhf_aguess.sio ../../../bin/sio
input  file: scf/scf_uhf_aguess.sial
output file: scf/scf_uhf_aguess.sio
    No compilation errors
Writing tables to scf/scf_uhf_aguess.sio

SIO (Super Instruction Object) file is saved to "scf/scf_uhf_aguess.sio".
../../../bin/sial scf/scf_uhf_coreh.sial && cp scf/scf_uhf_coreh.sio ../../../bin/sio
input  file: scf/scf_uhf_coreh.sial
output file: scf/scf_uhf_coreh.sio
    No compilation errors
Writing tables to scf/scf_uhf_coreh.sio

SIO (Super Instruction Object) file is saved to "scf/scf_uhf_coreh.sio".
../../../bin/sial scf/scf_test.sial && cp scf/scf_test.sio ../../../bin/sio
input  file: scf/scf_test.sial
output file: scf/scf_test.sio
    No compilation errors
Writing tables to scf/scf_test.sio

SIO (Super Instruction Object) file is saved to "scf/scf_test.sio".
../../../bin/sial scf/scf_rhf_coreh.sial && cp scf/scf_rhf_coreh.sio ../../../bin/sio
input  file: scf/scf_rhf_coreh.sial
output file: scf/scf_rhf_coreh.sio
    No compilation errors
Writing tables to scf/scf_rhf_coreh.sio

SIO (Super Instruction Object) file is saved to "scf/scf_rhf_coreh.sio".
../../../bin/sial scf/scf_uhf_finish_damp_aguess.sial && cp scf/scf_uhf_finish_damp_aguess.sio ../../../bin/sio
input  file: scf/scf_uhf_finish_damp_aguess.sial
output file: scf/scf_uhf_finish_damp_aguess.sio
    No compilation errors
Writing tables to scf/scf_uhf_finish_damp_aguess.sio

SIO (Super Instruction Object) file is saved to "scf/scf_uhf_finish_damp_aguess.sio".
../../../bin/sial scf/scf_aguess.sial && cp scf/scf_aguess.sio ../../../bin/sio
input  file: scf/scf_aguess.sial
output file: scf/scf_aguess.sio
    No compilation errors
Writing tables to scf/scf_aguess.sio

SIO (Super Instruction Object) file is saved to "scf/scf_aguess.sio".
../../../bin/sial scf/scf_rhf.sial && cp scf/scf_rhf.sio ../../../bin/sio
input  file: scf/scf_rhf.sial
output file: scf/scf_rhf.sio
    No compilation errors
Writing tables to scf/scf_rhf.sio

SIO (Super Instruction Object) file is saved to "scf/scf_rhf.sio".
../../../bin/sial scf/scf_rhf_aguess.sial && cp scf/scf_rhf_aguess.sio ../../../bin/sio
input  file: scf/scf_rhf_aguess.sial
output file: scf/scf_rhf_aguess.sio
    No compilation errors
Writing tables to scf/scf_rhf_aguess.sio

SIO (Super Instruction Object) file is saved to "scf/scf_rhf_aguess.sio".
../../../bin/sial cis/cis_rhf.sial && cp cis/cis_rhf.sio ../../../bin/sio
input  file: cis/cis_rhf.sial
output file: cis/cis_rhf.sio
    No compilation errors
Writing tables to cis/cis_rhf.sio

SIO (Super Instruction Object) file is saved to "cis/cis_rhf.sio".
../../../bin/sial cis/cis_uhf.sial && cp cis/cis_uhf.sio ../../../bin/sio
input  file: cis/cis_uhf.sial
output file: cis/cis_uhf.sio
    No compilation errors
Writing tables to cis/cis_uhf.sio

SIO (Super Instruction Object) file is saved to "cis/cis_uhf.sio".
../../../bin/sial cis/cis_uhf_aodirect.sial && cp cis/cis_uhf_aodirect.sio ../../../bin/sio
input  file: cis/cis_uhf_aodirect.sial
output file: cis/cis_uhf_aodirect.sio
    No compilation errors
Writing tables to cis/cis_uhf_aodirect.sio

SIO (Super Instruction Object) file is saved to "cis/cis_uhf_aodirect.sio".
../../../bin/sial cis/cis_uhf_full_diag.sial && cp cis/cis_uhf_full_diag.sio ../../../bin/sio
input  file: cis/cis_uhf_full_diag.sial
output file: cis/cis_uhf_full_diag.sio
    No compilation errors
Writing tables to cis/cis_uhf_full_diag.sio

SIO (Super Instruction Object) file is saved to "cis/cis_uhf_full_diag.sio".
../../../bin/sial cis/cis_uhf_new.sial && cp cis/cis_uhf_new.sio ../../../bin/sio
input  file: cis/cis_uhf_new.sial
output file: cis/cis_uhf_new.sio
    No compilation errors
Writing tables to cis/cis_uhf_new.sio

SIO (Super Instruction Object) file is saved to "cis/cis_uhf_new.sio".
../../../bin/sial ccsdptgrad/two_test.sial && cp ccsdptgrad/two_test.sio ../../../bin/sio
input  file: ccsdptgrad/two_test.sial
output file: ccsdptgrad/two_test.sio
    No compilation errors
Writing tables to ccsdptgrad/two_test.sio

SIO (Super Instruction Object) file is saved to "ccsdptgrad/two_test.sio".
../../../bin/sial ccsdptgrad/lambdaT_uhf_ao_sv1.sial && cp ccsdptgrad/lambdaT_uhf_ao_sv1.sio ../../../bin/sio
input  file: ccsdptgrad/lambdaT_uhf_ao_sv1.sial
output file: ccsdptgrad/lambdaT_uhf_ao_sv1.sio
    No compilation errors
Writing tables to ccsdptgrad/lambdaT_uhf_ao_sv1.sio

SIO (Super Instruction Object) file is saved to "ccsdptgrad/lambdaT_uhf_ao_sv1.sio".
../../../bin/sial ccsdptgrad/utgrad_aaa.sial && cp ccsdptgrad/utgrad_aaa.sio ../../../bin/sio
input  file: ccsdptgrad/utgrad_aaa.sial
output file: ccsdptgrad/utgrad_aaa.sio
    No compilation errors
Writing tables to ccsdptgrad/utgrad_aaa.sio

SIO (Super Instruction Object) file is saved to "ccsdptgrad/utgrad_aaa.sio".
../../../bin/sial ccsdptgrad/temp_sub.sial && cp ccsdptgrad/temp_sub.sio ../../../bin/sio
input  file: ccsdptgrad/temp_sub.sial
output file: ccsdptgrad/temp_sub.sio
    No compilation errors
Writing tables to ccsdptgrad/temp_sub.sio

SIO (Super Instruction Object) file is saved to "ccsdptgrad/temp_sub.sio".
../../../bin/sial ccsdptgrad/one_test.sial && cp ccsdptgrad/one_test.sio ../../../bin/sio
input  file: ccsdptgrad/one_test.sial
output file: ccsdptgrad/one_test.sio
    No compilation errors
Writing tables to ccsdptgrad/one_test.sio

SIO (Super Instruction Object) file is saved to "ccsdptgrad/one_test.sio".
../../../bin/sial ccsdptgrad/temp.sial && cp ccsdptgrad/temp.sio ../../../bin/sio
input  file: ccsdptgrad/temp.sial
output file: ccsdptgrad/temp.sio
    No compilation errors
Writing tables to ccsdptgrad/temp.sio

SIO (Super Instruction Object) file is saved to "ccsdptgrad/temp.sio".
../../../bin/sial ccsdptgrad/temp_ref.sial && cp ccsdptgrad/temp_ref.sio ../../../bin/sio
input  file: ccsdptgrad/temp_ref.sial
output file: ccsdptgrad/temp_ref.sio
    No compilation errors
Writing tables to ccsdptgrad/temp_ref.sio

SIO (Super Instruction Object) file is saved to "ccsdptgrad/temp_ref.sio".
../../../bin/sial ccsdptgrad/temp_ref_opt.sial && cp ccsdptgrad/temp_ref_opt.sio ../../../bin/sio
input  file: ccsdptgrad/temp_ref_opt.sial
output file: ccsdptgrad/temp_ref_opt.sio
    No compilation errors
Writing tables to ccsdptgrad/temp_ref_opt.sio

SIO (Super Instruction Object) file is saved to "ccsdptgrad/temp_ref_opt.sio".
../../../bin/sial rpa/rpa_uhf.sial && cp rpa/rpa_uhf.sio ../../../bin/sio
input  file: rpa/rpa_uhf.sial
output file: rpa/rpa_uhf.sio
    No compilation errors
Writing tables to rpa/rpa_uhf.sio

SIO (Super Instruction Object) file is saved to "rpa/rpa_uhf.sio".
../../../bin/sial ea/ea_eomcc_uhf.sial && cp ea/ea_eomcc_uhf.sio ../../../bin/sio
input  file: ea/ea_eomcc_uhf.sial
output file: ea/ea_eomcc_uhf.sio
    No compilation errors
Writing tables to ea/ea_eomcc_uhf.sio

SIO (Super Instruction Object) file is saved to "ea/ea_eomcc_uhf.sio".
../../../bin/sial simpletest/scftest_2e.sial && cp simpletest/scftest_2e.sio ../../../bin/sio
input  file: simpletest/scftest_2e.sial
output file: simpletest/scftest_2e.sio
    No compilation errors
Writing tables to simpletest/scftest_2e.sio

SIO (Super Instruction Object) file is saved to "simpletest/scftest_2e.sio".
../../../bin/sial simpletest/scftest_1a.sial && cp simpletest/scftest_1a.sio ../../../bin/sio
input  file: simpletest/scftest_1a.sial
output file: simpletest/scftest_1a.sio
    No compilation errors
Writing tables to simpletest/scftest_1a.sio

SIO (Super Instruction Object) file is saved to "simpletest/scftest_1a.sio".
../../../bin/sial simpletest/scf_nj_onlydisk.sial && cp simpletest/scf_nj_onlydisk.sio ../../../bin/sio
input  file: simpletest/scf_nj_onlydisk.sial
output file: simpletest/scf_nj_onlydisk.sio
    No compilation errors
Writing tables to simpletest/scf_nj_onlydisk.sio

SIO (Super Instruction Object) file is saved to "simpletest/scf_nj_onlydisk.sio".
../../../bin/sial simpletest/scftest_2d.sial && cp simpletest/scftest_2d.sio ../../../bin/sio
input  file: simpletest/scftest_2d.sial
output file: simpletest/scftest_2d.sio
    No compilation errors
Writing tables to simpletest/scftest_2d.sio

SIO (Super Instruction Object) file is saved to "simpletest/scftest_2d.sio".
../../../bin/sial simpletest/scf_nj_onlynetwork.sial && cp simpletest/scf_nj_onlynetwork.sio ../../../bin/sio
input  file: simpletest/scf_nj_onlynetwork.sial
output file: simpletest/scf_nj_onlynetwork.sio
    No compilation errors
Writing tables to simpletest/scf_nj_onlynetwork.sio

SIO (Super Instruction Object) file is saved to "simpletest/scf_nj_onlynetwork.sio".
../../../bin/sial simpletest/scftest_2c.sial && cp simpletest/scftest_2c.sio ../../../bin/sio
input  file: simpletest/scftest_2c.sial
output file: simpletest/scftest_2c.sio
    No compilation errors
Writing tables to simpletest/scftest_2c.sio

SIO (Super Instruction Object) file is saved to "simpletest/scftest_2c.sio".
../../../bin/sial simpletest/scf_nj_disktest.sial && cp simpletest/scf_nj_disktest.sio ../../../bin/sio
input  file: simpletest/scf_nj_disktest.sial
output file: simpletest/scf_nj_disktest.sio
    No compilation errors
Writing tables to simpletest/scf_nj_disktest.sio

SIO (Super Instruction Object) file is saved to "simpletest/scf_nj_disktest.sio".
../../../bin/sial simpletest/scf_nj_onlypreparetemp.sial && cp simpletest/scf_nj_onlypreparetemp.sio ../../../bin/sio
input  file: simpletest/scf_nj_onlypreparetemp.sial
output file: simpletest/scf_nj_onlypreparetemp.sio
    No compilation errors
Writing tables to simpletest/scf_nj_onlypreparetemp.sio

SIO (Super Instruction Object) file is saved to "simpletest/scf_nj_onlypreparetemp.sio".
../../../bin/sial simpletest/scftest_1b.sial && cp simpletest/scftest_1b.sio ../../../bin/sio
input  file: simpletest/scftest_1b.sial
output file: simpletest/scftest_1b.sio
    No compilation errors
Writing tables to simpletest/scftest_1b.sio

SIO (Super Instruction Object) file is saved to "simpletest/scftest_1b.sio".
../../../bin/sial simpletest/scftest_xx.sial && cp simpletest/scftest_xx.sio ../../../bin/sio
input  file: simpletest/scftest_xx.sial
output file: simpletest/scftest_xx.sio
    No compilation errors
Writing tables to simpletest/scftest_xx.sio

SIO (Super Instruction Object) file is saved to "simpletest/scftest_xx.sio".
../../../bin/sial simpletest/scftest_2f.sial && cp simpletest/scftest_2f.sio ../../../bin/sio
input  file: simpletest/scftest_2f.sial
output file: simpletest/scftest_2f.sio
    No compilation errors
Writing tables to simpletest/scftest_2f.sio

SIO (Super Instruction Object) file is saved to "simpletest/scftest_2f.sio".
../../../bin/sial simpletest/scftest_3.sial && cp simpletest/scftest_3.sio ../../../bin/sio
input  file: simpletest/scftest_3.sial
output file: simpletest/scftest_3.sio
    No compilation errors
Writing tables to simpletest/scftest_3.sio

SIO (Super Instruction Object) file is saved to "simpletest/scftest_3.sio".
../../../bin/sial simpletest/scftest_nop.sial && cp simpletest/scftest_nop.sio ../../../bin/sio
input  file: simpletest/scftest_nop.sial
output file: simpletest/scftest_nop.sio
    No compilation errors
Writing tables to simpletest/scftest_nop.sio

SIO (Super Instruction Object) file is saved to "simpletest/scftest_nop.sio".
../../../bin/sial simpletest/scftest_2a.sial && cp simpletest/scftest_2a.sio ../../../bin/sio
input  file: simpletest/scftest_2a.sial
output file: simpletest/scftest_2a.sio
    No compilation errors
Writing tables to simpletest/scftest_2a.sio

SIO (Super Instruction Object) file is saved to "simpletest/scftest_2a.sio".
../../../bin/sial simpletest/scftest_0.sial && cp simpletest/scftest_0.sio ../../../bin/sio
input  file: simpletest/scftest_0.sial
output file: simpletest/scftest_0.sio
    No compilation errors
Writing tables to simpletest/scftest_0.sio

SIO (Super Instruction Object) file is saved to "simpletest/scftest_0.sio".
../../../bin/sial simpletest/scf_nj_onlyprepare.sial && cp simpletest/scf_nj_onlyprepare.sio ../../../bin/sio
input  file: simpletest/scf_nj_onlyprepare.sial
output file: simpletest/scf_nj_onlyprepare.sio
    No compilation errors
Writing tables to simpletest/scf_nj_onlyprepare.sio

SIO (Super Instruction Object) file is saved to "simpletest/scf_nj_onlyprepare.sio".
../../../bin/sial simpletest/scftest_1c.sial && cp simpletest/scftest_1c.sio ../../../bin/sio
input  file: simpletest/scftest_1c.sial
output file: simpletest/scftest_1c.sio
    No compilation errors
Writing tables to simpletest/scftest_1c.sio

SIO (Super Instruction Object) file is saved to "simpletest/scftest_1c.sio".
../../../bin/sial simpletest/scftest_2b.sial && cp simpletest/scftest_2b.sio ../../../bin/sio
input  file: simpletest/scftest_2b.sial
output file: simpletest/scftest_2b.sio
    No compilation errors
Writing tables to simpletest/scftest_2b.sio

SIO (Super Instruction Object) file is saved to "simpletest/scftest_2b.sio".
../../../bin/sial vccs/tccs.sial && cp vccs/tccs.sio ../../../bin/sio
input  file: vccs/tccs.sial
output file: vccs/tccs.sio
    No compilation errors
Writing tables to vccs/tccs.sio

SIO (Super Instruction Object) file is saved to "vccs/tccs.sio".
../../../bin/sial vccs/vccs_uhf.sial && cp vccs/vccs_uhf.sio ../../../bin/sio
input  file: vccs/vccs_uhf.sial
output file: vccs/vccs_uhf.sio
    No compilation errors
Writing tables to vccs/vccs_uhf.sio

SIO (Super Instruction Object) file is saved to "vccs/vccs_uhf.sio".
../../../bin/sial vccs/vccs_core_ee_uhf.sial && cp vccs/vccs_core_ee_uhf.sio ../../../bin/sio
input  file: vccs/vccs_core_ee_uhf.sial
output file: vccs/vccs_core_ee_uhf.sio
    No compilation errors
Writing tables to vccs/vccs_core_ee_uhf.sio

SIO (Super Instruction Object) file is saved to "vccs/vccs_core_ee_uhf.sio".
../../../bin/sial vccs/scf_uhf_aguess_tom.sial && cp vccs/scf_uhf_aguess_tom.sio ../../../bin/sio
input  file: vccs/scf_uhf_aguess_tom.sial
output file: vccs/scf_uhf_aguess_tom.sio
    No compilation errors
Writing tables to vccs/scf_uhf_aguess_tom.sio

SIO (Super Instruction Object) file is saved to "vccs/scf_uhf_aguess_tom.sio".
../../../bin/sial vccs/ttt.sial && cp vccs/ttt.sio ../../../bin/sio
input  file: vccs/ttt.sial
output file: vccs/ttt.sio
    No compilation errors
Writing tables to vccs/ttt.sio

SIO (Super Instruction Object) file is saved to "vccs/ttt.sio".
../../../bin/sial vccs/vccs_core_ip_uhf.sial && cp vccs/vccs_core_ip_uhf.sio ../../../bin/sio
input  file: vccs/vccs_core_ip_uhf.sial
output file: vccs/vccs_core_ip_uhf.sio
    No compilation errors
Writing tables to vccs/vccs_core_ip_uhf.sio

SIO (Super Instruction Object) file is saved to "vccs/vccs_core_ip_uhf.sio".
../../../bin/sial vccs/vccs_core_dip_uhf.sial && cp vccs/vccs_core_dip_uhf.sio ../../../bin/sio
input  file: vccs/vccs_core_dip_uhf.sial
output file: vccs/vccs_core_dip_uhf.sio
    No compilation errors
Writing tables to vccs/vccs_core_dip_uhf.sio

SIO (Super Instruction Object) file is saved to "vccs/vccs_core_dip_uhf.sio".
../../../bin/sial vccs/scf_uhf_vccs_aguess.sial && cp vccs/scf_uhf_vccs_aguess.sio ../../../bin/sio
input  file: vccs/scf_uhf_vccs_aguess.sial
output file: vccs/scf_uhf_vccs_aguess.sio
    No compilation errors
Writing tables to vccs/scf_uhf_vccs_aguess.sio

SIO (Super Instruction Object) file is saved to "vccs/scf_uhf_vccs_aguess.sio".
../../../bin/sial vccs/vccs_3rd_inf_relax.sial && cp vccs/vccs_3rd_inf_relax.sio ../../../bin/sio
input  file: vccs/vccs_3rd_inf_relax.sial
output file: vccs/vccs_3rd_inf_relax.sio
    No compilation errors
Writing tables to vccs/vccs_3rd_inf_relax.sio

SIO (Super Instruction Object) file is saved to "vccs/vccs_3rd_inf_relax.sio".
../../../bin/sial vccs/test_vccs.sial && cp vccs/test_vccs.sio ../../../bin/sio
input  file: vccs/test_vccs.sial
output file: vccs/test_vccs.sio
    No compilation errors
Writing tables to vccs/test_vccs.sio

SIO (Super Instruction Object) file is saved to "vccs/test_vccs.sio".
../../../bin/sial vccs/vccs_sym_break.sial && cp vccs/vccs_sym_break.sio ../../../bin/sio
input  file: vccs/vccs_sym_break.sial
output file: vccs/vccs_sym_break.sio
    No compilation errors
Writing tables to vccs/vccs_sym_break.sio

SIO (Super Instruction Object) file is saved to "vccs/vccs_sym_break.sio".
../../../bin/sial vccs/vccs_rhf.sial && cp vccs/vccs_rhf.sio ../../../bin/sio
input  file: vccs/vccs_rhf.sial
output file: vccs/vccs_rhf.sio
    No compilation errors
Writing tables to vccs/vccs_rhf.sio

SIO (Super Instruction Object) file is saved to "vccs/vccs_rhf.sio".
../../../bin/sial vccs/scf_vccs_uhf.sial && cp vccs/scf_vccs_uhf.sio ../../../bin/sio
input  file: vccs/scf_vccs_uhf.sial
output file: vccs/scf_vccs_uhf.sio
    No compilation errors
Writing tables to vccs/scf_vccs_uhf.sio

SIO (Super Instruction Object) file is saved to "vccs/scf_vccs_uhf.sio".
../../../bin/sial vccs/scf_vccs_aguess_uhf.sial && cp vccs/scf_vccs_aguess_uhf.sio ../../../bin/sio
input  file: vccs/scf_vccs_aguess_uhf.sial
output file: vccs/scf_vccs_aguess_uhf.sio
    No compilation errors
Writing tables to vccs/scf_vccs_aguess_uhf.sio

SIO (Super Instruction Object) file is saved to "vccs/scf_vccs_aguess_uhf.sio".
../../../bin/sial tran/tran_rhf_expanded.sial && cp tran/tran_rhf_expanded.sio ../../../bin/sio
input  file: tran/tran_rhf_expanded.sial
output file: tran/tran_rhf_expanded.sio
    No compilation errors
Writing tables to tran/tran_rhf_expanded.sio

SIO (Super Instruction Object) file is saved to "tran/tran_rhf_expanded.sio".
../../../bin/sial tran/tran_rhf_ao_sv1.sial && cp tran/tran_rhf_ao_sv1.sio ../../../bin/sio
input  file: tran/tran_rhf_ao_sv1.sial
output file: tran/tran_rhf_ao_sv1.sio
    No compilation errors
Writing tables to tran/tran_rhf_ao_sv1.sio

SIO (Super Instruction Object) file is saved to "tran/tran_rhf_ao_sv1.sio".
../../../bin/sial tran/tran_uhf_expanded.sial && cp tran/tran_uhf_expanded.sio ../../../bin/sio
input  file: tran/tran_uhf_expanded.sial
output file: tran/tran_uhf_expanded.sio
    No compilation errors
Writing tables to tran/tran_uhf_expanded.sio

SIO (Super Instruction Object) file is saved to "tran/tran_uhf_expanded.sio".
../../../bin/sial tran/tran_uhf_ao_sv1.sial && cp tran/tran_uhf_ao_sv1.sio ../../../bin/sio
input  file: tran/tran_uhf_ao_sv1.sial
output file: tran/tran_uhf_ao_sv1.sio
    No compilation errors
Writing tables to tran/tran_uhf_ao_sv1.sio

SIO (Super Instruction Object) file is saved to "tran/tran_uhf_ao_sv1.sio".
../../../bin/sial tran/etran_rhf.sial && cp tran/etran_rhf.sio ../../../bin/sio
input  file: tran/etran_rhf.sial
output file: tran/etran_rhf.sio
    No compilation errors
Writing tables to tran/etran_rhf.sio

SIO (Super Instruction Object) file is saved to "tran/etran_rhf.sio".
../../../bin/sial mp2grad/mp2grad_rhf.sial && cp mp2grad/mp2grad_rhf.sio ../../../bin/sio
input  file: mp2grad/mp2grad_rhf.sial
output file: mp2grad/mp2grad_rhf.sio
    No compilation errors
Writing tables to mp2grad/mp2grad_rhf.sio

SIO (Super Instruction Object) file is saved to "mp2grad/mp2grad_rhf.sio".
../../../bin/sial mp2grad/mp2grad_uhf.sial && cp mp2grad/mp2grad_uhf.sio ../../../bin/sio
input  file: mp2grad/mp2grad_uhf.sial
output file: mp2grad/mp2grad_uhf.sio
    No compilation errors
Writing tables to mp2grad/mp2grad_uhf.sio

SIO (Super Instruction Object) file is saved to "mp2grad/mp2grad_uhf.sio".
../../../bin/sial eomccsdpt/uleomccsdpt_bbb_psect.sial && cp eomccsdpt/uleomccsdpt_bbb_psect.sio ../../../bin/sio
input  file: eomccsdpt/uleomccsdpt_bbb_psect.sial
output file: eomccsdpt/uleomccsdpt_bbb_psect.sio
    No compilation errors
Writing tables to eomccsdpt/uleomccsdpt_bbb_psect.sio

SIO (Super Instruction Object) file is saved to "eomccsdpt/uleomccsdpt_bbb_psect.sio".
../../../bin/sial eomccsdpt/leomccsdpt_aab_psect.sial && cp eomccsdpt/leomccsdpt_aab_psect.sio ../../../bin/sio
input  file: eomccsdpt/leomccsdpt_aab_psect.sial
output file: eomccsdpt/leomccsdpt_aab_psect.sio
    No compilation errors
Writing tables to eomccsdpt/leomccsdpt_aab_psect.sio

SIO (Super Instruction Object) file is saved to "eomccsdpt/leomccsdpt_aab_psect.sio".
../../../bin/sial eomccsdpt/print_eomccsdpt.sial && cp eomccsdpt/print_eomccsdpt.sio ../../../bin/sio
input  file: eomccsdpt/print_eomccsdpt.sial
output file: eomccsdpt/print_eomccsdpt.sio
    No compilation errors
Writing tables to eomccsdpt/print_eomccsdpt.sio

SIO (Super Instruction Object) file is saved to "eomccsdpt/print_eomccsdpt.sio".
../../../bin/sial eomccsdpt/print_rhf_eomccsdpt.sial && cp eomccsdpt/print_rhf_eomccsdpt.sio ../../../bin/sio
input  file: eomccsdpt/print_rhf_eomccsdpt.sial
output file: eomccsdpt/print_rhf_eomccsdpt.sio
    No compilation errors
Writing tables to eomccsdpt/print_rhf_eomccsdpt.sio

SIO (Super Instruction Object) file is saved to "eomccsdpt/print_rhf_eomccsdpt.sio".
../../../bin/sial eomccsdpt/leomccsdpt_aaa_psect.sial && cp eomccsdpt/leomccsdpt_aaa_psect.sio ../../../bin/sio
input  file: eomccsdpt/leomccsdpt_aaa_psect.sial
output file: eomccsdpt/leomccsdpt_aaa_psect.sio
    No compilation errors
Writing tables to eomccsdpt/leomccsdpt_aaa_psect.sio

SIO (Super Instruction Object) file is saved to "eomccsdpt/leomccsdpt_aaa_psect.sio".
../../../bin/sial eomccsdpt/print_uhf_eomccsdpt.sial && cp eomccsdpt/print_uhf_eomccsdpt.sio ../../../bin/sio
input  file: eomccsdpt/print_uhf_eomccsdpt.sial
output file: eomccsdpt/print_uhf_eomccsdpt.sio
    No compilation errors
Writing tables to eomccsdpt/print_uhf_eomccsdpt.sio

SIO (Super Instruction Object) file is saved to "eomccsdpt/print_uhf_eomccsdpt.sio".
../../../bin/sial eomccsdpt/uleomccsdpt_bba_psect.sial && cp eomccsdpt/uleomccsdpt_bba_psect.sio ../../../bin/sio
input  file: eomccsdpt/uleomccsdpt_bba_psect.sial
output file: eomccsdpt/uleomccsdpt_bba_psect.sio
    No compilation errors
Writing tables to eomccsdpt/uleomccsdpt_bba_psect.sio

SIO (Super Instruction Object) file is saved to "eomccsdpt/uleomccsdpt_bba_psect.sio".
../../../bin/sial eomccsdpt/uleomccsdpt_aaa_psect.sial && cp eomccsdpt/uleomccsdpt_aaa_psect.sio ../../../bin/sio
input  file: eomccsdpt/uleomccsdpt_aaa_psect.sial
output file: eomccsdpt/uleomccsdpt_aaa_psect.sio
    No compilation errors
Writing tables to eomccsdpt/uleomccsdpt_aaa_psect.sio

SIO (Super Instruction Object) file is saved to "eomccsdpt/uleomccsdpt_aaa_psect.sio".
../../../bin/sial eomccsdpt/uleomccsdpt_aab_psect.sial && cp eomccsdpt/uleomccsdpt_aab_psect.sio ../../../bin/sio
input  file: eomccsdpt/uleomccsdpt_aab_psect.sial
output file: eomccsdpt/uleomccsdpt_aab_psect.sio
    No compilation errors
Writing tables to eomccsdpt/uleomccsdpt_aab_psect.sio

SIO (Super Instruction Object) file is saved to "eomccsdpt/uleomccsdpt_aab_psect.sio".
../../../bin/sial expand/expand_cc.sial && cp expand/expand_cc.sio ../../../bin/sio
input  file: expand/expand_cc.sial
output file: expand/expand_cc.sio
    No compilation errors
Writing tables to expand/expand_cc.sio

SIO (Super Instruction Object) file is saved to "expand/expand_cc.sio".
../../../bin/sial expand/expand_ccsd_rhf.sial && cp expand/expand_ccsd_rhf.sio ../../../bin/sio
input  file: expand/expand_ccsd_rhf.sial
output file: expand/expand_ccsd_rhf.sio
    No compilation errors
Writing tables to expand/expand_ccsd_rhf.sio

SIO (Super Instruction Object) file is saved to "expand/expand_ccsd_rhf.sio".
../../../bin/sial expand/expand_lccd_rhf.sial && cp expand/expand_lccd_rhf.sio ../../../bin/sio
input  file: expand/expand_lccd_rhf.sial
output file: expand/expand_lccd_rhf.sio
    No compilation errors
Writing tables to expand/expand_lccd_rhf.sio

SIO (Super Instruction Object) file is saved to "expand/expand_lccd_rhf.sio".
../../../bin/sial scfgrad/gradscf.sial && cp scfgrad/gradscf.sio ../../../bin/sio
input  file: scfgrad/gradscf.sial
output file: scfgrad/gradscf.sio
    No compilation errors
Writing tables to scfgrad/gradscf.sio

SIO (Super Instruction Object) file is saved to "scfgrad/gradscf.sio".
../../../bin/sial lccsdpt/ulccsdpt_bbb_psect.sial && cp lccsdpt/ulccsdpt_bbb_psect.sio ../../../bin/sio
input  file: lccsdpt/ulccsdpt_bbb_psect.sial
output file: lccsdpt/ulccsdpt_bbb_psect.sio
    No compilation errors
Writing tables to lccsdpt/ulccsdpt_bbb_psect.sio

SIO (Super Instruction Object) file is saved to "lccsdpt/ulccsdpt_bbb_psect.sio".
../../../bin/sial lccsdpt/lccsdpt_aab_psect.sial && cp lccsdpt/lccsdpt_aab_psect.sio ../../../bin/sio
input  file: lccsdpt/lccsdpt_aab_psect.sial
output file: lccsdpt/lccsdpt_aab_psect.sio
    No compilation errors
Writing tables to lccsdpt/lccsdpt_aab_psect.sio

SIO (Super Instruction Object) file is saved to "lccsdpt/lccsdpt_aab_psect.sio".
../../../bin/sial lccsdpt/lccsdpt_rhf_aab.sial && cp lccsdpt/lccsdpt_rhf_aab.sio ../../../bin/sio
input  file: lccsdpt/lccsdpt_rhf_aab.sial
output file: lccsdpt/lccsdpt_rhf_aab.sio
    No compilation errors
Writing tables to lccsdpt/lccsdpt_rhf_aab.sio

SIO (Super Instruction Object) file is saved to "lccsdpt/lccsdpt_rhf_aab.sio".
../../../bin/sial lccsdpt/lccsdpt_rhf_aaa.sial && cp lccsdpt/lccsdpt_rhf_aaa.sio ../../../bin/sio
input  file: lccsdpt/lccsdpt_rhf_aaa.sial
output file: lccsdpt/lccsdpt_rhf_aaa.sio
    No compilation errors
Writing tables to lccsdpt/lccsdpt_rhf_aaa.sio

SIO (Super Instruction Object) file is saved to "lccsdpt/lccsdpt_rhf_aaa.sio".
../../../bin/sial lccsdpt/ulccsdpt_bba_psect.sial && cp lccsdpt/ulccsdpt_bba_psect.sio ../../../bin/sio
input  file: lccsdpt/ulccsdpt_bba_psect.sial
output file: lccsdpt/ulccsdpt_bba_psect.sio
    No compilation errors
Writing tables to lccsdpt/ulccsdpt_bba_psect.sio

SIO (Super Instruction Object) file is saved to "lccsdpt/ulccsdpt_bba_psect.sio".
../../../bin/sial lccsdpt/lccsdpt_aaa_psect.sial && cp lccsdpt/lccsdpt_aaa_psect.sio ../../../bin/sio
input  file: lccsdpt/lccsdpt_aaa_psect.sial
output file: lccsdpt/lccsdpt_aaa_psect.sio
    No compilation errors
Writing tables to lccsdpt/lccsdpt_aaa_psect.sio

SIO (Super Instruction Object) file is saved to "lccsdpt/lccsdpt_aaa_psect.sio".
../../../bin/sial lccsdpt/ulccsdpt_aab_psect.sial && cp lccsdpt/ulccsdpt_aab_psect.sio ../../../bin/sio
input  file: lccsdpt/ulccsdpt_aab_psect.sial
output file: lccsdpt/ulccsdpt_aab_psect.sio
    No compilation errors
Writing tables to lccsdpt/ulccsdpt_aab_psect.sio

SIO (Super Instruction Object) file is saved to "lccsdpt/ulccsdpt_aab_psect.sio".
../../../bin/sial lccsdpt/ulccsdpt_aaa_psect.sial && cp lccsdpt/ulccsdpt_aaa_psect.sio ../../../bin/sio
input  file: lccsdpt/ulccsdpt_aaa_psect.sial
output file: lccsdpt/ulccsdpt_aaa_psect.sio
    No compilation errors
Writing tables to lccsdpt/ulccsdpt_aaa_psect.sio

SIO (Super Instruction Object) file is saved to "lccsdpt/ulccsdpt_aaa_psect.sio".
../../../bin/sial lccsdpt/lambda_uhf_rprint.sial && cp lccsdpt/lambda_uhf_rprint.sio ../../../bin/sio
input  file: lccsdpt/lambda_uhf_rprint.sial
output file: lccsdpt/lambda_uhf_rprint.sio
    No compilation errors
Writing tables to lccsdpt/lambda_uhf_rprint.sio

SIO (Super Instruction Object) file is saved to "lccsdpt/lambda_uhf_rprint.sio".
../../../bin/sial extnd_koopman/extnd_koopmans_mp2.sial && cp extnd_koopman/extnd_koopmans_mp2.sio ../../../bin/sio
input  file: extnd_koopman/extnd_koopmans_mp2.sial
output file: extnd_koopman/extnd_koopmans_mp2.sio
    No compilation errors
Writing tables to extnd_koopman/extnd_koopmans_mp2.sio

SIO (Super Instruction Object) file is saved to "extnd_koopman/extnd_koopmans_mp2.sio".
../../../bin/sial extnd_koopman/extnd_koopmans.sial && cp extnd_koopman/extnd_koopmans.sio ../../../bin/sio
input  file: extnd_koopman/extnd_koopmans.sial
output file: extnd_koopman/extnd_koopmans.sio
    No compilation errors
Writing tables to extnd_koopman/extnd_koopmans.sio

SIO (Super Instruction Object) file is saved to "extnd_koopman/extnd_koopmans.sio".
../../../bin/sial pden_debug/scf_uhf_h2_triplet.sial && cp pden_debug/scf_uhf_h2_triplet.sio ../../../bin/sio
input  file: pden_debug/scf_uhf_h2_triplet.sial
output file: pden_debug/scf_uhf_h2_triplet.sio
    No compilation errors
Writing tables to pden_debug/scf_uhf_h2_triplet.sio

SIO (Super Instruction Object) file is saved to "pden_debug/scf_uhf_h2_triplet.sio".
../../../bin/sial pden_debug/one_grad_uhf_fd.sial && cp pden_debug/one_grad_uhf_fd.sio ../../../bin/sio
input  file: pden_debug/one_grad_uhf_fd.sial
output file: pden_debug/one_grad_uhf_fd.sio
    No compilation errors
Writing tables to pden_debug/one_grad_uhf_fd.sio

SIO (Super Instruction Object) file is saved to "pden_debug/one_grad_uhf_fd.sio".
../../../bin/sial pden_debug/two_grad_uhf_0.sial && cp pden_debug/two_grad_uhf_0.sio ../../../bin/sio
input  file: pden_debug/two_grad_uhf_0.sial
output file: pden_debug/two_grad_uhf_0.sio
    No compilation errors
Writing tables to pden_debug/two_grad_uhf_0.sio

SIO (Super Instruction Object) file is saved to "pden_debug/two_grad_uhf_0.sio".
../../../bin/sial pden_debug/fd_2pd_AO.sial && cp pden_debug/fd_2pd_AO.sio ../../../bin/sio
input  file: pden_debug/fd_2pd_AO.sial
output file: pden_debug/fd_2pd_AO.sio
    No compilation errors
Writing tables to pden_debug/fd_2pd_AO.sio

SIO (Super Instruction Object) file is saved to "pden_debug/fd_2pd_AO.sio".
../../../bin/sial pden_debug/MBPT2_UHF_fd.sial && cp pden_debug/MBPT2_UHF_fd.sio ../../../bin/sio
input  file: pden_debug/MBPT2_UHF_fd.sial
output file: pden_debug/MBPT2_UHF_fd.sio
    No compilation errors
Writing tables to pden_debug/MBPT2_UHF_fd.sio

SIO (Super Instruction Object) file is saved to "pden_debug/MBPT2_UHF_fd.sio".
../../../bin/sial pden_debug/LCCSD_uhf_fd.sial && cp pden_debug/LCCSD_uhf_fd.sio ../../../bin/sio
input  file: pden_debug/LCCSD_uhf_fd.sial
output file: pden_debug/LCCSD_uhf_fd.sio
    No compilation errors
Writing tables to pden_debug/LCCSD_uhf_fd.sio

SIO (Super Instruction Object) file is saved to "pden_debug/LCCSD_uhf_fd.sio".
../../../bin/sial pden_debug/scf_uhf_fdp.sial && cp pden_debug/scf_uhf_fdp.sio ../../../bin/sio
input  file: pden_debug/scf_uhf_fdp.sial
output file: pden_debug/scf_uhf_fdp.sio
    No compilation errors
Writing tables to pden_debug/scf_uhf_fdp.sio

SIO (Super Instruction Object) file is saved to "pden_debug/scf_uhf_fdp.sio".
../../../bin/sial pden_debug/two_grad_uhf_fd.sial && cp pden_debug/two_grad_uhf_fd.sio ../../../bin/sio
input  file: pden_debug/two_grad_uhf_fd.sial
output file: pden_debug/two_grad_uhf_fd.sio
    No compilation errors
Writing tables to pden_debug/two_grad_uhf_fd.sio

SIO (Super Instruction Object) file is saved to "pden_debug/two_grad_uhf_fd.sio".
../../../bin/sial pden_debug/ad_sym_2pd.sial && cp pden_debug/ad_sym_2pd.sio ../../../bin/sio
input  file: pden_debug/ad_sym_2pd.sial
output file: pden_debug/ad_sym_2pd.sio
    No compilation errors
Writing tables to pden_debug/ad_sym_2pd.sio

SIO (Super Instruction Object) file is saved to "pden_debug/ad_sym_2pd.sio".
../../../bin/sial pden_debug/LCCSD_0resp_1D_fd.sial && cp pden_debug/LCCSD_0resp_1D_fd.sio ../../../bin/sio
input  file: pden_debug/LCCSD_0resp_1D_fd.sial
output file: pden_debug/LCCSD_0resp_1D_fd.sio
    No compilation errors
Writing tables to pden_debug/LCCSD_0resp_1D_fd.sio

SIO (Super Instruction Object) file is saved to "pden_debug/LCCSD_0resp_1D_fd.sio".
../../../bin/sial pden_debug/scf_uhf_ainit_fd.sial && cp pden_debug/scf_uhf_ainit_fd.sio ../../../bin/sio
input  file: pden_debug/scf_uhf_ainit_fd.sial
output file: pden_debug/scf_uhf_ainit_fd.sio
    No compilation errors
Writing tables to pden_debug/scf_uhf_ainit_fd.sio

SIO (Super Instruction Object) file is saved to "pden_debug/scf_uhf_ainit_fd.sio".
../../../bin/sial pden_debug/integ_debug.sial && cp pden_debug/integ_debug.sio ../../../bin/sio
input  file: pden_debug/integ_debug.sial
output file: pden_debug/integ_debug.sio
    No compilation errors
Writing tables to pden_debug/integ_debug.sio

SIO (Super Instruction Object) file is saved to "pden_debug/integ_debug.sio".
../../../bin/sial pden_debug/lambda_uhf_fd.sial && cp pden_debug/lambda_uhf_fd.sio ../../../bin/sio
input  file: pden_debug/lambda_uhf_fd.sial
output file: pden_debug/lambda_uhf_fd.sio
    No compilation errors
Writing tables to pden_debug/lambda_uhf_fd.sio

SIO (Super Instruction Object) file is saved to "pden_debug/lambda_uhf_fd.sio".
../../../bin/sial pden_debug/MBPT2_one_grad_uhf_fd.sial && cp pden_debug/MBPT2_one_grad_uhf_fd.sio ../../../bin/sio
input  file: pden_debug/MBPT2_one_grad_uhf_fd.sial
output file: pden_debug/MBPT2_one_grad_uhf_fd.sio
    No compilation errors
Writing tables to pden_debug/MBPT2_one_grad_uhf_fd.sio

SIO (Super Instruction Object) file is saved to "pden_debug/MBPT2_one_grad_uhf_fd.sio".
../../../bin/sial pden_debug/two_grad_uhf_fdm.sial && cp pden_debug/two_grad_uhf_fdm.sio ../../../bin/sio
input  file: pden_debug/two_grad_uhf_fdm.sial
output file: pden_debug/two_grad_uhf_fdm.sio
    No compilation errors
Writing tables to pden_debug/two_grad_uhf_fdm.sio

SIO (Super Instruction Object) file is saved to "pden_debug/two_grad_uhf_fdm.sio".
../../../bin/sial pden_debug/one_grad_uhf_0.sial && cp pden_debug/one_grad_uhf_0.sio ../../../bin/sio
input  file: pden_debug/one_grad_uhf_0.sial
output file: pden_debug/one_grad_uhf_0.sio
    No compilation errors
Writing tables to pden_debug/one_grad_uhf_0.sio

SIO (Super Instruction Object) file is saved to "pden_debug/one_grad_uhf_0.sio".
../../../bin/sial pden_debug/fd_2pd.sial && cp pden_debug/fd_2pd.sio ../../../bin/sio
input  file: pden_debug/fd_2pd.sial
output file: pden_debug/fd_2pd.sio
    No compilation errors
Writing tables to pden_debug/fd_2pd.sio

SIO (Super Instruction Object) file is saved to "pden_debug/fd_2pd.sio".
../../../bin/sial pden_debug/ad_asym_2pd.sial && cp pden_debug/ad_asym_2pd.sio ../../../bin/sio
input  file: pden_debug/ad_asym_2pd.sial
output file: pden_debug/ad_asym_2pd.sio
    No compilation errors
Writing tables to pden_debug/ad_asym_2pd.sio

SIO (Super Instruction Object) file is saved to "pden_debug/ad_asym_2pd.sio".
../../../bin/sial pden_debug/fd_t12.sial && cp pden_debug/fd_t12.sio ../../../bin/sio
input  file: pden_debug/fd_t12.sial
output file: pden_debug/fd_t12.sio
    No compilation errors
Writing tables to pden_debug/fd_t12.sio

SIO (Super Instruction Object) file is saved to "pden_debug/fd_t12.sio".
../../../bin/sial pden_debug/gradscf_fd.sial && cp pden_debug/gradscf_fd.sio ../../../bin/sio
input  file: pden_debug/gradscf_fd.sial
output file: pden_debug/gradscf_fd.sio
    No compilation errors
Writing tables to pden_debug/gradscf_fd.sio

SIO (Super Instruction Object) file is saved to "pden_debug/gradscf_fd.sio".
../../../bin/sial pden_debug/two_grad_uhf_fdp.sial && cp pden_debug/two_grad_uhf_fdp.sio ../../../bin/sio
input  file: pden_debug/two_grad_uhf_fdp.sial
output file: pden_debug/two_grad_uhf_fdp.sio
    No compilation errors
Writing tables to pden_debug/two_grad_uhf_fdp.sio

SIO (Super Instruction Object) file is saved to "pden_debug/two_grad_uhf_fdp.sio".
../../../bin/sial pden_debug/test_dabci.sial && cp pden_debug/test_dabci.sio ../../../bin/sio
input  file: pden_debug/test_dabci.sial
output file: pden_debug/test_dabci.sio
    No compilation errors
Writing tables to pden_debug/test_dabci.sio

SIO (Super Instruction Object) file is saved to "pden_debug/test_dabci.sio".
../../../bin/sial pden_debug/ccsd_uhf_fd.sial && cp pden_debug/ccsd_uhf_fd.sio ../../../bin/sio
input  file: pden_debug/ccsd_uhf_fd.sial
output file: pden_debug/ccsd_uhf_fd.sio
    No compilation errors
Writing tables to pden_debug/ccsd_uhf_fd.sio

SIO (Super Instruction Object) file is saved to "pden_debug/ccsd_uhf_fd.sio".
../../../bin/sial pden_debug/scf_uhf_finish_aguess_fd.sial && cp pden_debug/scf_uhf_finish_aguess_fd.sio ../../../bin/sio
input  file: pden_debug/scf_uhf_finish_aguess_fd.sial
output file: pden_debug/scf_uhf_finish_aguess_fd.sio
    No compilation errors
Writing tables to pden_debug/scf_uhf_finish_aguess_fd.sio

SIO (Super Instruction Object) file is saved to "pden_debug/scf_uhf_finish_aguess_fd.sio".
../../../bin/sial pden_debug/two_grad_uhf_ao_sv1.sial && cp pden_debug/two_grad_uhf_ao_sv1.sio ../../../bin/sio
input  file: pden_debug/two_grad_uhf_ao_sv1.sial
output file: pden_debug/two_grad_uhf_ao_sv1.sio
    No compilation errors
Writing tables to pden_debug/two_grad_uhf_ao_sv1.sio

SIO (Super Instruction Object) file is saved to "pden_debug/two_grad_uhf_ao_sv1.sio".
../../../bin/sial new_eom/reom_rhf.sial && cp new_eom/reom_rhf.sio ../../../bin/sio
input  file: new_eom/reom_rhf.sial
output file: new_eom/reom_rhf.sio
    No compilation errors
Writing tables to new_eom/reom_rhf.sio

SIO (Super Instruction Object) file is saved to "new_eom/reom_rhf.sio".
../../../bin/sial new_eom/reom_uhf.sial && cp new_eom/reom_uhf.sio ../../../bin/sio
input  file: new_eom/reom_uhf.sial
output file: new_eom/reom_uhf.sio
    No compilation errors
Writing tables to new_eom/reom_uhf.sio

SIO (Super Instruction Object) file is saved to "new_eom/reom_uhf.sio".
../../../bin/sial new_eom/eom_prop_rhf.sial && cp new_eom/eom_prop_rhf.sio ../../../bin/sio
input  file: new_eom/eom_prop_rhf.sial
output file: new_eom/eom_prop_rhf.sio
    No compilation errors
Writing tables to new_eom/eom_prop_rhf.sio

SIO (Super Instruction Object) file is saved to "new_eom/eom_prop_rhf.sio".
../../../bin/sial new_eom/leom_rhf.sial && cp new_eom/leom_rhf.sio ../../../bin/sio
input  file: new_eom/leom_rhf.sial
output file: new_eom/leom_rhf.sio
    No compilation errors
Writing tables to new_eom/leom_rhf.sio

SIO (Super Instruction Object) file is saved to "new_eom/leom_rhf.sio".
../../../bin/sial new_eom/eom_prop_uhf.sial && cp new_eom/eom_prop_uhf.sio ../../../bin/sio
input  file: new_eom/eom_prop_uhf.sial
output file: new_eom/eom_prop_uhf.sio
    No compilation errors
Writing tables to new_eom/eom_prop_uhf.sio

SIO (Super Instruction Object) file is saved to "new_eom/eom_prop_uhf.sio".
../../../bin/sial new_eom/leom_uhf.sial && cp new_eom/leom_uhf.sio ../../../bin/sio
input  file: new_eom/leom_uhf.sial
output file: new_eom/leom_uhf.sio
    No compilation errors
Writing tables to new_eom/leom_uhf.sio

SIO (Super Instruction Object) file is saved to "new_eom/leom_uhf.sio".
../../../bin/sial lccd/lccd_gtran_rhf.sial && cp lccd/lccd_gtran_rhf.sio ../../../bin/sio
input  file: lccd/lccd_gtran_rhf.sial
output file: lccd/lccd_gtran_rhf.sio
    No compilation errors
Writing tables to lccd/lccd_gtran_rhf.sio

SIO (Super Instruction Object) file is saved to "lccd/lccd_gtran_rhf.sio".
../../../bin/sial lccd/lccd_g2_rhf.sial && cp lccd/lccd_g2_rhf.sio ../../../bin/sio
input  file: lccd/lccd_g2_rhf.sial
output file: lccd/lccd_g2_rhf.sio
    No compilation errors
Writing tables to lccd/lccd_g2_rhf.sio

SIO (Super Instruction Object) file is saved to "lccd/lccd_g2_rhf.sio".
../../../bin/sial lccd/lccd_rhf.sial && cp lccd/lccd_rhf.sio ../../../bin/sio
input  file: lccd/lccd_rhf.sial
output file: lccd/lccd_rhf.sio
    No compilation errors
Writing tables to lccd/lccd_rhf.sio

SIO (Super Instruction Object) file is saved to "lccd/lccd_rhf.sio".
../../../bin/sial lccd/lccd_g1_rhf.sial && cp lccd/lccd_g1_rhf.sio ../../../bin/sio
input  file: lccd/lccd_g1_rhf.sial
output file: lccd/lccd_g1_rhf.sio
    No compilation errors
Writing tables to lccd/lccd_g1_rhf.sio

SIO (Super Instruction Object) file is saved to "lccd/lccd_g1_rhf.sio".
../../../bin/sial lccd/expand_lccd_rhf.sial && cp lccd/expand_lccd_rhf.sio ../../../bin/sio
input  file: lccd/expand_lccd_rhf.sial
output file: lccd/expand_lccd_rhf.sio
    No compilation errors
Writing tables to lccd/expand_lccd_rhf.sio

SIO (Super Instruction Object) file is saved to "lccd/expand_lccd_rhf.sio".
../../../bin/sial spnorbt_cc/tran_uhf_2el_spn_orbit.sial && cp spnorbt_cc/tran_uhf_2el_spn_orbit.sio ../../../bin/sio
input  file: spnorbt_cc/tran_uhf_2el_spn_orbit.sial
output file: spnorbt_cc/tran_uhf_2el_spn_orbit.sio
    No compilation errors
Writing tables to spnorbt_cc/tran_uhf_2el_spn_orbit.sio

SIO (Super Instruction Object) file is saved to "spnorbt_cc/tran_uhf_2el_spn_orbit.sio".
../../../bin/sial spnorbt_cc/eomccsd_uhf_grad.sial && cp spnorbt_cc/eomccsd_uhf_grad.sio ../../../bin/sio
input  file: spnorbt_cc/eomccsd_uhf_grad.sial
output file: spnorbt_cc/eomccsd_uhf_grad.sio
    No compilation errors
Writing tables to spnorbt_cc/eomccsd_uhf_grad.sio

SIO (Super Instruction Object) file is saved to "spnorbt_cc/eomccsd_uhf_grad.sio".
../../../bin/sial spnorbt_cc/spnorbt_cc_uhf_2p.sial && cp spnorbt_cc/spnorbt_cc_uhf_2p.sio ../../../bin/sio
input  file: spnorbt_cc/spnorbt_cc_uhf_2p.sial
output file: spnorbt_cc/spnorbt_cc_uhf_2p.sio
    No compilation errors
Writing tables to spnorbt_cc/spnorbt_cc_uhf_2p.sio

SIO (Super Instruction Object) file is saved to "spnorbt_cc/spnorbt_cc_uhf_2p.sio".
../../../bin/sial spnorbt_cc/soi_timings.sial && cp spnorbt_cc/soi_timings.sio ../../../bin/sio
input  file: spnorbt_cc/soi_timings.sial
output file: spnorbt_cc/soi_timings.sio
    No compilation errors
Writing tables to spnorbt_cc/soi_timings.sio

SIO (Super Instruction Object) file is saved to "spnorbt_cc/soi_timings.sio".
../../../bin/sial spnorbt_cc/spnorbt_cc_uhf_1p.sial && cp spnorbt_cc/spnorbt_cc_uhf_1p.sio ../../../bin/sio
input  file: spnorbt_cc/spnorbt_cc_uhf_1p.sial
output file: spnorbt_cc/spnorbt_cc_uhf_1p.sio
    No compilation errors
Writing tables to spnorbt_cc/spnorbt_cc_uhf_1p.sio

SIO (Super Instruction Object) file is saved to "spnorbt_cc/spnorbt_cc_uhf_1p.sio".
../../../bin/sial spnorbt_cc/xleom_uhf_prop.sial && cp spnorbt_cc/xleom_uhf_prop.sio ../../../bin/sio
input  file: spnorbt_cc/xleom_uhf_prop.sial
output file: spnorbt_cc/xleom_uhf_prop.sio
    No compilation errors
Writing tables to spnorbt_cc/xleom_uhf_prop.sio

SIO (Super Instruction Object) file is saved to "spnorbt_cc/xleom_uhf_prop.sio".
../../../bin/sial spnorbt_cc/eomccsd_rhf_grad.sial && cp spnorbt_cc/eomccsd_rhf_grad.sio ../../../bin/sio
input  file: spnorbt_cc/eomccsd_rhf_grad.sial
output file: spnorbt_cc/eomccsd_rhf_grad.sio
    No compilation errors
Writing tables to spnorbt_cc/eomccsd_rhf_grad.sio

SIO (Super Instruction Object) file is saved to "spnorbt_cc/eomccsd_rhf_grad.sio".
../../../bin/sial new_dip/dip_eomcc.sial && cp new_dip/dip_eomcc.sio ../../../bin/sio
input  file: new_dip/dip_eomcc.sial
output file: new_dip/dip_eomcc.sio
    No compilation errors
Writing tables to new_dip/dip_eomcc.sio

SIO (Super Instruction Object) file is saved to "new_dip/dip_eomcc.sio".
../../../bin/sial new_dip/dip_guess.sial && cp new_dip/dip_guess.sio ../../../bin/sio
input  file: new_dip/dip_guess.sial
output file: new_dip/dip_guess.sio
    No compilation errors
Writing tables to new_dip/dip_guess.sio

SIO (Super Instruction Object) file is saved to "new_dip/dip_guess.sio".
../../../bin/sial special/ringccd.sial && cp special/ringccd.sio ../../../bin/sio
input  file: special/ringccd.sial
output file: special/ringccd.sio
    No compilation errors
Writing tables to special/ringccd.sio

SIO (Super Instruction Object) file is saved to "special/ringccd.sio".
../../../bin/sial special/ovl2ja.sial && cp special/ovl2ja.sio ../../../bin/sio
input  file: special/ovl2ja.sial
output file: special/ovl2ja.sio
    No compilation errors
Writing tables to special/ovl2ja.sio

SIO (Super Instruction Object) file is saved to "special/ovl2ja.sio".
../../../bin/sial special/dringccd.sial && cp special/dringccd.sio ../../../bin/sio
input  file: special/dringccd.sial
output file: special/dringccd.sio
    No compilation errors
Writing tables to special/dringccd.sio

SIO (Super Instruction Object) file is saved to "special/dringccd.sio".
../../../bin/sial special/test.sial && cp special/test.sio ../../../bin/sio
input  file: special/test.sial
output file: special/test.sio
    No compilation errors
Writing tables to special/test.sio

SIO (Super Instruction Object) file is saved to "special/test.sio".
../../../bin/sial obsolete/mp2_grad_ao2_Tsymm.sial && cp obsolete/mp2_grad_ao2_Tsymm.sio ../../../bin/sio
input  file: obsolete/mp2_grad_ao2_Tsymm.sial
output file: obsolete/mp2_grad_ao2_Tsymm.sio
    No compilation errors
Writing tables to obsolete/mp2_grad_ao2_Tsymm.sio

SIO (Super Instruction Object) file is saved to "obsolete/mp2_grad_ao2_Tsymm.sio".
../../../bin/sial obsolete/two_grad.sial && cp obsolete/two_grad.sio ../../../bin/sio
input  file: obsolete/two_grad.sial
output file: obsolete/two_grad.sio
    No compilation errors
Writing tables to obsolete/two_grad.sio

SIO (Super Instruction Object) file is saved to "obsolete/two_grad.sio".
../../../bin/sial obsolete/ccsd_uhf_ao_dtest7.sial && cp obsolete/ccsd_uhf_ao_dtest7.sio ../../../bin/sio
input  file: obsolete/ccsd_uhf_ao_dtest7.sial
output file: obsolete/ccsd_uhf_ao_dtest7.sio
    No compilation errors
Writing tables to obsolete/ccsd_uhf_ao_dtest7.sio

SIO (Super Instruction Object) file is saved to "obsolete/ccsd_uhf_ao_dtest7.sio".
../../../bin/sial obsolete/one_grad_uhf_mo_dist1.sial && cp obsolete/one_grad_uhf_mo_dist1.sio ../../../bin/sio
input  file: obsolete/one_grad_uhf_mo_dist1.sial
output file: obsolete/one_grad_uhf_mo_dist1.sio
    No compilation errors
Writing tables to obsolete/one_grad_uhf_mo_dist1.sio

SIO (Super Instruction Object) file is saved to "obsolete/one_grad_uhf_mo_dist1.sio".
../../../bin/sial obsolete/ccsd_uhf_MO.sial && cp obsolete/ccsd_uhf_MO.sio ../../../bin/sio
input  file: obsolete/ccsd_uhf_MO.sial
output file: obsolete/ccsd_uhf_MO.sio
    No compilation errors
Writing tables to obsolete/ccsd_uhf_MO.sio

SIO (Super Instruction Object) file is saved to "obsolete/ccsd_uhf_MO.sio".
../../../bin/sial obsolete/one_grad_uhf_ao_dist1.sial && cp obsolete/one_grad_uhf_ao_dist1.sio ../../../bin/sio
input  file: obsolete/one_grad_uhf_ao_dist1.sial
output file: obsolete/one_grad_uhf_ao_dist1.sio
    No compilation errors
Writing tables to obsolete/one_grad_uhf_ao_dist1.sio

SIO (Super Instruction Object) file is saved to "obsolete/one_grad_uhf_ao_dist1.sio".
../../../bin/sial obsolete/scf_uhf_isymm.sial && cp obsolete/scf_uhf_isymm.sio ../../../bin/sio
input  file: obsolete/scf_uhf_isymm.sial
output file: obsolete/scf_uhf_isymm.sio
    No compilation errors
Writing tables to obsolete/scf_uhf_isymm.sio

SIO (Super Instruction Object) file is saved to "obsolete/scf_uhf_isymm.sio".
../../../bin/sial obsolete/ccsd_uhf_aop2.sial && cp obsolete/ccsd_uhf_aop2.sio ../../../bin/sio
input  file: obsolete/ccsd_uhf_aop2.sial
output file: obsolete/ccsd_uhf_aop2.sio
    No compilation errors
Writing tables to obsolete/ccsd_uhf_aop2.sio

SIO (Super Instruction Object) file is saved to "obsolete/ccsd_uhf_aop2.sio".
../../../bin/sial obsolete/ccsd_svtry1.sial && cp obsolete/ccsd_svtry1.sio ../../../bin/sio
input  file: obsolete/ccsd_svtry1.sial
output file: obsolete/ccsd_svtry1.sio
    No compilation errors
Writing tables to obsolete/ccsd_svtry1.sio

SIO (Super Instruction Object) file is saved to "obsolete/ccsd_svtry1.sio".
../../../bin/sial obsolete/mp2_grad_ao2.sial && cp obsolete/mp2_grad_ao2.sio ../../../bin/sio
input  file: obsolete/mp2_grad_ao2.sial
output file: obsolete/mp2_grad_ao2.sio
    No compilation errors
Writing tables to obsolete/mp2_grad_ao2.sio

SIO (Super Instruction Object) file is saved to "obsolete/mp2_grad_ao2.sio".
../../../bin/sial obsolete/lambda_uhf_ao_sv1.sial && cp obsolete/lambda_uhf_ao_sv1.sio ../../../bin/sio
input  file: obsolete/lambda_uhf_ao_sv1.sial
output file: obsolete/lambda_uhf_ao_sv1.sio
    No compilation errors
Writing tables to obsolete/lambda_uhf_ao_sv1.sio

SIO (Super Instruction Object) file is saved to "obsolete/lambda_uhf_ao_sv1.sio".
../../../bin/sial obsolete/one_grad_co.sial && cp obsolete/one_grad_co.sio ../../../bin/sio
input  file: obsolete/one_grad_co.sial
output file: obsolete/one_grad_co.sio
    No compilation errors
Writing tables to obsolete/one_grad_co.sio

SIO (Super Instruction Object) file is saved to "obsolete/one_grad_co.sio".
../../../bin/sial obsolete/two_grad_v2_co.sial && cp obsolete/two_grad_v2_co.sio ../../../bin/sio
input  file: obsolete/two_grad_v2_co.sial
output file: obsolete/two_grad_v2_co.sio
    No compilation errors
Writing tables to obsolete/two_grad_v2_co.sio

SIO (Super Instruction Object) file is saved to "obsolete/two_grad_v2_co.sio".
../../../bin/sial obsolete/ccsd_uhf_stingy3.sial && cp obsolete/ccsd_uhf_stingy3.sio ../../../bin/sio
input  file: obsolete/ccsd_uhf_stingy3.sial
output file: obsolete/ccsd_uhf_stingy3.sio
    No compilation errors
Writing tables to obsolete/ccsd_uhf_stingy3.sio

SIO (Super Instruction Object) file is saved to "obsolete/ccsd_uhf_stingy3.sio".
../../../bin/sial obsolete/pccsd_g1.sial && cp obsolete/pccsd_g1.sio ../../../bin/sio
input  file: obsolete/pccsd_g1.sial
output file: obsolete/pccsd_g1.sio
    No compilation errors
Writing tables to obsolete/pccsd_g1.sio

SIO (Super Instruction Object) file is saved to "obsolete/pccsd_g1.sio".
../../../bin/sial obsolete/ccsd_uhf_ao_p1_d.sial && cp obsolete/ccsd_uhf_ao_p1_d.sio ../../../bin/sio
input  file: obsolete/ccsd_uhf_ao_p1_d.sial
output file: obsolete/ccsd_uhf_ao_p1_d.sio
    No compilation errors
Writing tables to obsolete/ccsd_uhf_ao_p1_d.sio

SIO (Super Instruction Object) file is saved to "obsolete/ccsd_uhf_ao_p1_d.sio".
../../../bin/sial obsolete/mp2_n6_rhf_symm.opt.sial && cp obsolete/mp2_n6_rhf_symm.opt.sio ../../../bin/sio
input  file: obsolete/mp2_n6_rhf_symm.opt.sial
output file: obsolete/mp2_n6_rhf_symm.opt.sio
    No compilation errors
Writing tables to obsolete/mp2_n6_rhf_symm.opt.sio

SIO (Super Instruction Object) file is saved to "obsolete/mp2_n6_rhf_symm.opt.sio".
../../../bin/sial obsolete/two_grad_v2.sial && cp obsolete/two_grad_v2.sio ../../../bin/sio
input  file: obsolete/two_grad_v2.sial
output file: obsolete/two_grad_v2.sio
    No compilation errors
Writing tables to obsolete/two_grad_v2.sio

SIO (Super Instruction Object) file is saved to "obsolete/two_grad_v2.sio".
../../../bin/sial obsolete/ccsd_uhf_stingy2.sial && cp obsolete/ccsd_uhf_stingy2.sio ../../../bin/sio
input  file: obsolete/ccsd_uhf_stingy2.sial
output file: obsolete/ccsd_uhf_stingy2.sio
    No compilation errors
Writing tables to obsolete/ccsd_uhf_stingy2.sio

SIO (Super Instruction Object) file is saved to "obsolete/ccsd_uhf_stingy2.sio".
../../../bin/sial obsolete/ccsd_uhf_ao_dtest3.sial && cp obsolete/ccsd_uhf_ao_dtest3.sio ../../../bin/sio
input  file: obsolete/ccsd_uhf_ao_dtest3.sial
output file: obsolete/ccsd_uhf_ao_dtest3.sio
    No compilation errors
Writing tables to obsolete/ccsd_uhf_ao_dtest3.sio

SIO (Super Instruction Object) file is saved to "obsolete/ccsd_uhf_ao_dtest3.sio".
../../../bin/sial obsolete/ccsd_uhf_ao_p1_do3.sial && cp obsolete/ccsd_uhf_ao_p1_do3.sio ../../../bin/sio
input  file: obsolete/ccsd_uhf_ao_p1_do3.sial
output file: obsolete/ccsd_uhf_ao_p1_do3.sio
    No compilation errors
Writing tables to obsolete/ccsd_uhf_ao_p1_do3.sio

SIO (Super Instruction Object) file is saved to "obsolete/ccsd_uhf_ao_p1_do3.sio".
../../../bin/sial obsolete/lambda_uhf_mo_dist1.sial && cp obsolete/lambda_uhf_mo_dist1.sio ../../../bin/sio
input  file: obsolete/lambda_uhf_mo_dist1.sial
output file: obsolete/lambda_uhf_mo_dist1.sio
    No compilation errors
Writing tables to obsolete/lambda_uhf_mo_dist1.sio

SIO (Super Instruction Object) file is saved to "obsolete/lambda_uhf_mo_dist1.sio".
../../../bin/sial obsolete/ccsd_uhf_ao_sv1.sial && cp obsolete/ccsd_uhf_ao_sv1.sio ../../../bin/sio
input  file: obsolete/ccsd_uhf_ao_sv1.sial
output file: obsolete/ccsd_uhf_ao_sv1.sio
    No compilation errors
Writing tables to obsolete/ccsd_uhf_ao_sv1.sio

SIO (Super Instruction Object) file is saved to "obsolete/ccsd_uhf_ao_sv1.sio".
../../../bin/sial obsolete/mp2_n6_rhf_symm.sial && cp obsolete/mp2_n6_rhf_symm.sio ../../../bin/sio
input  file: obsolete/mp2_n6_rhf_symm.sial
output file: obsolete/mp2_n6_rhf_symm.sio
    No compilation errors
Writing tables to obsolete/mp2_n6_rhf_symm.sio

SIO (Super Instruction Object) file is saved to "obsolete/mp2_n6_rhf_symm.sio".
../../../bin/sial obsolete/dtest1_mem.sial && cp obsolete/dtest1_mem.sio ../../../bin/sio
input  file: obsolete/dtest1_mem.sial
output file: obsolete/dtest1_mem.sio
    No compilation errors
Writing tables to obsolete/dtest1_mem.sio

SIO (Super Instruction Object) file is saved to "obsolete/dtest1_mem.sio".
../../../bin/sial obsolete/temp6.sial && cp obsolete/temp6.sio ../../../bin/sio
input  file: obsolete/temp6.sial
output file: obsolete/temp6.sio
    No compilation errors
Writing tables to obsolete/temp6.sio

SIO (Super Instruction Object) file is saved to "obsolete/temp6.sio".
../../../bin/sial obsolete/ccsd_svall-T.sial && cp obsolete/ccsd_svall-T.sio ../../../bin/sio
input  file: obsolete/ccsd_svall-T.sial
output file: obsolete/ccsd_svall-T.sio
    No compilation errors
Writing tables to obsolete/ccsd_svall-T.sio

SIO (Super Instruction Object) file is saved to "obsolete/ccsd_svall-T.sio".
../../../bin/sial obsolete/lambda_sv1.sial && cp obsolete/lambda_sv1.sio ../../../bin/sio
input  file: obsolete/lambda_sv1.sial
output file: obsolete/lambda_sv1.sio
    No compilation errors
Writing tables to obsolete/lambda_sv1.sio

SIO (Super Instruction Object) file is saved to "obsolete/lambda_sv1.sio".
../../../bin/sial obsolete/ccsd_uhf_mo_so1.sial && cp obsolete/ccsd_uhf_mo_so1.sio ../../../bin/sio
input  file: obsolete/ccsd_uhf_mo_so1.sial
output file: obsolete/ccsd_uhf_mo_so1.sio
    No compilation errors
Writing tables to obsolete/ccsd_uhf_mo_so1.sio

SIO (Super Instruction Object) file is saved to "obsolete/ccsd_uhf_mo_so1.sio".
../../../bin/sial obsolete/ccsd_uhf_ao_p1_so1.sial && cp obsolete/ccsd_uhf_ao_p1_so1.sio ../../../bin/sio
input  file: obsolete/ccsd_uhf_ao_p1_so1.sial
output file: obsolete/ccsd_uhf_ao_p1_so1.sio
    No compilation errors
Writing tables to obsolete/ccsd_uhf_ao_p1_so1.sio

SIO (Super Instruction Object) file is saved to "obsolete/ccsd_uhf_ao_p1_so1.sio".
../../../bin/sial obsolete/one_grad_uhf_ao_sv1.sial && cp obsolete/one_grad_uhf_ao_sv1.sio ../../../bin/sio
input  file: obsolete/one_grad_uhf_ao_sv1.sial
output file: obsolete/one_grad_uhf_ao_sv1.sio
    No compilation errors
Writing tables to obsolete/one_grad_uhf_ao_sv1.sio

SIO (Super Instruction Object) file is saved to "obsolete/one_grad_uhf_ao_sv1.sio".
../../../bin/sial obsolete/ccsd_uhf_mo_dist1.sial && cp obsolete/ccsd_uhf_mo_dist1.sio ../../../bin/sio
input  file: obsolete/ccsd_uhf_mo_dist1.sial
output file: obsolete/ccsd_uhf_mo_dist1.sio
    No compilation errors
Writing tables to obsolete/ccsd_uhf_mo_dist1.sio

SIO (Super Instruction Object) file is saved to "obsolete/ccsd_uhf_mo_dist1.sio".
../../../bin/sial obsolete/ccsd_uhf_ao_dtest1_mem.sial && cp obsolete/ccsd_uhf_ao_dtest1_mem.sio ../../../bin/sio
input  file: obsolete/ccsd_uhf_ao_dtest1_mem.sial
output file: obsolete/ccsd_uhf_ao_dtest1_mem.sio
    No compilation errors
Writing tables to obsolete/ccsd_uhf_ao_dtest1_mem.sio

SIO (Super Instruction Object) file is saved to "obsolete/ccsd_uhf_ao_dtest1_mem.sio".
../../../bin/sial obsolete/one_grad_sv1.sial && cp obsolete/one_grad_sv1.sio ../../../bin/sio
input  file: obsolete/one_grad_sv1.sial
output file: obsolete/one_grad_sv1.sio
    No compilation errors
Writing tables to obsolete/one_grad_sv1.sio

SIO (Super Instruction Object) file is saved to "obsolete/one_grad_sv1.sio".
../../../bin/sial obsolete/ccsd_uhf_ao_p1_do1.sial && cp obsolete/ccsd_uhf_ao_p1_do1.sio ../../../bin/sio
input  file: obsolete/ccsd_uhf_ao_p1_do1.sial
output file: obsolete/ccsd_uhf_ao_p1_do1.sio
    No compilation errors
Writing tables to obsolete/ccsd_uhf_ao_p1_do1.sio

SIO (Super Instruction Object) file is saved to "obsolete/ccsd_uhf_ao_p1_do1.sio".
../../../bin/sial obsolete/two_grad_co.sial && cp obsolete/two_grad_co.sio ../../../bin/sio
input  file: obsolete/two_grad_co.sial
output file: obsolete/two_grad_co.sio
    No compilation errors
Writing tables to obsolete/two_grad_co.sio

SIO (Super Instruction Object) file is saved to "obsolete/two_grad_co.sio".
../../../bin/sial obsolete/two_grad_uhf_ao_dist1SYMM.sial && cp obsolete/two_grad_uhf_ao_dist1SYMM.sio ../../../bin/sio
input  file: obsolete/two_grad_uhf_ao_dist1SYMM.sial
output file: obsolete/two_grad_uhf_ao_dist1SYMM.sio
    No compilation errors
Writing tables to obsolete/two_grad_uhf_ao_dist1SYMM.sio

SIO (Super Instruction Object) file is saved to "obsolete/two_grad_uhf_ao_dist1SYMM.sio".
../../../bin/sial obsolete/mp2_n6_uhf_symm.sial && cp obsolete/mp2_n6_uhf_symm.sio ../../../bin/sio
input  file: obsolete/mp2_n6_uhf_symm.sial
output file: obsolete/mp2_n6_uhf_symm.sio
    No compilation errors
Writing tables to obsolete/mp2_n6_uhf_symm.sio

SIO (Super Instruction Object) file is saved to "obsolete/mp2_n6_uhf_symm.sio".
../../../bin/sial obsolete/pccsd_tran.sial && cp obsolete/pccsd_tran.sio ../../../bin/sio
input  file: obsolete/pccsd_tran.sial
output file: obsolete/pccsd_tran.sio
    No compilation errors
Writing tables to obsolete/pccsd_tran.sio

SIO (Super Instruction Object) file is saved to "obsolete/pccsd_tran.sio".
../../../bin/sial obsolete/scf_uhf_init.sial && cp obsolete/scf_uhf_init.sio ../../../bin/sio
input  file: obsolete/scf_uhf_init.sial
output file: obsolete/scf_uhf_init.sio
    No compilation errors
Writing tables to obsolete/scf_uhf_init.sio

SIO (Super Instruction Object) file is saved to "obsolete/scf_uhf_init.sio".
../../../bin/sial obsolete/ccsd_uhf_mo_sv1.sial && cp obsolete/ccsd_uhf_mo_sv1.sio ../../../bin/sio
input  file: obsolete/ccsd_uhf_mo_sv1.sial
output file: obsolete/ccsd_uhf_mo_sv1.sio
    No compilation errors
Writing tables to obsolete/ccsd_uhf_mo_sv1.sio

SIO (Super Instruction Object) file is saved to "obsolete/ccsd_uhf_mo_sv1.sio".
../../../bin/sial obsolete/ccsd_uhf_ao_mosymm1.sial && cp obsolete/ccsd_uhf_ao_mosymm1.sio ../../../bin/sio
input  file: obsolete/ccsd_uhf_ao_mosymm1.sial
output file: obsolete/ccsd_uhf_ao_mosymm1.sio
    No compilation errors
Writing tables to obsolete/ccsd_uhf_ao_mosymm1.sio

SIO (Super Instruction Object) file is saved to "obsolete/ccsd_uhf_ao_mosymm1.sio".
../../../bin/sial obsolete/pccsd_g2.sial && cp obsolete/pccsd_g2.sio ../../../bin/sio
input  file: obsolete/pccsd_g2.sial
output file: obsolete/pccsd_g2.sio
    No compilation errors
Writing tables to obsolete/pccsd_g2.sio

SIO (Super Instruction Object) file is saved to "obsolete/pccsd_g2.sio".
../../../bin/sial obsolete/stingy1_ccsd.sial && cp obsolete/stingy1_ccsd.sio ../../../bin/sio
input  file: obsolete/stingy1_ccsd.sial
output file: obsolete/stingy1_ccsd.sio
    No compilation errors
Writing tables to obsolete/stingy1_ccsd.sio

SIO (Super Instruction Object) file is saved to "obsolete/stingy1_ccsd.sio".
../../../bin/sial obsolete/lambda_uhf_mo_sv1.sial && cp obsolete/lambda_uhf_mo_sv1.sio ../../../bin/sio
input  file: obsolete/lambda_uhf_mo_sv1.sial
output file: obsolete/lambda_uhf_mo_sv1.sio
    No compilation errors
Writing tables to obsolete/lambda_uhf_mo_sv1.sio

SIO (Super Instruction Object) file is saved to "obsolete/lambda_uhf_mo_sv1.sio".
../../../bin/sial obsolete/stingy1_served_ccsd.sial && cp obsolete/stingy1_served_ccsd.sio ../../../bin/sio
input  file: obsolete/stingy1_served_ccsd.sial
output file: obsolete/stingy1_served_ccsd.sio
    No compilation errors
Writing tables to obsolete/stingy1_served_ccsd.sio

SIO (Super Instruction Object) file is saved to "obsolete/stingy1_served_ccsd.sio".
../../../bin/sial obsolete/lambda_mo.sial && cp obsolete/lambda_mo.sio ../../../bin/sio
input  file: obsolete/lambda_mo.sial
output file: obsolete/lambda_mo.sio
    No compilation errors
Writing tables to obsolete/lambda_mo.sio

SIO (Super Instruction Object) file is saved to "obsolete/lambda_mo.sio".
../../../bin/sial obsolete/ccsd_uhf_ao_dtest1.sial && cp obsolete/ccsd_uhf_ao_dtest1.sio ../../../bin/sio
input  file: obsolete/ccsd_uhf_ao_dtest1.sial
output file: obsolete/ccsd_uhf_ao_dtest1.sio
    No compilation errors
Writing tables to obsolete/ccsd_uhf_ao_dtest1.sio

SIO (Super Instruction Object) file is saved to "obsolete/ccsd_uhf_ao_dtest1.sio".
../../../bin/sial obsolete/temp7.sial && cp obsolete/temp7.sio ../../../bin/sio
input  file: obsolete/temp7.sial
output file: obsolete/temp7.sio
    No compilation errors
Writing tables to obsolete/temp7.sio

SIO (Super Instruction Object) file is saved to "obsolete/temp7.sio".
../../../bin/sial obsolete/ccsd_uhf_ao_p1_do2.sial && cp obsolete/ccsd_uhf_ao_p1_do2.sio ../../../bin/sio
input  file: obsolete/ccsd_uhf_ao_p1_do2.sial
output file: obsolete/ccsd_uhf_ao_p1_do2.sio
    No compilation errors
Writing tables to obsolete/ccsd_uhf_ao_p1_do2.sio

SIO (Super Instruction Object) file is saved to "obsolete/ccsd_uhf_ao_p1_do2.sio".
../../../bin/sial obsolete/mp2_n5_rhf.sial && cp obsolete/mp2_n5_rhf.sio ../../../bin/sio
input  file: obsolete/mp2_n5_rhf.sial
output file: obsolete/mp2_n5_rhf.sio
    No compilation errors
Writing tables to obsolete/mp2_n5_rhf.sio

SIO (Super Instruction Object) file is saved to "obsolete/mp2_n5_rhf.sio".
../../../bin/sial obsolete/ccsd_uhf_ao_dtest5.sial && cp obsolete/ccsd_uhf_ao_dtest5.sio ../../../bin/sio
input  file: obsolete/ccsd_uhf_ao_dtest5.sial
output file: obsolete/ccsd_uhf_ao_dtest5.sio
    No compilation errors
Writing tables to obsolete/ccsd_uhf_ao_dtest5.sio

SIO (Super Instruction Object) file is saved to "obsolete/ccsd_uhf_ao_dtest5.sio".
../../../bin/sial obsolete/ccsd_uhf_MO_sv1.sial && cp obsolete/ccsd_uhf_MO_sv1.sio ../../../bin/sio
input  file: obsolete/ccsd_uhf_MO_sv1.sial
output file: obsolete/ccsd_uhf_MO_sv1.sio
    No compilation errors
Writing tables to obsolete/ccsd_uhf_MO_sv1.sio

SIO (Super Instruction Object) file is saved to "obsolete/ccsd_uhf_MO_sv1.sio".
../../../bin/sial obsolete/ccsd_uhf_ao_dtest6.sial && cp obsolete/ccsd_uhf_ao_dtest6.sio ../../../bin/sio
input  file: obsolete/ccsd_uhf_ao_dtest6.sial
output file: obsolete/ccsd_uhf_ao_dtest6.sio
    No compilation errors
Writing tables to obsolete/ccsd_uhf_ao_dtest6.sio

SIO (Super Instruction Object) file is saved to "obsolete/ccsd_uhf_ao_dtest6.sio".
../../../bin/sial obsolete/lambda_uhf_ao_dist1.sial && cp obsolete/lambda_uhf_ao_dist1.sio ../../../bin/sio
input  file: obsolete/lambda_uhf_ao_dist1.sial
output file: obsolete/lambda_uhf_ao_dist1.sio
    No compilation errors
Writing tables to obsolete/lambda_uhf_ao_dist1.sio

SIO (Super Instruction Object) file is saved to "obsolete/lambda_uhf_ao_dist1.sio".
../../../bin/sial obsolete/pccsd_o1g.sial && cp obsolete/pccsd_o1g.sio ../../../bin/sio
input  file: obsolete/pccsd_o1g.sial
output file: obsolete/pccsd_o1g.sio
    No compilation errors
Writing tables to obsolete/pccsd_o1g.sio

SIO (Super Instruction Object) file is saved to "obsolete/pccsd_o1g.sio".
../../../bin/sial obsolete/temp5.sial && cp obsolete/temp5.sio ../../../bin/sio
input  file: obsolete/temp5.sial
output file: obsolete/temp5.sio
    No compilation errors
Writing tables to obsolete/temp5.sio

SIO (Super Instruction Object) file is saved to "obsolete/temp5.sio".
../../../bin/sial obsolete/ccsd_uhf_stingy2_mosymm.sial && cp obsolete/ccsd_uhf_stingy2_mosymm.sio ../../../bin/sio
input  file: obsolete/ccsd_uhf_stingy2_mosymm.sial
output file: obsolete/ccsd_uhf_stingy2_mosymm.sio
    No compilation errors
Writing tables to obsolete/ccsd_uhf_stingy2_mosymm.sio

SIO (Super Instruction Object) file is saved to "obsolete/ccsd_uhf_stingy2_mosymm.sio".
../../../bin/sial obsolete/ccsd_uhf_mo_p1_do1.sial && cp obsolete/ccsd_uhf_mo_p1_do1.sio ../../../bin/sio
input  file: obsolete/ccsd_uhf_mo_p1_do1.sial
output file: obsolete/ccsd_uhf_mo_p1_do1.sio
    No compilation errors
Writing tables to obsolete/ccsd_uhf_mo_p1_do1.sio

SIO (Super Instruction Object) file is saved to "obsolete/ccsd_uhf_mo_p1_do1.sio".
../../../bin/sial obsolete/tran_sv1.sial && cp obsolete/tran_sv1.sio ../../../bin/sio
input  file: obsolete/tran_sv1.sial
output file: obsolete/tran_sv1.sio
    No compilation errors
Writing tables to obsolete/tran_sv1.sio

SIO (Super Instruction Object) file is saved to "obsolete/tran_sv1.sio".
../../../bin/sial obsolete/ccsd_sv1.sial && cp obsolete/ccsd_sv1.sio ../../../bin/sio
input  file: obsolete/ccsd_sv1.sial
output file: obsolete/ccsd_sv1.sio
    No compilation errors
Writing tables to obsolete/ccsd_sv1.sio

SIO (Super Instruction Object) file is saved to "obsolete/ccsd_sv1.sio".
../../../bin/sial obsolete/ccsd_uhf_ao_v7.sial && cp obsolete/ccsd_uhf_ao_v7.sio ../../../bin/sio
input  file: obsolete/ccsd_uhf_ao_v7.sial
output file: obsolete/ccsd_uhf_ao_v7.sio
    No compilation errors
Writing tables to obsolete/ccsd_uhf_ao_v7.sio

SIO (Super Instruction Object) file is saved to "obsolete/ccsd_uhf_ao_v7.sio".
../../../bin/sial obsolete/one_grad_uhf_mo_sv1.sial && cp obsolete/one_grad_uhf_mo_sv1.sio ../../../bin/sio
input  file: obsolete/one_grad_uhf_mo_sv1.sial
output file: obsolete/one_grad_uhf_mo_sv1.sio
    No compilation errors
Writing tables to obsolete/one_grad_uhf_mo_sv1.sio

SIO (Super Instruction Object) file is saved to "obsolete/one_grad_uhf_mo_sv1.sio".
../../../bin/sial obsolete/ccsd_uhf_stingy1_mosymm.sial && cp obsolete/ccsd_uhf_stingy1_mosymm.sio ../../../bin/sio
input  file: obsolete/ccsd_uhf_stingy1_mosymm.sial
output file: obsolete/ccsd_uhf_stingy1_mosymm.sio
    No compilation errors
Writing tables to obsolete/ccsd_uhf_stingy1_mosymm.sio

SIO (Super Instruction Object) file is saved to "obsolete/ccsd_uhf_stingy1_mosymm.sio".
../../../bin/sial obsolete/one_grad.sial && cp obsolete/one_grad.sio ../../../bin/sio
input  file: obsolete/one_grad.sial
output file: obsolete/one_grad.sio
    No compilation errors
Writing tables to obsolete/one_grad.sio

SIO (Super Instruction Object) file is saved to "obsolete/one_grad.sio".
../../../bin/sial obsolete/lambda_ao3_mosymm.sial && cp obsolete/lambda_ao3_mosymm.sio ../../../bin/sio
input  file: obsolete/lambda_ao3_mosymm.sial
output file: obsolete/lambda_ao3_mosymm.sio
    No compilation errors
Writing tables to obsolete/lambda_ao3_mosymm.sio

SIO (Super Instruction Object) file is saved to "obsolete/lambda_ao3_mosymm.sio".
../../../bin/sial obsolete/ccsd_uhf_ao_dist1.sial && cp obsolete/ccsd_uhf_ao_dist1.sio ../../../bin/sio
input  file: obsolete/ccsd_uhf_ao_dist1.sial
output file: obsolete/ccsd_uhf_ao_dist1.sio
    No compilation errors
Writing tables to obsolete/ccsd_uhf_ao_dist1.sio

SIO (Super Instruction Object) file is saved to "obsolete/ccsd_uhf_ao_dist1.sio".
../../../bin/sial obsolete/ccsd_uhf_aop1.sial && cp obsolete/ccsd_uhf_aop1.sio ../../../bin/sio
input  file: obsolete/ccsd_uhf_aop1.sial
output file: obsolete/ccsd_uhf_aop1.sio
    No compilation errors
Writing tables to obsolete/ccsd_uhf_aop1.sio

SIO (Super Instruction Object) file is saved to "obsolete/ccsd_uhf_aop1.sio".
../../../bin/sial obsolete/two_grad_v2_sv1.sial && cp obsolete/two_grad_v2_sv1.sio ../../../bin/sio
input  file: obsolete/two_grad_v2_sv1.sial
output file: obsolete/two_grad_v2_sv1.sio
    No compilation errors
Writing tables to obsolete/two_grad_v2_sv1.sio

SIO (Super Instruction Object) file is saved to "obsolete/two_grad_v2_sv1.sio".
../../../bin/sial obsolete/ccsd_sv3.sial && cp obsolete/ccsd_sv3.sio ../../../bin/sio
input  file: obsolete/ccsd_sv3.sial
output file: obsolete/ccsd_sv3.sio
    No compilation errors
Writing tables to obsolete/ccsd_sv3.sio

SIO (Super Instruction Object) file is saved to "obsolete/ccsd_sv3.sio".
../../../bin/sial hess/variant/hess_uhf_mp2_seg_2.sial && cp hess/variant/hess_uhf_mp2_seg_2.sio ../../../bin/sio
input  file: hess/variant/hess_uhf_mp2_seg_2.sial
output file: hess/variant/hess_uhf_mp2_seg_2.sio
    No compilation errors
Writing tables to hess/variant/hess_uhf_mp2_seg_2.sio

SIO (Super Instruction Object) file is saved to "hess/variant/hess_uhf_mp2_seg_2.sio".
../../../bin/sial hess/variant/hess_uhf_alt.sial && cp hess/variant/hess_uhf_alt.sio ../../../bin/sio
input  file: hess/variant/hess_uhf_alt.sial
output file: hess/variant/hess_uhf_alt.sio
    No compilation errors
Writing tables to hess/variant/hess_uhf_alt.sio

SIO (Super Instruction Object) file is saved to "hess/variant/hess_uhf_alt.sio".
../../../bin/sial hess/variant/hess_rhf_sv1_ao1.sial && cp hess/variant/hess_rhf_sv1_ao1.sio ../../../bin/sio
input  file: hess/variant/hess_rhf_sv1_ao1.sial
output file: hess/variant/hess_rhf_sv1_ao1.sio
    No compilation errors
Writing tables to hess/variant/hess_rhf_sv1_ao1.sio

SIO (Super Instruction Object) file is saved to "hess/variant/hess_rhf_sv1_ao1.sio".
../../../bin/sial hess/variant/hess_uhf_mp2_seg_1.sial && cp hess/variant/hess_uhf_mp2_seg_1.sio ../../../bin/sio
input  file: hess/variant/hess_uhf_mp2_seg_1.sial
output file: hess/variant/hess_uhf_mp2_seg_1.sio
    No compilation errors
Writing tables to hess/variant/hess_uhf_mp2_seg_1.sio

SIO (Super Instruction Object) file is saved to "hess/variant/hess_uhf_mp2_seg_1.sio".
../../../bin/sial hess/variant/hess_uhf_sv1_ao1.sial && cp hess/variant/hess_uhf_sv1_ao1.sio ../../../bin/sio
input  file: hess/variant/hess_uhf_sv1_ao1.sial
output file: hess/variant/hess_uhf_sv1_ao1.sio
    No compilation errors
Writing tables to hess/variant/hess_uhf_sv1_ao1.sio

SIO (Super Instruction Object) file is saved to "hess/variant/hess_uhf_sv1_ao1.sio".
../../../bin/sial dip/variant/eom_dip.sial && cp dip/variant/eom_dip.sio ../../../bin/sio
input  file: dip/variant/eom_dip.sial
output file: dip/variant/eom_dip.sio
    No compilation errors
Writing tables to dip/variant/eom_dip.sio

SIO (Super Instruction Object) file is saved to "dip/variant/eom_dip.sio".
../../../bin/sial ccsdpt/variant/ccsdpt_uhf_sv1.sial && cp ccsdpt/variant/ccsdpt_uhf_sv1.sio ../../../bin/sio
input  file: ccsdpt/variant/ccsdpt_uhf_sv1.sial
output file: ccsdpt/variant/ccsdpt_uhf_sv1.sio
    No compilation errors
Writing tables to ccsdpt/variant/ccsdpt_uhf_sv1.sio

SIO (Super Instruction Object) file is saved to "ccsdpt/variant/ccsdpt_uhf_sv1.sio".
../../../bin/sial ccsdpt/variant/ccsdpt_rhf_aaa_new.sial && cp ccsdpt/variant/ccsdpt_rhf_aaa_new.sio ../../../bin/sio
input  file: ccsdpt/variant/ccsdpt_rhf_aaa_new.sial
output file: ccsdpt/variant/ccsdpt_rhf_aaa_new.sio
    No compilation errors
Writing tables to ccsdpt/variant/ccsdpt_rhf_aaa_new.sio

SIO (Super Instruction Object) file is saved to "ccsdpt/variant/ccsdpt_rhf_aaa_new.sio".
../../../bin/sial ccsdpt/variant/ccsdpt_rhf_pp_new4.sial && cp ccsdpt/variant/ccsdpt_rhf_pp_new4.sio ../../../bin/sio
input  file: ccsdpt/variant/ccsdpt_rhf_pp_new4.sial
output file: ccsdpt/variant/ccsdpt_rhf_pp_new4.sio
    No compilation errors
Writing tables to ccsdpt/variant/ccsdpt_rhf_pp_new4.sio

SIO (Super Instruction Object) file is saved to "ccsdpt/variant/ccsdpt_rhf_pp_new4.sio".
../../../bin/sial ccsdpt/variant/rccsdpt_aaa_psect.sial && cp ccsdpt/variant/rccsdpt_aaa_psect.sio ../../../bin/sio
input  file: ccsdpt/variant/rccsdpt_aaa_psect.sial
output file: ccsdpt/variant/rccsdpt_aaa_psect.sio
    No compilation errors
Writing tables to ccsdpt/variant/rccsdpt_aaa_psect.sio

SIO (Super Instruction Object) file is saved to "ccsdpt/variant/rccsdpt_aaa_psect.sio".
../../../bin/sial ccsdpt/variant/ccsdpt_rhf_aab_new.sial && cp ccsdpt/variant/ccsdpt_rhf_aab_new.sio ../../../bin/sio
input  file: ccsdpt/variant/ccsdpt_rhf_aab_new.sial
output file: ccsdpt/variant/ccsdpt_rhf_aab_new.sio
    No compilation errors
Writing tables to ccsdpt/variant/ccsdpt_rhf_aab_new.sio

SIO (Super Instruction Object) file is saved to "ccsdpt/variant/ccsdpt_rhf_aab_new.sio".
../../../bin/sial ccsdpt/variant/rccsdpt_aab_1s.sial && cp ccsdpt/variant/rccsdpt_aab_1s.sio ../../../bin/sio
input  file: ccsdpt/variant/rccsdpt_aab_1s.sial
output file: ccsdpt/variant/rccsdpt_aab_1s.sio
    No compilation errors
Writing tables to ccsdpt/variant/rccsdpt_aab_1s.sio

SIO (Super Instruction Object) file is saved to "ccsdpt/variant/rccsdpt_aab_1s.sio".
../../../bin/sial ccsdpt/variant/ccsdpt_rhf_aaa_new_dist1.sial && cp ccsdpt/variant/ccsdpt_rhf_aaa_new_dist1.sio ../../../bin/sio
input  file: ccsdpt/variant/ccsdpt_rhf_aaa_new_dist1.sial
output file: ccsdpt/variant/ccsdpt_rhf_aaa_new_dist1.sio
    No compilation errors
Writing tables to ccsdpt/variant/ccsdpt_rhf_aaa_new_dist1.sio

SIO (Super Instruction Object) file is saved to "ccsdpt/variant/ccsdpt_rhf_aaa_new_dist1.sio".
../../../bin/sial ccsdpt/variant/ccsdpt_rhf_pp.sial && cp ccsdpt/variant/ccsdpt_rhf_pp.sio ../../../bin/sio
input  file: ccsdpt/variant/ccsdpt_rhf_pp.sial
output file: ccsdpt/variant/ccsdpt_rhf_pp.sio
    No compilation errors
Writing tables to ccsdpt/variant/ccsdpt_rhf_pp.sio

SIO (Super Instruction Object) file is saved to "ccsdpt/variant/ccsdpt_rhf_pp.sio".
../../../bin/sial ccsdpt/variant/rccsdpt_sub_aab.sial && cp ccsdpt/variant/rccsdpt_sub_aab.sio ../../../bin/sio
input  file: ccsdpt/variant/rccsdpt_sub_aab.sial
output file: ccsdpt/variant/rccsdpt_sub_aab.sio
    No compilation errors
Writing tables to ccsdpt/variant/rccsdpt_sub_aab.sio

SIO (Super Instruction Object) file is saved to "ccsdpt/variant/rccsdpt_sub_aab.sio".
../../../bin/sial ccsdpt/variant/ccsdpt_uhf_pp.sial && cp ccsdpt/variant/ccsdpt_uhf_pp.sio ../../../bin/sio
input  file: ccsdpt/variant/ccsdpt_uhf_pp.sial
output file: ccsdpt/variant/ccsdpt_uhf_pp.sio
    No compilation errors
Writing tables to ccsdpt/variant/ccsdpt_uhf_pp.sio

SIO (Super Instruction Object) file is saved to "ccsdpt/variant/ccsdpt_uhf_pp.sio".
../../../bin/sial ccsdpt/variant/rccsdpt_aab_psect.sial && cp ccsdpt/variant/rccsdpt_aab_psect.sio ../../../bin/sio
input  file: ccsdpt/variant/rccsdpt_aab_psect.sial
output file: ccsdpt/variant/rccsdpt_aab_psect.sio
    No compilation errors
Writing tables to ccsdpt/variant/rccsdpt_aab_psect.sio

SIO (Super Instruction Object) file is saved to "ccsdpt/variant/rccsdpt_aab_psect.sio".
../../../bin/sial ccsdpt/variant/rccsdpt_sub_aaa.sial && cp ccsdpt/variant/rccsdpt_sub_aaa.sio ../../../bin/sio
input  file: ccsdpt/variant/rccsdpt_sub_aaa.sial
output file: ccsdpt/variant/rccsdpt_sub_aaa.sio
    No compilation errors
Writing tables to ccsdpt/variant/rccsdpt_sub_aaa.sio

SIO (Super Instruction Object) file is saved to "ccsdpt/variant/rccsdpt_sub_aaa.sio".
../../../bin/sial ccsdpt/variant/ccsdpt_uhf_bbx_new.sial && cp ccsdpt/variant/ccsdpt_uhf_bbx_new.sio ../../../bin/sio
input  file: ccsdpt/variant/ccsdpt_uhf_bbx_new.sial
output file: ccsdpt/variant/ccsdpt_uhf_bbx_new.sio
    No compilation errors
Writing tables to ccsdpt/variant/ccsdpt_uhf_bbx_new.sio

SIO (Super Instruction Object) file is saved to "ccsdpt/variant/ccsdpt_uhf_bbx_new.sio".
../../../bin/sial ccsdpt/variant/ccsdpt_uhf_aax_new.sial && cp ccsdpt/variant/ccsdpt_uhf_aax_new.sio ../../../bin/sio
input  file: ccsdpt/variant/ccsdpt_uhf_aax_new.sial
output file: ccsdpt/variant/ccsdpt_uhf_aax_new.sio
    No compilation errors
Writing tables to ccsdpt/variant/ccsdpt_uhf_aax_new.sio

SIO (Super Instruction Object) file is saved to "ccsdpt/variant/ccsdpt_uhf_aax_new.sio".
../../../bin/sial ccsdpt/variant/ccsdpt_uhf_d2_p1.sial && cp ccsdpt/variant/ccsdpt_uhf_d2_p1.sio ../../../bin/sio
input  file: ccsdpt/variant/ccsdpt_uhf_d2_p1.sial
output file: ccsdpt/variant/ccsdpt_uhf_d2_p1.sio
    No compilation errors
Writing tables to ccsdpt/variant/ccsdpt_uhf_d2_p1.sio

SIO (Super Instruction Object) file is saved to "ccsdpt/variant/ccsdpt_uhf_d2_p1.sio".
../../../bin/sial ccsdpt/variant/rccsdpt_aaa_1s.sial && cp ccsdpt/variant/rccsdpt_aaa_1s.sio ../../../bin/sio
input  file: ccsdpt/variant/rccsdpt_aaa_1s.sial
output file: ccsdpt/variant/rccsdpt_aaa_1s.sio
    No compilation errors
Writing tables to ccsdpt/variant/rccsdpt_aaa_1s.sio

SIO (Super Instruction Object) file is saved to "ccsdpt/variant/rccsdpt_aaa_1s.sio".
../../../bin/sial ccsdpt/variant/ccsdpt_rhf_aab_new_dist1.sial && cp ccsdpt/variant/ccsdpt_rhf_aab_new_dist1.sio ../../../bin/sio
input  file: ccsdpt/variant/ccsdpt_rhf_aab_new_dist1.sial
output file: ccsdpt/variant/ccsdpt_rhf_aab_new_dist1.sio
    No compilation errors
Writing tables to ccsdpt/variant/ccsdpt_rhf_aab_new_dist1.sio

SIO (Super Instruction Object) file is saved to "ccsdpt/variant/ccsdpt_rhf_aab_new_dist1.sio".
../../../bin/sial fno/variant/scf_uhf_gorb.sial && cp fno/variant/scf_uhf_gorb.sio ../../../bin/sio
input  file: fno/variant/scf_uhf_gorb.sial
output file: fno/variant/scf_uhf_gorb.sio
    No compilation errors
Writing tables to fno/variant/scf_uhf_gorb.sio

SIO (Super Instruction Object) file is saved to "fno/variant/scf_uhf_gorb.sio".
../../../bin/sial fno/variant/scf_rhf_gorb.sial && cp fno/variant/scf_rhf_gorb.sio ../../../bin/sio
input  file: fno/variant/scf_rhf_gorb.sial
output file: fno/variant/scf_rhf_gorb.sio
    No compilation errors
Writing tables to fno/variant/scf_rhf_gorb.sio

SIO (Super Instruction Object) file is saved to "fno/variant/scf_rhf_gorb.sio".
../../../bin/sial eom/experimental/xleom_rhf_prop_with_trans_density.sial && cp eom/experimental/xleom_rhf_prop_with_trans_density.sio ../../../bin/sio
input  file: eom/experimental/xleom_rhf_prop_with_trans_density.sial
output file: eom/experimental/xleom_rhf_prop_with_trans_density.sio
    No compilation errors
Writing tables to eom/experimental/xleom_rhf_prop_with_trans_density.sio

SIO (Super Instruction Object) file is saved to "eom/experimental/xleom_rhf_prop_with_trans_density.sio".
../../../bin/sial eom/experimental/xreom_uhf_prop_after6.sial && cp eom/experimental/xreom_uhf_prop_after6.sio ../../../bin/sio
input  file: eom/experimental/xreom_uhf_prop_after6.sial
output file: eom/experimental/xreom_uhf_prop_after6.sio
    No compilation errors
Writing tables to eom/experimental/xreom_uhf_prop_after6.sio

SIO (Super Instruction Object) file is saved to "eom/experimental/xreom_uhf_prop_after6.sio".
../../../bin/sial eom/variant/reom_rhf_prop.sial && cp eom/variant/reom_rhf_prop.sio ../../../bin/sio
input  file: eom/variant/reom_rhf_prop.sial
output file: eom/variant/reom_rhf_prop.sio
    No compilation errors
Writing tables to eom/variant/reom_rhf_prop.sio

SIO (Super Instruction Object) file is saved to "eom/variant/reom_rhf_prop.sio".
../../../bin/sial eom/variant/reom_rhf_printvec_4dens.sial && cp eom/variant/reom_rhf_printvec_4dens.sio ../../../bin/sio
input  file: eom/variant/reom_rhf_printvec_4dens.sial
output file: eom/variant/reom_rhf_printvec_4dens.sio
    No compilation errors
Writing tables to eom/variant/reom_rhf_printvec_4dens.sio

SIO (Super Instruction Object) file is saved to "eom/variant/reom_rhf_printvec_4dens.sio".
../../../bin/sial eom/variant/eom_dea.sial && cp eom/variant/eom_dea.sio ../../../bin/sio
input  file: eom/variant/eom_dea.sial
output file: eom/variant/eom_dea.sio
    No compilation errors
Writing tables to eom/variant/eom_dea.sio

SIO (Super Instruction Object) file is saved to "eom/variant/eom_dea.sio".
../../../bin/sial eom/variant/eomccsd_uhf_mo.sial && cp eom/variant/eomccsd_uhf_mo.sio ../../../bin/sio
input  file: eom/variant/eomccsd_uhf_mo.sial
output file: eom/variant/eomccsd_uhf_mo.sio
    No compilation errors
Writing tables to eom/variant/eomccsd_uhf_mo.sio

SIO (Super Instruction Object) file is saved to "eom/variant/eomccsd_uhf_mo.sio".
../../../bin/sial eom/variant/reom_uhf_printvec_4dens.sial && cp eom/variant/reom_uhf_printvec_4dens.sio ../../../bin/sio
input  file: eom/variant/reom_uhf_printvec_4dens.sial
output file: eom/variant/reom_uhf_printvec_4dens.sio
    No compilation errors
Writing tables to eom/variant/reom_uhf_printvec_4dens.sio

SIO (Super Instruction Object) file is saved to "eom/variant/reom_uhf_printvec_4dens.sio".
../../../bin/sial eom/variant/xreom_uhf_prop.sial && cp eom/variant/xreom_uhf_prop.sio ../../../bin/sio
input  file: eom/variant/xreom_uhf_prop.sial
output file: eom/variant/xreom_uhf_prop.sio
    No compilation errors
Writing tables to eom/variant/xreom_uhf_prop.sio

SIO (Super Instruction Object) file is saved to "eom/variant/xreom_uhf_prop.sio".
../../../bin/sial eom/variant/eom_dip.sial && cp eom/variant/eom_dip.sio ../../../bin/sio
input  file: eom/variant/eom_dip.sial
output file: eom/variant/eom_dip.sio
    No compilation errors
Writing tables to eom/variant/eom_dip.sio

SIO (Super Instruction Object) file is saved to "eom/variant/eom_dip.sio".
../../../bin/sial mp2/variant/mp2_n6_rhf.sial && cp mp2/variant/mp2_n6_rhf.sio ../../../bin/sio
input  file: mp2/variant/mp2_n6_rhf.sial
output file: mp2/variant/mp2_n6_rhf.sio
    No compilation errors
Writing tables to mp2/variant/mp2_n6_rhf.sio

SIO (Super Instruction Object) file is saved to "mp2/variant/mp2_n6_rhf.sio".
../../../bin/sial mp2/variant/mp2_n6_uhf.sial && cp mp2/variant/mp2_n6_uhf.sio ../../../bin/sio
input  file: mp2/variant/mp2_n6_uhf.sial
output file: mp2/variant/mp2_n6_uhf.sio
    No compilation errors
Writing tables to mp2/variant/mp2_n6_uhf.sio

SIO (Super Instruction Object) file is saved to "mp2/variant/mp2_n6_uhf.sio".
../../../bin/sial mp2/variant/mp2_uhf_ls1.sial && cp mp2/variant/mp2_uhf_ls1.sio ../../../bin/sio
input  file: mp2/variant/mp2_uhf_ls1.sial
output file: mp2/variant/mp2_uhf_ls1.sio
    No compilation errors
Writing tables to mp2/variant/mp2_uhf_ls1.sio

SIO (Super Instruction Object) file is saved to "mp2/variant/mp2_uhf_ls1.sio".
../../../bin/sial hbar/variant/hbar_uhf_ao_eaeomcc.sial && cp hbar/variant/hbar_uhf_ao_eaeomcc.sio ../../../bin/sio
input  file: hbar/variant/hbar_uhf_ao_eaeomcc.sial
output file: hbar/variant/hbar_uhf_ao_eaeomcc.sio
    No compilation errors
Writing tables to hbar/variant/hbar_uhf_ao_eaeomcc.sio

SIO (Super Instruction Object) file is saved to "hbar/variant/hbar_uhf_ao_eaeomcc.sio".
../../../bin/sial hbar/variant/hbar_uhf_mo.sial && cp hbar/variant/hbar_uhf_mo.sio ../../../bin/sio
input  file: hbar/variant/hbar_uhf_mo.sial
output file: hbar/variant/hbar_uhf_mo.sio
    No compilation errors
Writing tables to hbar/variant/hbar_uhf_mo.sio

SIO (Super Instruction Object) file is saved to "hbar/variant/hbar_uhf_mo.sio".
../../../bin/sial hbar/variant/hbar_uhf_ao.sial && cp hbar/variant/hbar_uhf_ao.sio ../../../bin/sio
input  file: hbar/variant/hbar_uhf_ao.sial
output file: hbar/variant/hbar_uhf_ao.sio
    No compilation errors
Writing tables to hbar/variant/hbar_uhf_ao.sio

SIO (Super Instruction Object) file is saved to "hbar/variant/hbar_uhf_ao.sio".
../../../bin/sial hbar/variant/hbar_uhf_ao_ipeomcc.sial && cp hbar/variant/hbar_uhf_ao_ipeomcc.sio ../../../bin/sio
input  file: hbar/variant/hbar_uhf_ao_ipeomcc.sial
output file: hbar/variant/hbar_uhf_ao_ipeomcc.sio
    No compilation errors
Writing tables to hbar/variant/hbar_uhf_ao_ipeomcc.sio

SIO (Super Instruction Object) file is saved to "hbar/variant/hbar_uhf_ao_ipeomcc.sio".
../../../bin/sial dea/variant/eom_dea_triplets_hpc.sial && cp dea/variant/eom_dea_triplets_hpc.sio ../../../bin/sio
input  file: dea/variant/eom_dea_triplets_hpc.sial
output file: dea/variant/eom_dea_triplets_hpc.sio
    No compilation errors
Writing tables to dea/variant/eom_dea_triplets_hpc.sio

SIO (Super Instruction Object) file is saved to "dea/variant/eom_dea_triplets_hpc.sio".
../../../bin/sial dea/variant/eom_dea_singlets_hpc.sial && cp dea/variant/eom_dea_singlets_hpc.sio ../../../bin/sio
input  file: dea/variant/eom_dea_singlets_hpc.sial
output file: dea/variant/eom_dea_singlets_hpc.sio
    No compilation errors
Writing tables to dea/variant/eom_dea_singlets_hpc.sio

SIO (Super Instruction Object) file is saved to "dea/variant/eom_dea_singlets_hpc.sio".
../../../bin/sial lambda/experimental/elambda_rhf_1.sial && cp lambda/experimental/elambda_rhf_1.sio ../../../bin/sio
input  file: lambda/experimental/elambda_rhf_1.sial
output file: lambda/experimental/elambda_rhf_1.sio
    No compilation errors
Writing tables to lambda/experimental/elambda_rhf_1.sio

SIO (Super Instruction Object) file is saved to "lambda/experimental/elambda_rhf_1.sio".
../../../bin/sial lambda/experimental/elambda_uhf_1_ao_sv1.sial && cp lambda/experimental/elambda_uhf_1_ao_sv1.sio ../../../bin/sio
input  file: lambda/experimental/elambda_uhf_1_ao_sv1.sial
output file: lambda/experimental/elambda_uhf_1_ao_sv1.sio
    No compilation errors
Writing tables to lambda/experimental/elambda_uhf_1_ao_sv1.sio

SIO (Super Instruction Object) file is saved to "lambda/experimental/elambda_uhf_1_ao_sv1.sio".
../../../bin/sial lambda/variant/lambda_uhf_ao_sv1_diis5.sial && cp lambda/variant/lambda_uhf_ao_sv1_diis5.sio ../../../bin/sio
input  file: lambda/variant/lambda_uhf_ao_sv1_diis5.sial
output file: lambda/variant/lambda_uhf_ao_sv1_diis5.sio
    No compilation errors
Writing tables to lambda/variant/lambda_uhf_ao_sv1_diis5.sio

SIO (Super Instruction Object) file is saved to "lambda/variant/lambda_uhf_ao_sv1_diis5.sio".
../../../bin/sial lambda/variant/lambda_uhf_mo_dist1_diis5.sial && cp lambda/variant/lambda_uhf_mo_dist1_diis5.sio ../../../bin/sio
input  file: lambda/variant/lambda_uhf_mo_dist1_diis5.sial
output file: lambda/variant/lambda_uhf_mo_dist1_diis5.sio
    No compilation errors
Writing tables to lambda/variant/lambda_uhf_mo_dist1_diis5.sio

SIO (Super Instruction Object) file is saved to "lambda/variant/lambda_uhf_mo_dist1_diis5.sio".
../../../bin/sial lambda/variant/lambda_uhf_ao_sv2_diis5.sial && cp lambda/variant/lambda_uhf_ao_sv2_diis5.sio ../../../bin/sio
input  file: lambda/variant/lambda_uhf_ao_sv2_diis5.sial
output file: lambda/variant/lambda_uhf_ao_sv2_diis5.sio
    No compilation errors
Writing tables to lambda/variant/lambda_uhf_ao_sv2_diis5.sio

SIO (Super Instruction Object) file is saved to "lambda/variant/lambda_uhf_ao_sv2_diis5.sio".
../../../bin/sial lambda/variant/lambda_rhf_posteom_4dens.sial && cp lambda/variant/lambda_rhf_posteom_4dens.sio ../../../bin/sio
input  file: lambda/variant/lambda_rhf_posteom_4dens.sial
output file: lambda/variant/lambda_rhf_posteom_4dens.sio
    No compilation errors
Writing tables to lambda/variant/lambda_rhf_posteom_4dens.sio

SIO (Super Instruction Object) file is saved to "lambda/variant/lambda_rhf_posteom_4dens.sio".
../../../bin/sial lambda/variant/lambda_uhf_mo_sv1_diis5.sial && cp lambda/variant/lambda_uhf_mo_sv1_diis5.sio ../../../bin/sio
input  file: lambda/variant/lambda_uhf_mo_sv1_diis5.sial
output file: lambda/variant/lambda_uhf_mo_sv1_diis5.sio
    No compilation errors
Writing tables to lambda/variant/lambda_uhf_mo_sv1_diis5.sio

SIO (Super Instruction Object) file is saved to "lambda/variant/lambda_uhf_mo_sv1_diis5.sio".
../../../bin/sial lambda/variant/lambda_uhf_posteom_4dens.sial && cp lambda/variant/lambda_uhf_posteom_4dens.sio ../../../bin/sio
input  file: lambda/variant/lambda_uhf_posteom_4dens.sial
output file: lambda/variant/lambda_uhf_posteom_4dens.sio
    No compilation errors
Writing tables to lambda/variant/lambda_uhf_posteom_4dens.sio

SIO (Super Instruction Object) file is saved to "lambda/variant/lambda_uhf_posteom_4dens.sio".
../../../bin/sial lambda/variant/lambda_uhf_ao_dist1_diis5.sial && cp lambda/variant/lambda_uhf_ao_dist1_diis5.sio ../../../bin/sio
input  file: lambda/variant/lambda_uhf_ao_dist1_diis5.sial
output file: lambda/variant/lambda_uhf_ao_dist1_diis5.sio
    No compilation errors
Writing tables to lambda/variant/lambda_uhf_ao_dist1_diis5.sio

SIO (Super Instruction Object) file is saved to "lambda/variant/lambda_uhf_ao_dist1_diis5.sio".
../../../bin/sial ccsdgrad/two_grad/two_grad_uhf_ao_sv1_dropmo.sial && cp ccsdgrad/two_grad/two_grad_uhf_ao_sv1_dropmo.sio ../../../bin/sio
input  file: ccsdgrad/two_grad/two_grad_uhf_ao_sv1_dropmo.sial
output file: ccsdgrad/two_grad/two_grad_uhf_ao_sv1_dropmo.sio
    No compilation errors
Writing tables to ccsdgrad/two_grad/two_grad_uhf_ao_sv1_dropmo.sio

SIO (Super Instruction Object) file is saved to "ccsdgrad/two_grad/two_grad_uhf_ao_sv1_dropmo.sio".
../../../bin/sial ccsdgrad/two_grad/two_grad_rhf_ao_sv1.sial && cp ccsdgrad/two_grad/two_grad_rhf_ao_sv1.sio ../../../bin/sio
input  file: ccsdgrad/two_grad/two_grad_rhf_ao_sv1.sial
output file: ccsdgrad/two_grad/two_grad_rhf_ao_sv1.sio
    No compilation errors
Writing tables to ccsdgrad/two_grad/two_grad_rhf_ao_sv1.sio

SIO (Super Instruction Object) file is saved to "ccsdgrad/two_grad/two_grad_rhf_ao_sv1.sio".
../../../bin/sial ccsdgrad/two_grad/two_grad_uhf_ao_sv1.sial && cp ccsdgrad/two_grad/two_grad_uhf_ao_sv1.sio ../../../bin/sio
input  file: ccsdgrad/two_grad/two_grad_uhf_ao_sv1.sial
output file: ccsdgrad/two_grad/two_grad_uhf_ao_sv1.sio
    No compilation errors
Writing tables to ccsdgrad/two_grad/two_grad_uhf_ao_sv1.sio

SIO (Super Instruction Object) file is saved to "ccsdgrad/two_grad/two_grad_uhf_ao_sv1.sio".
../../../bin/sial ccsdgrad/one_grad/one_grad_uhf_ao_sv1_diis5.sial && cp ccsdgrad/one_grad/one_grad_uhf_ao_sv1_diis5.sio ../../../bin/sio
input  file: ccsdgrad/one_grad/one_grad_uhf_ao_sv1_diis5.sial
output file: ccsdgrad/one_grad/one_grad_uhf_ao_sv1_diis5.sio
    No compilation errors
Writing tables to ccsdgrad/one_grad/one_grad_uhf_ao_sv1_diis5.sio

SIO (Super Instruction Object) file is saved to "ccsdgrad/one_grad/one_grad_uhf_ao_sv1_diis5.sio".
../../../bin/sial ccsdgrad/one_grad/one_grad_rhf_ao_sv1_dropmo.sial && cp ccsdgrad/one_grad/one_grad_rhf_ao_sv1_dropmo.sio ../../../bin/sio
input  file: ccsdgrad/one_grad/one_grad_rhf_ao_sv1_dropmo.sial
output file: ccsdgrad/one_grad/one_grad_rhf_ao_sv1_dropmo.sio
    No compilation errors
Writing tables to ccsdgrad/one_grad/one_grad_rhf_ao_sv1_dropmo.sio

SIO (Super Instruction Object) file is saved to "ccsdgrad/one_grad/one_grad_rhf_ao_sv1_dropmo.sio".
../../../bin/sial ccsdgrad/one_grad/one_grad_uhf_ao_sv1_dropmo_diis5.sial && cp ccsdgrad/one_grad/one_grad_uhf_ao_sv1_dropmo_diis5.sio ../../../bin/sio
input  file: ccsdgrad/one_grad/one_grad_uhf_ao_sv1_dropmo_diis5.sial
output file: ccsdgrad/one_grad/one_grad_uhf_ao_sv1_dropmo_diis5.sio
    No compilation errors
Writing tables to ccsdgrad/one_grad/one_grad_uhf_ao_sv1_dropmo_diis5.sio

SIO (Super Instruction Object) file is saved to "ccsdgrad/one_grad/one_grad_uhf_ao_sv1_dropmo_diis5.sio".
../../../bin/sial props/old/CCSD_Aison.sial && cp props/old/CCSD_Aison.sio ../../../bin/sio
input  file: props/old/CCSD_Aison.sial
output file: props/old/CCSD_Aison.sio
    No compilation errors
Writing tables to props/old/CCSD_Aison.sio

SIO (Super Instruction Object) file is saved to "props/old/CCSD_Aison.sio".
../../../bin/sial ccsd/variant/ccsd_rhf_ao_sv1_diis5_kraken.sial && cp ccsd/variant/ccsd_rhf_ao_sv1_diis5_kraken.sio ../../../bin/sio
input  file: ccsd/variant/ccsd_rhf_ao_sv1_diis5_kraken.sial
output file: ccsd/variant/ccsd_rhf_ao_sv1_diis5_kraken.sio
    No compilation errors
Writing tables to ccsd/variant/ccsd_rhf_ao_sv1_diis5_kraken.sio

SIO (Super Instruction Object) file is saved to "ccsd/variant/ccsd_rhf_ao_sv1_diis5_kraken.sio".
../../../bin/sial ccsd/variant/ccsd_uhf_ao_sv1_diis5.sial && cp ccsd/variant/ccsd_uhf_ao_sv1_diis5.sio ../../../bin/sio
input  file: ccsd/variant/ccsd_uhf_ao_sv1_diis5.sial
output file: ccsd/variant/ccsd_uhf_ao_sv1_diis5.sio
    No compilation errors
Writing tables to ccsd/variant/ccsd_uhf_ao_sv1_diis5.sio

SIO (Super Instruction Object) file is saved to "ccsd/variant/ccsd_uhf_ao_sv1_diis5.sio".
../../../bin/sial ccsd/variant/ccsd_uhf_mo_dist1_diis5.sial && cp ccsd/variant/ccsd_uhf_mo_dist1_diis5.sio ../../../bin/sio
input  file: ccsd/variant/ccsd_uhf_mo_dist1_diis5.sial
output file: ccsd/variant/ccsd_uhf_mo_dist1_diis5.sio
    No compilation errors
Writing tables to ccsd/variant/ccsd_uhf_mo_dist1_diis5.sio

SIO (Super Instruction Object) file is saved to "ccsd/variant/ccsd_uhf_mo_dist1_diis5.sio".
../../../bin/sial ccsd/variant/ccsd_uhf_dip.sial && cp ccsd/variant/ccsd_uhf_dip.sio ../../../bin/sio
input  file: ccsd/variant/ccsd_uhf_dip.sial
output file: ccsd/variant/ccsd_uhf_dip.sio
    No compilation errors
Writing tables to ccsd/variant/ccsd_uhf_dip.sio

SIO (Super Instruction Object) file is saved to "ccsd/variant/ccsd_uhf_dip.sio".
../../../bin/sial ccsd/variant/ccsd_uhf_mo_sv1_diis5.sial && cp ccsd/variant/ccsd_uhf_mo_sv1_diis5.sio ../../../bin/sio
input  file: ccsd/variant/ccsd_uhf_mo_sv1_diis5.sial
output file: ccsd/variant/ccsd_uhf_mo_sv1_diis5.sio
    No compilation errors
Writing tables to ccsd/variant/ccsd_uhf_mo_sv1_diis5.sio

SIO (Super Instruction Object) file is saved to "ccsd/variant/ccsd_uhf_mo_sv1_diis5.sio".
../../../bin/sial ccsd/variant/ccsd_uhf_ao_dist1_diis5.sial && cp ccsd/variant/ccsd_uhf_ao_dist1_diis5.sio ../../../bin/sio
input  file: ccsd/variant/ccsd_uhf_ao_dist1_diis5.sial
output file: ccsd/variant/ccsd_uhf_ao_dist1_diis5.sio
    No compilation errors
Writing tables to ccsd/variant/ccsd_uhf_ao_dist1_diis5.sio

SIO (Super Instruction Object) file is saved to "ccsd/variant/ccsd_uhf_ao_dist1_diis5.sio".
../../../bin/sial scf/variant/scf_uhf_isymm_diis10.sial && cp scf/variant/scf_uhf_isymm_diis10.sio ../../../bin/sio
input  file: scf/variant/scf_uhf_isymm_diis10.sial
output file: scf/variant/scf_uhf_isymm_diis10.sio
    No compilation errors
Writing tables to scf/variant/scf_uhf_isymm_diis10.sio

SIO (Super Instruction Object) file is saved to "scf/variant/scf_uhf_isymm_diis10.sio".
../../../bin/sial scf/variant/scf_nj_networkfirst.sial && cp scf/variant/scf_nj_networkfirst.sio ../../../bin/sio
input  file: scf/variant/scf_nj_networkfirst.sial
output file: scf/variant/scf_nj_networkfirst.sio
    No compilation errors
Writing tables to scf/variant/scf_nj_networkfirst.sio

SIO (Super Instruction Object) file is saved to "scf/variant/scf_nj_networkfirst.sio".
../../../bin/sial scf/variant/scf_comp_rud.sial && cp scf/variant/scf_comp_rud.sio ../../../bin/sio
input  file: scf/variant/scf_comp_rud.sial
output file: scf/variant/scf_comp_rud.sio
    No compilation errors
Writing tables to scf/variant/scf_comp_rud.sio

SIO (Super Instruction Object) file is saved to "scf/variant/scf_comp_rud.sio".
../../../bin/sial scf/variant/scf_uhf_init.sial && cp scf/variant/scf_uhf_init.sio ../../../bin/sio
input  file: scf/variant/scf_uhf_init.sial
output file: scf/variant/scf_uhf_init.sio
    No compilation errors
Writing tables to scf/variant/scf_uhf_init.sio

SIO (Super Instruction Object) file is saved to "scf/variant/scf_uhf_init.sio".
../../../bin/sial scf/variant/scf_rhf_aguess_opt.sial && cp scf/variant/scf_rhf_aguess_opt.sio ../../../bin/sio
input  file: scf/variant/scf_rhf_aguess_opt.sial
output file: scf/variant/scf_rhf_aguess_opt.sio
    No compilation errors
Writing tables to scf/variant/scf_rhf_aguess_opt.sio

SIO (Super Instruction Object) file is saved to "scf/variant/scf_rhf_aguess_opt.sio".
../../../bin/sial scf/variant/scf_uhf_finish.sial && cp scf/variant/scf_uhf_finish.sio ../../../bin/sio
input  file: scf/variant/scf_uhf_finish.sial
output file: scf/variant/scf_uhf_finish.sio
    No compilation errors
Writing tables to scf/variant/scf_uhf_finish.sio

SIO (Super Instruction Object) file is saved to "scf/variant/scf_uhf_finish.sio".
../../../bin/sial scf/variant/scf_ccsd_rhf.sial && cp scf/variant/scf_ccsd_rhf.sio ../../../bin/sio
input  file: scf/variant/scf_ccsd_rhf.sial
output file: scf/variant/scf_ccsd_rhf.sio
    No compilation errors
Writing tables to scf/variant/scf_ccsd_rhf.sio

SIO (Super Instruction Object) file is saved to "scf/variant/scf_ccsd_rhf.sio".
../../../bin/sial scf/variant/scf_uhf_aguess_opt.sial && cp scf/variant/scf_uhf_aguess_opt.sio ../../../bin/sio
input  file: scf/variant/scf_uhf_aguess_opt.sial
output file: scf/variant/scf_uhf_aguess_opt.sio
    No compilation errors
Writing tables to scf/variant/scf_uhf_aguess_opt.sio

SIO (Super Instruction Object) file is saved to "scf/variant/scf_uhf_aguess_opt.sio".
../../../bin/sial scf/variant/scf_rhf_fast.sial && cp scf/variant/scf_rhf_fast.sio ../../../bin/sio
input  file: scf/variant/scf_rhf_fast.sial
output file: scf/variant/scf_rhf_fast.sio
    No compilation errors
Writing tables to scf/variant/scf_rhf_fast.sio

SIO (Super Instruction Object) file is saved to "scf/variant/scf_rhf_fast.sio".
../../../bin/sial scf/variant/scf_rhf_new.sial && cp scf/variant/scf_rhf_new.sio ../../../bin/sio
input  file: scf/variant/scf_rhf_new.sial
output file: scf/variant/scf_rhf_new.sio
    No compilation errors
Writing tables to scf/variant/scf_rhf_new.sio

SIO (Super Instruction Object) file is saved to "scf/variant/scf_rhf_new.sio".
../../../bin/sial scf/variant/scf_uhf_fast.sial && cp scf/variant/scf_uhf_fast.sio ../../../bin/sio
input  file: scf/variant/scf_uhf_fast.sial
output file: scf/variant/scf_uhf_fast.sio
    No compilation errors
Writing tables to scf/variant/scf_uhf_fast.sio

SIO (Super Instruction Object) file is saved to "scf/variant/scf_uhf_fast.sio".
../../../bin/sial scf/variant/scf_uhf_new.sial && cp scf/variant/scf_uhf_new.sio ../../../bin/sio
input  file: scf/variant/scf_uhf_new.sial
output file: scf/variant/scf_uhf_new.sio
    No compilation errors
Writing tables to scf/variant/scf_uhf_new.sio

SIO (Super Instruction Object) file is saved to "scf/variant/scf_uhf_new.sio".
../../../bin/sial scf/variant/scf_rhf_isymm_diis10.sial && cp scf/variant/scf_rhf_isymm_diis10.sio ../../../bin/sio
input  file: scf/variant/scf_rhf_isymm_diis10.sial
output file: scf/variant/scf_rhf_isymm_diis10.sio
    No compilation errors
Writing tables to scf/variant/scf_rhf_isymm_diis10.sio

SIO (Super Instruction Object) file is saved to "scf/variant/scf_rhf_isymm_diis10.sio".
../../../bin/sial scf/variant/scf_qrhf_aguess.sial && cp scf/variant/scf_qrhf_aguess.sio ../../../bin/sio
input  file: scf/variant/scf_qrhf_aguess.sial
output file: scf/variant/scf_qrhf_aguess.sio
    No compilation errors
Writing tables to scf/variant/scf_qrhf_aguess.sio

SIO (Super Instruction Object) file is saved to "scf/variant/scf_qrhf_aguess.sio".
../../../bin/sial scf/variant/scf_rud_model.sial && cp scf/variant/scf_rud_model.sio ../../../bin/sio
input  file: scf/variant/scf_rud_model.sial
output file: scf/variant/scf_rud_model.sio
    No compilation errors
Writing tables to scf/variant/scf_rud_model.sio

SIO (Super Instruction Object) file is saved to "scf/variant/scf_rud_model.sio".
../../../bin/sial vccs/variant/oldvccs.sial && cp vccs/variant/oldvccs.sio ../../../bin/sio
input  file: vccs/variant/oldvccs.sial
output file: vccs/variant/oldvccs.sio
    No compilation errors
Writing tables to vccs/variant/oldvccs.sio

SIO (Super Instruction Object) file is saved to "vccs/variant/oldvccs.sio".
../../../bin/sial tran/variant/tran_uhf_dea.sial && cp tran/variant/tran_uhf_dea.sio ../../../bin/sio
input  file: tran/variant/tran_uhf_dea.sial
output file: tran/variant/tran_uhf_dea.sio
    No compilation errors
Writing tables to tran/variant/tran_uhf_dea.sio

SIO (Super Instruction Object) file is saved to "tran/variant/tran_uhf_dea.sio".
../../../bin/sial tran/variant/tran_uhf_mo_sv1.sial && cp tran/variant/tran_uhf_mo_sv1.sio ../../../bin/sio
input  file: tran/variant/tran_uhf_mo_sv1.sial
output file: tran/variant/tran_uhf_mo_sv1.sio
    No compilation errors
Writing tables to tran/variant/tran_uhf_mo_sv1.sio

SIO (Super Instruction Object) file is saved to "tran/variant/tran_uhf_mo_sv1.sio".
../../../bin/sial tran/variant/tran_uhf_ao_dist1.sial && cp tran/variant/tran_uhf_ao_dist1.sio ../../../bin/sio
input  file: tran/variant/tran_uhf_ao_dist1.sial
output file: tran/variant/tran_uhf_ao_dist1.sio
    No compilation errors
Writing tables to tran/variant/tran_uhf_ao_dist1.sio

SIO (Super Instruction Object) file is saved to "tran/variant/tran_uhf_ao_dist1.sio".
../../../bin/sial tran/variant/tran_uhf_dip.sial && cp tran/variant/tran_uhf_dip.sio ../../../bin/sio
input  file: tran/variant/tran_uhf_dip.sial
output file: tran/variant/tran_uhf_dip.sio
    No compilation errors
Writing tables to tran/variant/tran_uhf_dip.sio

SIO (Super Instruction Object) file is saved to "tran/variant/tran_uhf_dip.sio".
../../../bin/sial tran/variant/tran_uhf_mo_dist1.sial && cp tran/variant/tran_uhf_mo_dist1.sio ../../../bin/sio
input  file: tran/variant/tran_uhf_mo_dist1.sial
output file: tran/variant/tran_uhf_mo_dist1.sio
    No compilation errors
Writing tables to tran/variant/tran_uhf_mo_dist1.sio

SIO (Super Instruction Object) file is saved to "tran/variant/tran_uhf_mo_dist1.sio".
../../../bin/sial tran/variant/tran_uhf_vvvv.sial && cp tran/variant/tran_uhf_vvvv.sio ../../../bin/sio
input  file: tran/variant/tran_uhf_vvvv.sial
output file: tran/variant/tran_uhf_vvvv.sio
    No compilation errors
Writing tables to tran/variant/tran_uhf_vvvv.sio

SIO (Super Instruction Object) file is saved to "tran/variant/tran_uhf_vvvv.sio".
../../../bin/sial mp2grad/variant/mp2grad_rhf_lp_ld_dist.sial && cp mp2grad/variant/mp2grad_rhf_lp_ld_dist.sio ../../../bin/sio
input  file: mp2grad/variant/mp2grad_rhf_lp_ld_dist.sial
output file: mp2grad/variant/mp2grad_rhf_lp_ld_dist.sio
    No compilation errors
Writing tables to mp2grad/variant/mp2grad_rhf_lp_ld_dist.sio

SIO (Super Instruction Object) file is saved to "mp2grad/variant/mp2grad_rhf_lp_ld_dist.sio".
../../../bin/sial mp2grad/variant/mp2grad_uhf_sv1.sial && cp mp2grad/variant/mp2grad_uhf_sv1.sio ../../../bin/sio
input  file: mp2grad/variant/mp2grad_uhf_sv1.sial
output file: mp2grad/variant/mp2grad_uhf_sv1.sio
    No compilation errors
Writing tables to mp2grad/variant/mp2grad_uhf_sv1.sio

SIO (Super Instruction Object) file is saved to "mp2grad/variant/mp2grad_uhf_sv1.sio".
../../../bin/sial mp2grad/variant/mp2grad_rhf_bg.sial && cp mp2grad/variant/mp2grad_rhf_bg.sio ../../../bin/sio
input  file: mp2grad/variant/mp2grad_rhf_bg.sial
output file: mp2grad/variant/mp2grad_rhf_bg.sio
    No compilation errors
Writing tables to mp2grad/variant/mp2grad_rhf_bg.sio

SIO (Super Instruction Object) file is saved to "mp2grad/variant/mp2grad_rhf_bg.sio".
../../../bin/sial mp2grad/variant/mp2grad_rhf_lp.sial && cp mp2grad/variant/mp2grad_rhf_lp.sio ../../../bin/sio
input  file: mp2grad/variant/mp2grad_rhf_lp.sial
output file: mp2grad/variant/mp2grad_rhf_lp.sio
    No compilation errors
Writing tables to mp2grad/variant/mp2grad_rhf_lp.sio

SIO (Super Instruction Object) file is saved to "mp2grad/variant/mp2grad_rhf_lp.sio".
../../../bin/sial mp2grad/variant/mp2grad_rhf_hp.sial && cp mp2grad/variant/mp2grad_rhf_hp.sio ../../../bin/sio
input  file: mp2grad/variant/mp2grad_rhf_hp.sial
output file: mp2grad/variant/mp2grad_rhf_hp.sio
    No compilation errors
Writing tables to mp2grad/variant/mp2grad_rhf_hp.sio

SIO (Super Instruction Object) file is saved to "mp2grad/variant/mp2grad_rhf_hp.sio".
../../../bin/sial mp2grad/variant/mp2grad_rhf_sv1_new.sial && cp mp2grad/variant/mp2grad_rhf_sv1_new.sio ../../../bin/sio
input  file: mp2grad/variant/mp2grad_rhf_sv1_new.sial
output file: mp2grad/variant/mp2grad_rhf_sv1_new.sio
    No compilation errors
Writing tables to mp2grad/variant/mp2grad_rhf_sv1_new.sio

SIO (Super Instruction Object) file is saved to "mp2grad/variant/mp2grad_rhf_sv1_new.sio".
../../../bin/sial mp2grad/variant/mp2grad_rhf_lp_dist.sial && cp mp2grad/variant/mp2grad_rhf_lp_dist.sio ../../../bin/sio
input  file: mp2grad/variant/mp2grad_rhf_lp_dist.sial
output file: mp2grad/variant/mp2grad_rhf_lp_dist.sio
    No compilation errors
Writing tables to mp2grad/variant/mp2grad_rhf_lp_dist.sio

SIO (Super Instruction Object) file is saved to "mp2grad/variant/mp2grad_rhf_lp_dist.sio".
../../../bin/sial mp2grad/variant/mp2grad_uhf_hp.sial && cp mp2grad/variant/mp2grad_uhf_hp.sio ../../../bin/sio
input  file: mp2grad/variant/mp2grad_uhf_hp.sial
output file: mp2grad/variant/mp2grad_uhf_hp.sio
    No compilation errors
Writing tables to mp2grad/variant/mp2grad_uhf_hp.sio

SIO (Super Instruction Object) file is saved to "mp2grad/variant/mp2grad_uhf_hp.sio".
../../../bin/sial mp2grad/variant/mp2grad_uhf_sv1_new.sial && cp mp2grad/variant/mp2grad_uhf_sv1_new.sio ../../../bin/sio
input  file: mp2grad/variant/mp2grad_uhf_sv1_new.sial
output file: mp2grad/variant/mp2grad_uhf_sv1_new.sio
    No compilation errors
Writing tables to mp2grad/variant/mp2grad_uhf_sv1_new.sio

SIO (Super Instruction Object) file is saved to "mp2grad/variant/mp2grad_uhf_sv1_new.sio".
../../../bin/sial mp2grad/variant/mp2grad_rhf_lp_ld.sial && cp mp2grad/variant/mp2grad_rhf_lp_ld.sio ../../../bin/sio
input  file: mp2grad/variant/mp2grad_rhf_lp_ld.sial
output file: mp2grad/variant/mp2grad_rhf_lp_ld.sio
    No compilation errors
Writing tables to mp2grad/variant/mp2grad_rhf_lp_ld.sio

SIO (Super Instruction Object) file is saved to "mp2grad/variant/mp2grad_rhf_lp_ld.sio".
../../../bin/sial mp2grad/variant/mp2grad_rhf_sv1.sial && cp mp2grad/variant/mp2grad_rhf_sv1.sio ../../../bin/sio
input  file: mp2grad/variant/mp2grad_rhf_sv1.sial
output file: mp2grad/variant/mp2grad_rhf_sv1.sio
    No compilation errors
Writing tables to mp2grad/variant/mp2grad_rhf_sv1.sio

SIO (Super Instruction Object) file is saved to "mp2grad/variant/mp2grad_rhf_sv1.sio".
../../../bin/sial mp2grad/variant/mp2gradtest.sial && cp mp2grad/variant/mp2gradtest.sio ../../../bin/sio
input  file: mp2grad/variant/mp2gradtest.sial
output file: mp2grad/variant/mp2gradtest.sio
    No compilation errors
Writing tables to mp2grad/variant/mp2gradtest.sio

SIO (Super Instruction Object) file is saved to "mp2grad/variant/mp2gradtest.sio".
../../../bin/sial special/variant/rohf_tran.sial && cp special/variant/rohf_tran.sio ../../../bin/sio
input  file: special/variant/rohf_tran.sial
output file: special/variant/rohf_tran.sio
    No compilation errors
Writing tables to special/variant/rohf_tran.sio

SIO (Super Instruction Object) file is saved to "special/variant/rohf_tran.sio".
../../../bin/sial ccsdgrad/two_grad/variant/two_grad_uhf_mo_dist1.sial && cp ccsdgrad/two_grad/variant/two_grad_uhf_mo_dist1.sio ../../../bin/sio
input  file: ccsdgrad/two_grad/variant/two_grad_uhf_mo_dist1.sial
output file: ccsdgrad/two_grad/variant/two_grad_uhf_mo_dist1.sio
    No compilation errors
Writing tables to ccsdgrad/two_grad/variant/two_grad_uhf_mo_dist1.sio

SIO (Super Instruction Object) file is saved to "ccsdgrad/two_grad/variant/two_grad_uhf_mo_dist1.sio".
../../../bin/sial ccsdgrad/two_grad/variant/two_grad_uhf_mo_sv1.sial && cp ccsdgrad/two_grad/variant/two_grad_uhf_mo_sv1.sio ../../../bin/sio
input  file: ccsdgrad/two_grad/variant/two_grad_uhf_mo_sv1.sial
output file: ccsdgrad/two_grad/variant/two_grad_uhf_mo_sv1.sio
    No compilation errors
Writing tables to ccsdgrad/two_grad/variant/two_grad_uhf_mo_sv1.sio

SIO (Super Instruction Object) file is saved to "ccsdgrad/two_grad/variant/two_grad_uhf_mo_sv1.sio".
../../../bin/sial ccsdgrad/two_grad/variant/two_grad_herm_rhf_ao_sv1.sial && cp ccsdgrad/two_grad/variant/two_grad_herm_rhf_ao_sv1.sio ../../../bin/sio
input  file: ccsdgrad/two_grad/variant/two_grad_herm_rhf_ao_sv1.sial
output file: ccsdgrad/two_grad/variant/two_grad_herm_rhf_ao_sv1.sio
    No compilation errors
Writing tables to ccsdgrad/two_grad/variant/two_grad_herm_rhf_ao_sv1.sio

SIO (Super Instruction Object) file is saved to "ccsdgrad/two_grad/variant/two_grad_herm_rhf_ao_sv1.sio".
../../../bin/sial ccsdgrad/two_grad/variant/two_grad_uhf_ao_dist1.sial && cp ccsdgrad/two_grad/variant/two_grad_uhf_ao_dist1.sio ../../../bin/sio
input  file: ccsdgrad/two_grad/variant/two_grad_uhf_ao_dist1.sial
output file: ccsdgrad/two_grad/variant/two_grad_uhf_ao_dist1.sio
    No compilation errors
Writing tables to ccsdgrad/two_grad/variant/two_grad_uhf_ao_dist1.sio

SIO (Super Instruction Object) file is saved to "ccsdgrad/two_grad/variant/two_grad_uhf_ao_dist1.sio".
../../../bin/sial ccsdgrad/two_grad/variant/two_grad_herm_uhf_ao_sv1.sial && cp ccsdgrad/two_grad/variant/two_grad_herm_uhf_ao_sv1.sio ../../../bin/sio
input  file: ccsdgrad/two_grad/variant/two_grad_herm_uhf_ao_sv1.sial
output file: ccsdgrad/two_grad/variant/two_grad_herm_uhf_ao_sv1.sio
    No compilation errors
Writing tables to ccsdgrad/two_grad/variant/two_grad_herm_uhf_ao_sv1.sio

SIO (Super Instruction Object) file is saved to "ccsdgrad/two_grad/variant/two_grad_herm_uhf_ao_sv1.sio".
../../../bin/sial ccsdgrad/two_grad/variant/two_grad_herm_uhf_ao_sv1_dropmo.sial && cp ccsdgrad/two_grad/variant/two_grad_herm_uhf_ao_sv1_dropmo.sio ../../../bin/sio
input  file: ccsdgrad/two_grad/variant/two_grad_herm_uhf_ao_sv1_dropmo.sial
output file: ccsdgrad/two_grad/variant/two_grad_herm_uhf_ao_sv1_dropmo.sio
    No compilation errors
Writing tables to ccsdgrad/two_grad/variant/two_grad_herm_uhf_ao_sv1_dropmo.sio

SIO (Super Instruction Object) file is saved to "ccsdgrad/two_grad/variant/two_grad_herm_uhf_ao_sv1_dropmo.sio".
../../../bin/sial ccsdgrad/one_grad/variant/one_grad_herm_rhf_ao_sv1.sial && cp ccsdgrad/one_grad/variant/one_grad_herm_rhf_ao_sv1.sio ../../../bin/sio
input  file: ccsdgrad/one_grad/variant/one_grad_herm_rhf_ao_sv1.sial
output file: ccsdgrad/one_grad/variant/one_grad_herm_rhf_ao_sv1.sio
    No compilation errors
Writing tables to ccsdgrad/one_grad/variant/one_grad_herm_rhf_ao_sv1.sio

SIO (Super Instruction Object) file is saved to "ccsdgrad/one_grad/variant/one_grad_herm_rhf_ao_sv1.sio".
../../../bin/sial ccsdgrad/one_grad/variant/one_grad_herm_uhf_ao_sv1_diis5.sial && cp ccsdgrad/one_grad/variant/one_grad_herm_uhf_ao_sv1_diis5.sio ../../../bin/sio
input  file: ccsdgrad/one_grad/variant/one_grad_herm_uhf_ao_sv1_diis5.sial
output file: ccsdgrad/one_grad/variant/one_grad_herm_uhf_ao_sv1_diis5.sio
    No compilation errors
Writing tables to ccsdgrad/one_grad/variant/one_grad_herm_uhf_ao_sv1_diis5.sio

SIO (Super Instruction Object) file is saved to "ccsdgrad/one_grad/variant/one_grad_herm_uhf_ao_sv1_diis5.sio".
../../../bin/sial ccsdgrad/one_grad/variant/one_grad_herm_rhf_ao_sv1_dropmo.sial && cp ccsdgrad/one_grad/variant/one_grad_herm_rhf_ao_sv1_dropmo.sio ../../../bin/sio
input  file: ccsdgrad/one_grad/variant/one_grad_herm_rhf_ao_sv1_dropmo.sial
output file: ccsdgrad/one_grad/variant/one_grad_herm_rhf_ao_sv1_dropmo.sio
    No compilation errors
Writing tables to ccsdgrad/one_grad/variant/one_grad_herm_rhf_ao_sv1_dropmo.sio

SIO (Super Instruction Object) file is saved to "ccsdgrad/one_grad/variant/one_grad_herm_rhf_ao_sv1_dropmo.sio".
../../../bin/sial ccsdgrad/one_grad/variant/one_grad_rhf_ao_sv1.sial && cp ccsdgrad/one_grad/variant/one_grad_rhf_ao_sv1.sio ../../../bin/sio
input  file: ccsdgrad/one_grad/variant/one_grad_rhf_ao_sv1.sial
output file: ccsdgrad/one_grad/variant/one_grad_rhf_ao_sv1.sio
    No compilation errors
Writing tables to ccsdgrad/one_grad/variant/one_grad_rhf_ao_sv1.sio

SIO (Super Instruction Object) file is saved to "ccsdgrad/one_grad/variant/one_grad_rhf_ao_sv1.sio".
../../../bin/sial ccsdgrad/one_grad/variant/one_grad_herm_uhf_ao_sv1_dropmo_diis5.sial && cp ccsdgrad/one_grad/variant/one_grad_herm_uhf_ao_sv1_dropmo_diis5.sio ../../../bin/sio
input  file: ccsdgrad/one_grad/variant/one_grad_herm_uhf_ao_sv1_dropmo_diis5.sial
output file: ccsdgrad/one_grad/variant/one_grad_herm_uhf_ao_sv1_dropmo_diis5.sio
    No compilation errors
Writing tables to ccsdgrad/one_grad/variant/one_grad_herm_uhf_ao_sv1_dropmo_diis5.sio

SIO (Super Instruction Object) file is saved to "ccsdgrad/one_grad/variant/one_grad_herm_uhf_ao_sv1_dropmo_diis5.sio".
../../../bin/sial ccsdgrad/one_grad/variant/one_grad_uhf_mo_dist1_diis5.sial && cp ccsdgrad/one_grad/variant/one_grad_uhf_mo_dist1_diis5.sio ../../../bin/sio
input  file: ccsdgrad/one_grad/variant/one_grad_uhf_mo_dist1_diis5.sial
output file: ccsdgrad/one_grad/variant/one_grad_uhf_mo_dist1_diis5.sio
    No compilation errors
Writing tables to ccsdgrad/one_grad/variant/one_grad_uhf_mo_dist1_diis5.sio

SIO (Super Instruction Object) file is saved to "ccsdgrad/one_grad/variant/one_grad_uhf_mo_dist1_diis5.sio".
../../../bin/sial ccsdgrad/one_grad/variant/one_grad_uhf_mo_sv1_diis5.sial && cp ccsdgrad/one_grad/variant/one_grad_uhf_mo_sv1_diis5.sio ../../../bin/sio
input  file: ccsdgrad/one_grad/variant/one_grad_uhf_mo_sv1_diis5.sial
output file: ccsdgrad/one_grad/variant/one_grad_uhf_mo_sv1_diis5.sio
    No compilation errors
Writing tables to ccsdgrad/one_grad/variant/one_grad_uhf_mo_sv1_diis5.sio

SIO (Super Instruction Object) file is saved to "ccsdgrad/one_grad/variant/one_grad_uhf_mo_sv1_diis5.sio".
../../../bin/sial ccsdgrad/one_grad/variant/one_grad_uhf_ao_dist1_diis5.sial && cp ccsdgrad/one_grad/variant/one_grad_uhf_ao_dist1_diis5.sio ../../../bin/sio
input  file: ccsdgrad/one_grad/variant/one_grad_uhf_ao_dist1_diis5.sial
output file: ccsdgrad/one_grad/variant/one_grad_uhf_ao_dist1_diis5.sio
    No compilation errors
Writing tables to ccsdgrad/one_grad/variant/one_grad_uhf_ao_dist1_diis5.sio

SIO (Super Instruction Object) file is saved to "ccsdgrad/one_grad/variant/one_grad_uhf_ao_dist1_diis5.sio".
gmake[2]: Leaving directory `/home/perera/Develop/TTU_devls/acesiii/src/aces/aces_sial'
gmake[2]: Entering directory `/home/perera/Develop/TTU_devls/acesiii/src/main'
rm -f make.out make.err
mpif77 -c -D__fortran -D__fortran77 -DMPIF2C -Zp8 -zero -traceback -DMPI2 -shared-intel -O2 -msse3 -axcore-avx2,core-avx-i -I../sia/include -I../aces/aces_library/a2driver/aces2/include -I../sia/sip/include -I$MPIHOME/include  worker_init.F 1>>make.out 2>>make.err
mpif77 -c -D__fortran -D__fortran77 -DMPIF2C -Zp8 -zero -traceback -DMPI2 -shared-intel -O2 -msse3 -axcore-avx2,core-avx-i -I../sia/include -I../aces/aces_library/a2driver/aces2/include -I../sia/sip/include -I$MPIHOME/include  check_jodadone.F 1>>make.out 2>>make.err
mpif77 -c -D__fortran -D__fortran77 -DMPIF2C -Zp8 -zero -traceback -DMPI2 -shared-intel -O2 -msse3 -axcore-avx2,core-avx-i -I../sia/include -I../aces/aces_library/a2driver/aces2/include -I../sia/sip/include -I$MPIHOME/include  joda_exit.F 1>>make.out 2>>make.err
mpif77 -c -D__fortran -D__fortran77 -DMPIF2C -Zp8 -zero -traceback -DMPI2 -shared-intel -O2 -msse3 -axcore-avx2,core-avx-i -I../sia/include -I../aces/aces_library/a2driver/aces2/include -I../sia/sip/include -I$MPIHOME/include  init_data.F 1>>make.out 2>>make.err
mpif77 -c -D__fortran -D__fortran77 -DMPIF2C -Zp8 -zero -traceback -DMPI2 -shared-intel -O2 -msse3 -axcore-avx2,core-avx-i -I../sia/include -I../aces/aces_library/a2driver/aces2/include -I../sia/sip/include -I$MPIHOME/include  write_zmat_auto.F 1>>make.out 2>>make.err
mpif77 -c -D__fortran -D__fortran77 -DMPIF2C -Zp8 -zero -traceback -DMPI2 -shared-intel -O2 -msse3 -axcore-avx2,core-avx-i -I../sia/include -I../aces/aces_library/a2driver/aces2/include -I../sia/sip/include -I$MPIHOME/include  aces_com_parallel_aces.F 1>>make.out 2>>make.err
mpif77 -c -D__fortran -D__fortran77 -DMPIF2C -Zp8 -zero -traceback -DMPI2 -shared-intel -O2 -msse3 -axcore-avx2,core-avx-i -I../sia/include -I../aces/aces_library/a2driver/aces2/include -I../sia/sip/include -I$MPIHOME/include  joda_prep.F 1>>make.out 2>>make.err
mpif77 -c -D__fortran -D__fortran77 -DMPIF2C -Zp8 -zero -traceback -DMPI2 -shared-intel -O2 -msse3 -axcore-avx2,core-avx-i -I../sia/include -I../aces/aces_library/a2driver/aces2/include -I../sia/sip/include -I$MPIHOME/include  beta.F 1>>make.out 2>>make.err
mpif77 -c -D__fortran -D__fortran77 -DMPIF2C -Zp8 -zero -traceback -DMPI2 -shared-intel -O2 -msse3 -axcore-avx2,core-avx-i -I../sia/include -I../aces/aces_library/a2driver/aces2/include -I../sia/sip/include -I$MPIHOME/include  scf_init.F 1>>make.out 2>>make.err
mpif77 -c -D__fortran -D__fortran77 -DMPIF2C -Zp8 -zero -traceback -DMPI2 -shared-intel -O2 -msse3 -axcore-avx2,core-avx-i -I../sia/include -I../aces/aces_library/a2driver/aces2/include -I../sia/sip/include -I$MPIHOME/include  set_ecp_charges.F 1>>make.out 2>>make.err
mpif77 -c -D__fortran -D__fortran77 -DMPIF2C -Zp8 -zero -traceback -DMPI2 -shared-intel -O2 -msse3 -axcore-avx2,core-avx-i -I../sia/include -I../aces/aces_library/a2driver/aces2/include -I../sia/sip/include -I$MPIHOME/include  worker_work.F 1>>make.out 2>>make.err
mpif77 -c -D__fortran -D__fortran77 -DMPIF2C -Zp8 -zero -traceback -DMPI2 -shared-intel -O2 -msse3 -axcore-avx2,core-avx-i -I../sia/include -I../aces/aces_library/a2driver/aces2/include -I../sia/sip/include -I$MPIHOME/include  timer_data.F 1>>make.out 2>>make.err
mpif77 -c -D__fortran -D__fortran77 -DMPIF2C -Zp8 -zero -traceback -DMPI2 -shared-intel -O2 -msse3 -axcore-avx2,core-avx-i -I../sia/include -I../aces/aces_library/a2driver/aces2/include -I../sia/sip/include -I$MPIHOME/include  det_segsizes.F 1>>make.out 2>>make.err
mpif77 -c -D__fortran -D__fortran77 -DMPIF2C -Zp8 -zero -traceback -DMPI2 -shared-intel -O2 -msse3 -axcore-avx2,core-avx-i -I../sia/include -I../aces/aces_library/a2driver/aces2/include -I../sia/sip/include -I$MPIHOME/include  int_gen_init.F 1>>make.out 2>>make.err
mpif77 -c -D__fortran -D__fortran77 -DMPIF2C -Zp8 -zero -traceback -DMPI2 -shared-intel -O2 -msse3 -axcore-avx2,core-avx-i -I../sia/include -I../aces/aces_library/a2driver/aces2/include -I../sia/sip/include -I$MPIHOME/include  write_default_sial_programs.f 1>>make.out 2>>make.err
mpif77 -c -D__fortran -D__fortran77 -DMPIF2C -Zp8 -zero -traceback -DMPI2 -shared-intel -O2 -msse3 -axcore-avx2,core-avx-i -I../sia/include -I../aces/aces_library/a2driver/aces2/include -I../sia/sip/include -I$MPIHOME/include  int_gen_sizer.f 1>>make.out 2>>make.err
mpif77 -c -D__fortran -D__fortran77 -DMPIF2C -Zp8 -zero -traceback -DMPI2 -shared-intel -O2 -msse3 -axcore-avx2,core-avx-i -I../sia/include -I../aces/aces_library/a2driver/aces2/include -I../sia/sip/include -I$MPIHOME/include  get_sial_config_params.f 1>>make.out 2>>make.err
mpif77 -c -D__fortran -D__fortran77 -DMPIF2C -Zp8 -zero -traceback -DMPI2 -shared-intel -O2 -msse3 -axcore-avx2,core-avx-i -I../sia/include -I../aces/aces_library/a2driver/aces2/include -I../sia/sip/include -I$MPIHOME/include  nuclear_nuclear_gradient.f 1>>make.out 2>>make.err
mpif77 -c -D__fortran -D__fortran77 -DMPIF2C -Zp8 -zero -traceback -DMPI2 -shared-intel -O2 -msse3 -axcore-avx2,core-avx-i -I../sia/include -I../aces/aces_library/a2driver/aces2/include -I../sia/sip/include -I$MPIHOME/include  handle_hessian.f 1>>make.out 2>>make.err
mpif77 -c -D__fortran -D__fortran77 -DMPIF2C -Zp8 -zero -traceback -DMPI2 -shared-intel -O2 -msse3 -axcore-avx2,core-avx-i -I../sia/include -I../aces/aces_library/a2driver/aces2/include -I../sia/sip/include -I$MPIHOME/include  decode_fmo_params.f 1>>make.out 2>>make.err
mpif77 -c -D__fortran -D__fortran77 -DMPIF2C -Zp8 -zero -traceback -DMPI2 -shared-intel -O2 -msse3 -axcore-avx2,core-avx-i -I../sia/include -I../aces/aces_library/a2driver/aces2/include -I../sia/sip/include -I$MPIHOME/include  nuclear_nuclear_repulsion_energy.f 1>>make.out 2>>make.err
mpif77 -c -D__fortran -D__fortran77 -DMPIF2C -Zp8 -zero -traceback -DMPI2 -shared-intel -O2 -msse3 -axcore-avx2,core-avx-i -I../sia/include -I../aces/aces_library/a2driver/aces2/include -I../sia/sip/include -I$MPIHOME/include  worker_termination.f 1>>make.out 2>>make.err
mpif77 -c -D__fortran -D__fortran77 -DMPIF2C -Zp8 -zero -traceback -DMPI2 -shared-intel -O2 -msse3 -axcore-avx2,core-avx-i -I../sia/include -I../aces/aces_library/a2driver/aces2/include -I../sia/sip/include -I$MPIHOME/include  reset_internal_system_data.f 1>>make.out 2>>make.err
mpif77 -c -D__fortran -D__fortran77 -DMPIF2C -Zp8 -zero -traceback -DMPI2 -shared-intel -O2 -msse3 -axcore-avx2,core-avx-i -I../sia/include -I../aces/aces_library/a2driver/aces2/include -I../sia/sip/include -I$MPIHOME/include  molread.f 1>>make.out 2>>make.err
mpif77 -c -D__fortran -D__fortran77 -DMPIF2C -Zp8 -zero -traceback -DMPI2 -shared-intel -O2 -msse3 -axcore-avx2,core-avx-i -I../sia/include -I../aces/aces_library/a2driver/aces2/include -I../sia/sip/include -I$MPIHOME/include  int_send_common.f 1>>make.out 2>>make.err
mpif77 -c -D__fortran -D__fortran77 -DMPIF2C -Zp8 -zero -traceback -DMPI2 -shared-intel -O2 -msse3 -axcore-avx2,core-avx-i -I../sia/include -I../aces/aces_library/a2driver/aces2/include -I../sia/sip/include -I$MPIHOME/include  handle_gradient.f 1>>make.out 2>>make.err
mpif77 -c -D__fortran -D__fortran77 -DMPIF2C -Zp8 -zero -traceback -DMPI2 -shared-intel -O2 -msse3 -axcore-avx2,core-avx-i -I../sia/include -I../aces/aces_library/a2driver/aces2/include -I../sia/sip/include -I$MPIHOME/include  verify_aces2_params.f 1>>make.out 2>>make.err
mpif77 -c -D__fortran -D__fortran77 -DMPIF2C -Zp8 -zero -traceback -DMPI2 -shared-intel -O2 -msse3 -axcore-avx2,core-avx-i -I../sia/include -I../aces/aces_library/a2driver/aces2/include -I../sia/sip/include -I$MPIHOME/include  find_seg.f 1>>make.out 2>>make.err
mpif77 -c -D__fortran -D__fortran77 -DMPIF2C -Zp8 -zero -traceback -DMPI2 -shared-intel -O2 -msse3 -axcore-avx2,core-avx-i -I../sia/include -I../aces/aces_library/a2driver/aces2/include -I../sia/sip/include -I$MPIHOME/include  reorder_coefficients.f 1>>make.out 2>>make.err
mpif77 -c -D__fortran -D__fortran77 -DMPIF2C -Zp8 -zero -traceback -DMPI2 -shared-intel -O2 -msse3 -axcore-avx2,core-avx-i -I../sia/include -I../aces/aces_library/a2driver/aces2/include -I../sia/sip/include -I$MPIHOME/include  reorder_rohf.f 1>>make.out 2>>make.err
mpif77 -c -D__fortran -D__fortran77 -DMPIF2C -Zp8 -zero -traceback -DMPI2 -shared-intel -O2 -msse3 -axcore-avx2,core-avx-i -I../sia/include -I../aces/aces_library/a2driver/aces2/include -I../sia/sip/include -I$MPIHOME/include  clear_static_data_requests.f 1>>make.out 2>>make.err
mpif77 -c -D__fortran -D__fortran77 -DMPIF2C -Zp8 -zero -traceback -DMPI2 -shared-intel -O2 -msse3 -axcore-avx2,core-avx-i -I../sia/include -I../aces/aces_library/a2driver/aces2/include -I../sia/sip/include -I$MPIHOME/include  geometry.f 1>>make.out 2>>make.err
mpif77 -c -D__fortran -D__fortran77 -DMPIF2C -Zp8 -zero -traceback -DMPI2 -shared-intel -O2 -msse3 -axcore-avx2,core-avx-i -I../sia/include -I../aces/aces_library/a2driver/aces2/include -I../sia/sip/include -I$MPIHOME/include  descramble_coefficients.f 1>>make.out 2>>make.err
mpif77 -c -D__fortran -D__fortran77 -DMPIF2C -Zp8 -zero -traceback -DMPI2 -shared-intel -O2 -msse3 -axcore-avx2,core-avx-i -I../sia/include -I../aces/aces_library/a2driver/aces2/include -I../sia/sip/include -I$MPIHOME/include  find_jobflow.f 1>>make.out 2>>make.err
mpicc -c -DMPIF2C -DC_SUFFIX  -DMPI2 -DCB_SUFFIX -shared-intel -O2 -msse3 -axcore-avx2,core-avx-i -I../sia/include -I../aces/aces_library/a2driver/aces2/include -I../sia/sip/include -I$MPIHOME/include  c_exit.c 1>>make.out 2>>make.err
mpicc -c -DMPIF2C -DC_SUFFIX  -DMPI2 -DCB_SUFFIX -shared-intel -O2 -msse3 -axcore-avx2,core-avx-i -I../sia/include -I../aces/aces_library/a2driver/aces2/include -I../sia/sip/include -I$MPIHOME/include  sumz.c 1>>make.out 2>>make.err
mpif77 -D__fortran -D__fortran77 -DMPIF2C -Zp8 -zero -traceback -DMPI2 -shared-intel -O2 -msse3 -axcore-avx2,core-avx-i  -o xaces3 \
       worker_init.o write_zmat_auto.o aces_com_parallel_aces.o worker_work.o joda_exit.o scf_init.o timer_data.o int_gen_init.o init_data.o det_segsizes.o check_jodadone.o beta.o set_ecp_charges.o joda_prep.o write_default_sial_programs.o int_gen_sizer.o get_sial_config_params.o nuclear_nuclear_gradient.o handle_hessian.o decode_fmo_params.o nuclear_nuclear_repulsion_energy.o worker_termination.o reset_internal_system_data.o molread.o int_send_common.o handle_gradient.o verify_aces2_params.o find_seg.o reorder_coefficients.o reorder_rohf.o clear_static_data_requests.o geometry.o descramble_coefficients.o find_jobflow.o c_exit.o sumz.o  ../sia/manager/check_consistency.o ../sia/manager/check_for_server_array.o ../sia/manager/check_preparesum_work.o ../sia/manager/check_work_stack_for_delay.o ../sia/manager/claim_memory_block.o ../sia/manager/clear_server_stats.o ../sia/manager/diskcall.o ../sia/manager/distribute_server_info.o ../sia/manager/do_backup.o ../sia/manager/find_clean_block.o ../sia/manager/find_free_diskloc.o ../sia/manager/find_oldest_dirty_block.o ../sia/manager/find_server_table_ptr.o ../sia/manager/insert_work_node.o ../sia/manager/make_free_block.o ../sia/manager/mark_block_clean.o ../sia/manager/mark_block_dirty.o ../sia/manager/pop_clean_block.o ../sia/manager/pop_work_node.o ../sia/manager/prequest_copy_slice.o ../sia/manager/print_server_data.o ../sia/manager/process_prepare_message.o ../sia/manager/process_preparesum_message.o ../sia/manager/process_prequest_message.o ../sia/manager/process_request_message.o ../sia/manager/process_server_blocks_to_list_msg.o ../sia/manager/process_server_blocks_to_list_no_mpi_io.o ../sia/manager/process_server_checkpoint_msg.o ../sia/manager/process_server_commit_msg.o ../sia/manager/process_server_copy_message.o ../sia/manager/process_server_delete_message.o ../sia/manager/process_server_list_to_blocks_msg.o ../sia/manager/process_server_restart_msg.o ../sia/manager/process_work_queue_entry.o ../sia/manager/ptr_check.o ../sia/manager/push_clean_block.o ../sia/manager/push_work_node.o ../sia/manager/remove_from_dirty_list.o ../sia/manager/remove_work_head.o ../sia/manager/server_abort_job.o ../sia/manager/sip_server_init.o ../sia/manager/sip_server_work.o ../sia/manager/syscopy.o ../sia/manager/translate_key.o ../sia/worker/block_map_table_setup.o ../sia/worker/build_segment_table.o ../sia/worker/built_cmp2zmat.o ../sia/worker/determine_stack_blocksizes.o ../sia/worker/get_subrange_segments.o ../sia/worker/get_symbolic_constant.o ../sia/worker/init_c.o ../sia/worker/init_eps.o ../sia/worker/init_fock.o ../sia/worker/init_fockrohf.o ../sia/worker/init_oed_integrals.o ../sia/worker/print_symbolic_constants.o ../sia/worker/prop_atom.o ../sia/worker/refill_block_map_table.o ../sia/worker/remap.o ../sia/worker/send_static_data.o ../sia/worker/shells_to_segments.o ../sia/worker/sial_compile_and_send_tables1.o ../sia/worker/sial_compile_and_send_tables.o ../sia/worker/sip_fmain.o ../sia/worker/stack_distribution.o ../sia/worker/vmlgen.o ../sia/worker/vtdemo_init.o ../sia/worker/write_eig_data.o ../aces/aces_library/special_directory/direct_integral/aces_to_erd.o ../aces/aces_library/special_directory/direct_integral/binpack.o ../aces/aces_library/special_directory/direct_integral/comp_dipole_moment.o ../aces/aces_library/special_directory/direct_integral/comp_first_moment.o ../aces/aces_library/special_directory/direct_integral/comp_fock_der.o ../aces/aces_library/special_directory/direct_integral/comp_overlap_der.o ../aces/aces_library/special_directory/direct_integral/comp_return_1el_dkh.o ../aces/aces_library/special_directory/direct_integral/comp_return_derv_xyz.o ../aces/aces_library/special_directory/direct_integral/comp_return_h1_nodiag.o ../aces/aces_library/special_directory/direct_integral/comp_return_h1.o ../aces/aces_library/special_directory/direct_integral/comp_return_ovl.o ../aces/aces_library/special_directory/direct_integral/comp_return_x.o ../aces/aces_library/special_directory/direct_integral/comp_return_xx.o ../aces/aces_library/special_directory/direct_integral/comp_return_xy.o ../aces/aces_library/special_directory/direct_integral/comp_return_xz.o ../aces/aces_library/special_directory/direct_integral/comp_return_y.o ../aces/aces_library/special_directory/direct_integral/comp_return_yy.o ../aces/aces_library/special_directory/direct_integral/comp_return_yz.o ../aces/aces_library/special_directory/direct_integral/comp_return_z.o ../aces/aces_library/special_directory/direct_integral/comp_return_zz.o ../aces/aces_library/special_directory/direct_integral/comp_second_moment.o ../aces/aces_library/special_directory/direct_integral/compute_der2_batch.o ../aces/aces_library/special_directory/direct_integral/compute_der_batch.o ../aces/aces_library/special_directory/direct_integral/compute_erd_2e_derv_integrals.o ../aces/aces_library/special_directory/direct_integral/compute_erd_2e_Sderv_integrals.o ../aces/aces_library/special_directory/direct_integral/compute_erd3.o ../aces/aces_library/special_directory/direct_integral/compute_integrals.o ../aces/aces_library/special_directory/direct_integral/compute_integrals_wrapper.o ../aces/aces_library/special_directory/direct_integral/compute_oed_integrals.o ../aces/aces_library/special_directory/direct_integral/compute_return_1soix.o ../aces/aces_library/special_directory/direct_integral/compute_return_1soiy.o ../aces/aces_library/special_directory/direct_integral/compute_return_1soiz.o ../aces/aces_library/special_directory/direct_integral/compute_return_2dshieldxx.o ../aces/aces_library/special_directory/direct_integral/compute_return_2dshieldxy.o ../aces/aces_library/special_directory/direct_integral/compute_return_2dshieldxz.o ../aces/aces_library/special_directory/direct_integral/compute_return_2dshieldyx.o ../aces/aces_library/special_directory/direct_integral/compute_return_2dshieldyy.o ../aces/aces_library/special_directory/direct_integral/compute_return_2dshieldyz.o ../aces/aces_library/special_directory/direct_integral/compute_return_2dshieldzx.o ../aces/aces_library/special_directory/direct_integral/compute_return_2dshieldzy.o ../aces/aces_library/special_directory/direct_integral/compute_return_2dshieldzz.o ../aces/aces_library/special_directory/direct_integral/compute_return_2soix.o ../aces/aces_library/special_directory/direct_integral/compute_return_2soiy.o ../aces/aces_library/special_directory/direct_integral/compute_return_2soiz.o ../aces/aces_library/special_directory/direct_integral/compute_return_angmomx.o ../aces/aces_library/special_directory/direct_integral/compute_return_angmomy.o ../aces/aces_library/special_directory/direct_integral/compute_return_angmomz.o ../aces/aces_library/special_directory/direct_integral/compute_return_dshieldxx.o ../aces/aces_library/special_directory/direct_integral/compute_return_dshieldxy.o ../aces/aces_library/special_directory/direct_integral/compute_return_dshieldxz.o ../aces/aces_library/special_directory/direct_integral/compute_return_dshieldyx.o ../aces/aces_library/special_directory/direct_integral/compute_return_dshieldyy.o ../aces/aces_library/special_directory/direct_integral/compute_return_dshieldyz.o ../aces/aces_library/special_directory/direct_integral/compute_return_dshieldzx.o ../aces/aces_library/special_directory/direct_integral/compute_return_dshieldzy.o ../aces/aces_library/special_directory/direct_integral/compute_return_dshieldzz.o ../aces/aces_library/special_directory/direct_integral/compute_return_kin.o ../aces/aces_library/special_directory/direct_integral/compute_return_pvp.o ../aces/aces_library/special_directory/direct_integral/contract_ecp_derv_integrals.o ../aces/aces_library/special_directory/direct_integral/contract_erd_2der.o ../aces/aces_library/special_directory/direct_integral/contract_oed_2derv_integrals.o ../aces/aces_library/special_directory/direct_integral/contract_oed_2derv_num.o ../aces/aces_library/special_directory/direct_integral/contract_oed_2derv_type1a.o ../aces/aces_library/special_directory/direct_integral/contract_oed_2derv_type1b.o ../aces/aces_library/special_directory/direct_integral/contract_oed_2derv_type1_numint.o ../aces/aces_library/special_directory/direct_integral/contract_oed_2derv_type1.o ../aces/aces_library/special_directory/direct_integral/contract_oed_delta_integrals.o ../aces/aces_library/special_directory/direct_integral/contract_oed_derv_integrals.o ../aces/aces_library/special_directory/direct_integral/ecp_renorm.o ../aces/aces_library/special_directory/direct_integral/ecp_to_erd.o ../aces/aces_library/special_directory/direct_integral/erd_2dsh_scratch_mem_calc.o ../aces/aces_library/special_directory/direct_integral/erd_combo_scratch_mem_calc.o ../aces/aces_library/special_directory/direct_integral/erd_scratch_mem_calc.o ../aces/aces_library/special_directory/direct_integral/erd_soi_scratch_mem_calc.o ../aces/aces_library/special_directory/direct_integral/fast_erd_scratch_mem_calc.o ../aces/aces_library/special_directory/direct_integral/get1e.o ../aces/aces_library/special_directory/direct_integral/lookup_shell.o ../aces/aces_library/special_directory/direct_integral/move_integrals.o ../aces/aces_library/special_directory/direct_integral/nn_repulsion_energy.o ../aces/aces_library/special_directory/direct_integral/pack_coeffs.o ../aces/aces_library/special_directory/direct_integral/pack_coeffs_oed.o ../aces/aces_library/special_directory/direct_integral/pack_coeffs_ovl3c.o ../aces/aces_library/special_directory/direct_integral/read_dkh_ints.o ../aces/aces_library/special_directory/direct_integral/segment_mol.o ../aces/aces_library/special_directory/direct_integral/setup_ccbeg.o ../aces/aces_library/special_directory/direct_integral/sip_integral_init.o ../aces/aces_library/special_directory/direct_integral/test2d_numint.o ../aces/aces_library/special_directory/direct_integral/tester_MRT1.o ../aces/aces_library/special_directory/direct_integral/tester_MRT2.o ../aces/aces_library/special_directory/direct_integral/tester_MRT3.o ../aces/aces_library/special_directory/direct_integral/tester_MRT4.o \
      -L../../lib -L. -lstdc++ -lsip1 -lsip2 -lsialinst -lsip_shared -lframelib -laces2 -lgeopt -lsymcor -laces2 -lprop_ints -lerd -ldkh -loed -lecp -ldup -lsip1 -lsip2 -lsialinst -Wl,--start-group -lmkl_intel_lp64 -lmkl_sequential -lmkl_core  -Wl,--end-group && test -x xaces3  || rm -f xaces3
../../lib/libsip2.a(generate_scratch_filename.o): In function `generate_scratch_filename_':
generate_scratch_filename.c:(.text+0x2e): warning: the use of `mktemp' is dangerous, better use `mkstemp'
cp xaces3 ../../bin/xaces3
rm -f make.out make.err
gmake[2]: Leaving directory `/home/perera/Develop/TTU_devls/acesiii/src/main'
gmake[1]: Leaving directory `/home/perera/Develop/TTU_devls/acesiii/src'
gmake[1]: Entering directory `/home/perera/Develop/TTU_devls/acesiii/src/aces/aces_sial'
rm -f make.out make.err
gmake[1]: Leaving directory `/home/perera/Develop/TTU_devls/acesiii/src/aces/aces_sial'
gmake[1]: Entering directory `/home/perera/Develop/TTU_devls/acesiii/test_compare'
rm -f make.out make.err
mpif77 -c -D__fortran -D__fortran77 -DMPIF2C -Zp8 -zero -traceback -DMPI2 -shared-intel -O2 -msse3 -axcore-avx2,core-avx-i -I$MPIHOME/include  test_compare.f 1>>make.out 2>>make.err
mpif77 -D__fortran -D__fortran77 -DMPIF2C -Zp8 -zero -traceback -DMPI2 -shared-intel -O2 -msse3 -axcore-avx2,core-avx-i  -o xtest_compare \
        test_compare.o   \
       -L../lib -L. -lstdc++ -lsip1 -lsip2 -lsip_shared -lframelib -laces2 -lgeopt -lsymcor -laces2 -lerd -loed -ldup -lsip1 -lsip2 -Wl,--start-group -lmkl_intel_lp64 -lmkl_sequential -lmkl_core  -Wl,--end-group && test -x xtest_compare  || rm -f xtest_compare
cp xtest_compare ../bin/xtest_compare
rm -f make.out make.err
gmake[1]: Leaving directory `/home/perera/Develop/TTU_devls/acesiii/test_compare'
gmake[1]: Entering directory `/home/perera/Develop/TTU_devls/acesiii/tests'
mkdir: cannot create directory ‘/ACESIII_TESTS’: Permission denied
gmake[1]: *** [tests] Error 1
gmake[1]: Leaving directory `/home/perera/Develop/TTU_devls/acesiii/tests'
gmake: *** [all] Error 1
