makefile:239: target 'liboo' given more than once in the same rule
makefile:239: target 'oed' given more than once in the same rule
makefile:239: target 'erd' given more than once in the same rule
makefile:239: target 'lambda' given more than once in the same rule
makefile:239: target 'dens' given more than once in the same rule
gmake[1]: Entering directory '/home/perera/Develop/ACESII_build/mpistubs'

The installed library is up-to-date.

BUILDBIN is negative so the binary is not installed.
gmake[1]: Leaving directory '/home/perera/Develop/ACESII_build/mpistubs'
gmake[1]: Entering directory '/home/perera/Develop/ACESII_build/mpw'

The installed library is up-to-date.

BUILDBIN is negative so the binary is not installed.
gmake[1]: Leaving directory '/home/perera/Develop/ACESII_build/mpw'
gmake[1]: Entering directory '/home/perera/Develop/ACESII_build/eispack'

The installed library is up-to-date.

BUILDBIN is negative so the binary is not installed.
gmake[1]: Leaving directory '/home/perera/Develop/ACESII_build/eispack'
gmake[1]: Entering directory '/home/perera/Develop/ACESII_build/linpack'

The installed library is up-to-date.

BUILDBIN is negative so the binary is not installed.
gmake[1]: Leaving directory '/home/perera/Develop/ACESII_build/linpack'
gmake[1]: Entering directory '/home/perera/Develop/ACESII_build/lb'

The installed library is up-to-date.

BUILDBIN is negative so the binary is not installed.
gmake[1]: Leaving directory '/home/perera/Develop/ACESII_build/lb'
gmake[1]: Entering directory '/home/perera/Develop/ACESII_build/tools'

The installed library is up-to-date.

BUILDBIN is negative so the binary is not installed.
gmake[1]: Leaving directory '/home/perera/Develop/ACESII_build/tools'
gmake[1]: Entering directory '/home/perera/Develop/ACESII_build/nlo'

The installed library is up-to-date.

BUILDBIN is negative so the binary is not installed.
gmake[1]: Leaving directory '/home/perera/Develop/ACESII_build/nlo'
gmake[1]: Entering directory '/home/perera/Develop/ACESII_build/blockdave'

The installed library is up-to-date.

BUILDBIN is negative so the binary is not installed.
gmake[1]: Leaving directory '/home/perera/Develop/ACESII_build/blockdave'
gmake[1]: Entering directory '/home/perera/Develop/ACESII_build/liboo'

The installed library is up-to-date.

BUILDBIN is negative so the binary is not installed.
gmake[1]: Leaving directory '/home/perera/Develop/ACESII_build/liboo'
gmake[1]: Entering directory '/home/perera/Develop/ACESII_build/libpccd'

The installed library is up-to-date.

BUILDBIN is negative so the binary is not installed.
gmake[1]: Leaving directory '/home/perera/Develop/ACESII_build/libpccd'
gmake[1]: Entering directory '/home/perera/Develop/ACESII_build/acescore'

The installed library is up-to-date.

BUILDBIN is negative so the binary is not installed.
gmake[1]: Leaving directory '/home/perera/Develop/ACESII_build/acescore'
gmake[1]: Entering directory '/home/perera/Develop/ACESII_build/acesutil'

The installed library is up-to-date.

BUILDBIN is negative so the binary is not installed.
gmake[1]: Leaving directory '/home/perera/Develop/ACESII_build/acesutil'
gmake[1]: Entering directory '/home/perera/Develop/ACESII_build/libr'

The installed library is up-to-date.

BUILDBIN is negative so the binary is not installed.
gmake[1]: Leaving directory '/home/perera/Develop/ACESII_build/libr'
gmake[1]: Entering directory '/home/perera/Develop/ACESII_build/libr_extn'

The installed library is up-to-date.

BUILDBIN is negative so the binary is not installed.
gmake[1]: Leaving directory '/home/perera/Develop/ACESII_build/libr_extn'
gmake[1]: Entering directory '/home/perera/Develop/ACESII_build/ecplib'
ecplib(lstr.f): compiling at 16:24:20
ecplib(rdcchr.f): compiling at 16:24:20
ecplib(rdebbs.f): compiling at 16:24:20
ecplib(wisch.f): compiling at 16:24:20

Object files are up-to-date.

Archiving objects

Installing the library as:
   /home/perera/Develop/lib/libecplib.a

The installed library is up-to-date.

BUILDBIN is negative so the binary is not installed.
gmake[1]: Leaving directory '/home/perera/Develop/ACESII_build/ecplib'
gmake[1]: Entering directory '/home/perera/Develop/ACESII_build/symcor'
symcor(collect.F): processing
symcor(collect.f): compiling at 16:24:20
symcor(doener.F): processing
symcor(doener.f): compiling at 16:24:21
symcor(gen_cart_coord_b.F): processing
symcor(gen_cart_coord_b.f): compiling at 16:24:21
symcor(getgrd.F): processing
symcor(getgrd.f): compiling at 16:24:21
symcor(grad2fcm.F): processing
symcor(grad2fcm.f): compiling at 16:24:21
symcor(init_fd.F): processing
symcor(init_fd.f): compiling at 16:24:21
symcor(init_fds4_heff.F): processing
symcor(init_fds4_heff.f): compiling at 16:24:21
symcor(isrcheq.F): processing
symcor(isrcheq.f): compiling at 16:24:22
symcor(isrchne.F): processing
symcor(isrchne.f): compiling at 16:24:22
symcor(main.F): processing
symcor(main.f): compiling at 16:24:22
symcor(match4.F): processing
symcor(match4.f): compiling at 16:24:22
symcor(mn_align_COM.F): processing
symcor(mn_align_COM.f): compiling at 16:24:22
symcor(mn_align_geom.F): processing
symcor(mn_align_geom.f): compiling at 16:24:22
symcor(mn_det3x3.F): processing
symcor(mn_det3x3.f): compiling at 16:24:22
symcor(mn_fndmaxd.F): processing
symcor(mn_fndmaxd.f): compiling at 16:24:23
symcor(mn_gschmidt.F): processing
symcor(mn_gschmidt.f): compiling at 16:24:23
symcor(mn_invert.F): processing
symcor(mn_invert.f): compiling at 16:24:23
symcor(mn_lowdin.F): processing
symcor(mn_lowdin.f): compiling at 16:24:23
symcor(mn_xyztran.F): processing
symcor(mn_xyztran.f): compiling at 16:24:23
symcor(numfds4_heff.F): processing
symcor(numfds4_heff.f): compiling at 16:24:23
symcor(print_internal.F): processing
symcor(print_internal.f): compiling at 16:24:23
symcor(prtcoord.F): processing
symcor(prtcoord.f): compiling at 16:24:24
symcor(put_matrix.F): processing
symcor(put_matrix.f): compiling at 16:24:24
symcor(rd_curvy_fdif.F): processing
symcor(rd_curvy_fdif.f): compiling at 16:24:24
symcor(rd_normal_fdif.F): processing
symcor(rd_normal_fdif.f): compiling at 16:24:24
symcor(setfcm.F): processing
symcor(setfcm.f): compiling at 16:24:24
symcor(setgrd.F): processing
symcor(setgrd.f): compiling at 16:24:24
symcor(setpts4_heff.F): processing
symcor(setpts4_heff.f): compiling at 16:24:25
symcor(setpts4_pes_sample.F): processing
symcor(setpts4_pes_sample.f): compiling at 16:24:25
symcor(setpts4_pes_scan.F): processing
symcor(setpts4_pes_scan.f): compiling at 16:24:25
symcor(setpts4_quartic.F): processing
symcor(setpts4_quartic.f): compiling at 16:24:25
symcor(setpts.F): processing
symcor(setpts.f): compiling at 16:24:26
symcor(sort2.F): processing
symcor(sort2.f): compiling at 16:24:26
symcor(symcor_cart.F): processing
symcor(symcor_cart.f): compiling at 16:24:26
symcor(symcor.F): processing
symcor(symcor.f): compiling at 16:24:26
symcor(symcor_muldim.F): processing
symcor(symcor_muldim.f): compiling at 16:24:26
symcor(symcor_onedim.F): processing
symcor(symcor_onedim.f): compiling at 16:24:26
symcor(trndip.F): processing
symcor(trndip.f): compiling at 16:24:27
symcor(upd_fd.F): processing
symcor(upd_fd.f): compiling at 16:24:27
symcor(upd_fds4_heff.F): processing
symcor(upd_fds4_heff.f): compiling at 16:24:27
symcor(write_geo_heff.F): processing
symcor(write_geo_heff.f): compiling at 16:24:27
symcor(write_pntheff.F): processing
symcor(write_pntheff.f): compiling at 16:24:27
symcor(write_quartic.F): processing
symcor(write_quartic.f): compiling at 16:24:28
symcor(write_scan_heff.F): processing
symcor(write_scan_heff.f): compiling at 16:24:28
symcor(write_vibronic.F): processing
symcor(write_vibronic.f): compiling at 16:24:28
symcor(write_vibron_input.F): processing
symcor(write_vibron_input.f): compiling at 16:24:28
symcor(chrtable.f): compiling at 16:24:28
symcor(dograd.f): compiling at 16:24:29
symcor(ener2fcm.f): compiling at 16:24:29
symcor(ener2grd.f): compiling at 16:24:29
symcor(ifindne.f): compiling at 16:24:29
symcor(piksr3.f): compiling at 16:24:29
symcor(prdegen.f): compiling at 16:24:29
symcor(q2qprime.f): compiling at 16:24:29
symcor(rotm.f): compiling at 16:24:29
symcor(rotprj.f): compiling at 16:24:29
symcor(schmidt.f): compiling at 16:24:30
symcor(stptr.f): compiling at 16:24:30
symcor(symadq.f): compiling at 16:24:30
symcor(traprj.f): compiling at 16:24:30
symcor(trnfcm.f): compiling at 16:24:30
symcor(trngrd.f): compiling at 16:24:30
symcor(vibinf.f): compiling at 16:24:30

Object files are up-to-date.

Archiving objects

Installing the library as:
   /home/perera/Develop/lib/libsymcor.a

The installed library is up-to-date.

BUILDBIN is negative so the binary is not installed.
gmake[1]: Leaving directory '/home/perera/Develop/ACESII_build/symcor'
gmake[1]: Entering directory '/home/perera/Develop/ACESII_build/joda'
joda(adm.F): processing
joda(adm.f): compiling at 16:24:31
joda(analyze.F): processing
joda(analyze.f): compiling at 16:24:31
joda(angs2bohr.F): processing
joda(angs2bohr.f): compiling at 16:24:32
joda(anlyshes.F): processing
joda(anlyshes.f): compiling at 16:24:32
joda(app_cart_constrains.F): processing
joda(app_cart_constrains.f): compiling at 16:24:32
joda(archive.F): processing
joda(archive.f): compiling at 16:24:32
joda(assign_angles.F): processing
joda(assign_angles.f): compiling at 16:24:33
joda(assign_bonds.F): processing
joda(assign_bonds.f): compiling at 16:24:33
joda(assign_cnnectvitis.F): processing
joda(assign_cnnectvitis.f): compiling at 16:24:33
joda(assign_dihls.F): processing
joda(assign_dihls.f): compiling at 16:24:33
joda(assign_labels.F): processing
joda(assign_labels.f): compiling at 16:24:33
joda(assign_xyz_labels.F): processing
joda(assign_xyz_labels.f): compiling at 16:24:34
joda(bd_ric_heap.F): processing
joda(bd_ric_heap.f): compiling at 16:24:34
joda(bfgs.F): processing
joda(bfgs.f): compiling at 16:24:34
joda(bohr2angs.F): processing
joda(bohr2angs.f): compiling at 16:24:34
joda(buildb.F): processing
joda(buildb.f): compiling at 16:24:35
joda(build_cmatrix.F): processing
joda(build_cmatrix.f): compiling at 16:24:35
joda(build_reori_matrix.F): processing
joda(build_reori_matrix.f): compiling at 16:24:35
joda(built_angcrd.F): processing
joda(built_angcrd.f): compiling at 16:24:35
joda(built_bgmtrx.F): processing
joda(built_bgmtrx.f): compiling at 16:24:36
joda(built_dihangcrd.F): processing
joda(built_dihangcrd.f): compiling at 16:24:36
joda(built_langcrd.F): processing
joda(built_langcrd.f): compiling at 16:24:36
joda(calmoi.F): processing
joda(calmoi.f): compiling at 16:24:36
joda(cart2int_hess.F): processing
joda(cart2int_hess.f): compiling at 16:24:37
joda(check4_180.F): processing
joda(check4_180.f): compiling at 16:24:37
joda(check_norm.F): processing
joda(check_norm.f): compiling at 16:24:37
joda(chkeck.F): processing
joda(chkeck.f): compiling at 16:24:37
joda(chrtab.F): processing
joda(chrtab.f): compiling at 16:24:37
joda(cnvrt2rad.F): processing
joda(cnvrt2rad.f): compiling at 16:24:38
joda(compare2.F): processing
joda(compare2.f): compiling at 16:24:38
joda(compkmat.F): processing
joda(compkmat.f): compiling at 16:24:38
joda(comvec.F): processing
joda(comvec.f): compiling at 16:24:39
joda(convhess.F): processing
joda(convhess.f): compiling at 16:24:39
joda(convq.F): processing
joda(convq.f): compiling at 16:24:39
joda(cshiftpri.F): processing
joda(cshiftpri.f): compiling at 16:24:39
joda(debug_zmat.F): processing
joda(debug_zmat.f): compiling at 16:24:39
joda(det3x3.F): processing
joda(det3x3.f): compiling at 16:24:40
joda(dfiles.F): processing
joda(dfiles.f): compiling at 16:24:40
joda(dihs.F): processing
joda(dihs.f): compiling at 16:24:40
joda(domorsexyz.F): processing
joda(domorsexyz.f): compiling at 16:24:41
joda(domorsexyz_ric.F): processing
joda(domorsexyz_ric.f): compiling at 16:24:41
joda(domorsezmt.F): processing
joda(domorsezmt.f): compiling at 16:24:41
joda(dumpcord.F): processing
joda(dumpcord.f): compiling at 16:24:41
joda(entry.F): processing
joda(entry.f): compiling at 16:24:41
joda(eval_qstlst_path_ric.F): processing
joda(eval_qstlst_path_ric.f): compiling at 16:24:42
joda(eval_qstlst_path_udi.F): processing
joda(eval_qstlst_path_udi.f): compiling at 16:24:42
joda(eval_qstlst_path_xyz.F): processing
joda(eval_qstlst_path_xyz.f): compiling at 16:24:42
joda(evec_shift.F): processing
joda(evec_shift.f): compiling at 16:24:43
joda(extint.F): processing
joda(extint.f): compiling at 16:24:43
joda(fetchz.F): processing
joda(fetchz.f): compiling at 16:24:43
joda(figio.F): processing
joda(figio.f): compiling at 16:24:43
joda(firstrun.F): processing
joda(firstrun.f): compiling at 16:24:44
joda(fixdih.F): processing
joda(fixdih.f): compiling at 16:24:44
joda(flowevfmin.F): processing
joda(flowevfmin.f): compiling at 16:24:44
joda(flowevfts.F): processing
joda(flowevfts.f): compiling at 16:24:44
joda(flowqsdmin.F): processing
joda(flowqsdmin.f): compiling at 16:24:44
joda(flushs.F): processing
joda(flushs.f): compiling at 16:24:45
joda(folowdflt.F): processing
joda(folowdflt.f): compiling at 16:24:45
joda(folowtangent.F): processing
joda(folowtangent.f): compiling at 16:24:45
joda(forceout.F): processing
joda(forceout.f): compiling at 16:24:45
joda(gen_approx_freq.F): processing
joda(gen_approx_freq.f): compiling at 16:24:46
joda(gen_cart_coord.F): processing
joda(gen_cart_coord.f): compiling at 16:24:46
joda(gen_curr_coords.F): processing
joda(gen_curr_coords.f): compiling at 16:24:46
joda(gen_new_ric.F): processing
joda(gen_new_ric.f): compiling at 16:24:46
joda(gen_newxyzfrmoldq.F): processing
joda(gen_newxyzfrmoldq.f): compiling at 16:24:47
joda(gen_rednintrnls.F): processing
joda(gen_rednintrnls.f): compiling at 16:24:47
joda(gen_rics.F): processing
joda(gen_rics.f): compiling at 16:24:47
joda(geomout.F): processing
joda(geomout.f): compiling at 16:24:47
joda(geop.F): processing
joda(geop.f): compiling at 16:24:48
joda(geopt.F): processing
joda(geopt.f): compiling at 16:24:48
joda(get_covalradii.F): processing
joda(get_covalradii.f): compiling at 16:24:48
joda(geticfcm.F): processing
joda(geticfcm.f): compiling at 16:24:48
joda(get_mopac_hess.F): processing
joda(get_mopac_hess.f): compiling at 16:24:49
joda(getxyz.F): processing
joda(getxyz.f): compiling at 16:24:49
joda(gmetry.F): processing
joda(gmetry.f): compiling at 16:24:49
joda(gschmidt.F): processing
joda(gschmidt.f): compiling at 16:24:49
joda(gtflgs.F): processing
joda(gtflgs.f): compiling at 16:24:50
joda(hessout.F): processing
joda(hessout.f): compiling at 16:24:50
joda(hupdate.F): processing
joda(hupdate.f): compiling at 16:24:51
joda(identfy_fragments.F): processing
joda(identfy_fragments.f): compiling at 16:24:51
joda(ideriv.F): processing
joda(ideriv.f): compiling at 16:24:51
joda(idntfy_constraints.F): processing
joda(idntfy_constraints.f): compiling at 16:24:51
joda(inertia.F): processing
joda(inertia.f): compiling at 16:24:52
joda(init_ric_heap.F): processing
joda(init_ric_heap.f): compiling at 16:24:52
joda(irreps.F): processing
joda(irreps.f): compiling at 16:24:52
joda(is_connected.F): processing
joda(is_connected.f): compiling at 16:24:52
joda(itndf.F): processing
joda(itndf.f): compiling at 16:24:53
joda(jfc1.F): processing
joda(jfc1.f): compiling at 16:24:53
joda(joda_exit.F): processing
joda(joda_exit.f): compiling at 16:24:53
joda(joda.F): processing
joda(joda.f): compiling at 16:24:53
joda(joda_main.F): processing
joda(joda_main.f): compiling at 16:24:54
joda(jsd1.F): processing
joda(jsd1.f): compiling at 16:24:54
joda(jso1.F): processing
joda(jso1.f): compiling at 16:24:54
joda(ln_search.F): processing
joda(ln_search.f): compiling at 16:24:54
joda(mkerdoed.F): processing
joda(mkerdoed.f): compiling at 16:24:55
joda(mknddo.F): processing
joda(mknddo.f): compiling at 16:24:55
joda(mkvmol.F): processing
joda(mkvmol.f): compiling at 16:24:55
joda(modfy_hessian.F): processing
joda(modfy_hessian.f): compiling at 16:24:56
joda(msp_psb.F): processing
joda(msp_psb.f): compiling at 16:24:56
joda(newraph.F): processing
joda(newraph.f): compiling at 16:24:56
joda(nmr1.F): processing
joda(nmr1.f): compiling at 16:24:56
joda(nucdip.F): processing
joda(nucdip.f): compiling at 16:24:57
joda(nucrep.F): processing
joda(nucrep.f): compiling at 16:24:57
joda(parse_cli.F): processing
joda(parse_cli.f): compiling at 16:24:57
joda(parse_irp_iarr.F): processing
joda(parse_irp_iarr.f): compiling at 16:24:57
joda(parse_set_iarr.F): processing
joda(parse_set_iarr.f): compiling at 16:24:58
joda(parsez.F): processing
joda(parsez.f): compiling at 16:24:58
joda(pertable.F): processing
joda(pertable.f): compiling at 16:24:58
joda(post_opt_update.F): processing
joda(post_opt_update.f): compiling at 16:24:58
joda(powel.F): processing
joda(powel.f): compiling at 16:24:58
joda(prep_dline_2.F): processing
joda(prep_dline_2.f): compiling at 16:24:59
joda(previb.F): processing
joda(previb.f): compiling at 16:24:59
joda(print_hess_2stdout.F): processing
joda(print_hess_2stdout.f): compiling at 16:24:59
joda(proces_redintrnls.F): processing
joda(proces_redintrnls.f): compiling at 16:24:59
joda(procestep.F): processing
joda(procestep.f): compiling at 16:25:00
joda(procestep_xyz.F): processing
joda(procestep_xyz.f): compiling at 16:25:00
joda(projec_ifc.F): processing
joda(projec_ifc.f): compiling at 16:25:00
joda(qstlst_or_evec.F): processing
joda(qstlst_or_evec.f): compiling at 16:25:00
joda(rdbas.F): processing
joda(rdbas.f): compiling at 16:25:01
joda(rd_intcoord.F): processing
joda(rd_intcoord.f): compiling at 16:25:01
joda(read_cart_constrains.F): processing
joda(read_cart_constrains.f): compiling at 16:25:01
joda(read_cntvtes.F): processing
joda(read_cntvtes.f): compiling at 16:25:01
joda(read_constrains.F): processing
joda(read_constrains.f): compiling at 16:25:02
joda(readgh.F): processing
joda(readgh.f): compiling at 16:25:02
joda(read_ric_constrains.F): processing
joda(read_ric_constrains.f): compiling at 16:25:02
joda(remove_360.F): processing
joda(remove_360.f): compiling at 16:25:02
joda(retrieve.F): processing
joda(retrieve.f): compiling at 16:25:03
joda(rm_backup.F): processing
joda(rm_backup.f): compiling at 16:25:03
joda(rotcon.F): processing
joda(rotcon.f): compiling at 16:25:03
joda(savori.F): processing
joda(savori.f): compiling at 16:25:03
joda(scfinp.F): processing
joda(scfinp.f): compiling at 16:25:04
joda(set_2unit_matrix.F): processing
joda(set_2unit_matrix.f): compiling at 16:25:04
joda(setup.F): processing
joda(setup.f): compiling at 16:25:04
joda(shellinf.F): processing
joda(shellinf.f): compiling at 16:25:04
joda(sortxyz0.F): processing
joda(sortxyz0.f): compiling at 16:25:04
joda(sortxyz.F): processing
joda(sortxyz.f): compiling at 16:25:05
joda(stdort.F): processing
joda(stdort.f): compiling at 16:25:05
joda(subgroup.F): processing
joda(subgroup.f): compiling at 16:25:05
joda(summary.F): processing
joda(summary.f): compiling at 16:25:05
joda(symcor.F): processing
joda(symcor.f): compiling at 16:25:06
joda(symdrv.F): processing
joda(symdrv.f): compiling at 16:25:06
joda(symeqv.F): processing
joda(symeqv.f): compiling at 16:25:06
joda(symmetry_auto.F): processing
joda(symmetry_auto.f): compiling at 16:25:06
joda(symmetry.F): processing
joda(symmetry.f): compiling at 16:25:07
joda(symunq.F): processing
joda(symunq.f): compiling at 16:25:07
joda(symunqonly.F): processing
joda(symunqonly.f): compiling at 16:25:07
joda(tkstep.F): processing
joda(tkstep.f): compiling at 16:25:08
joda(trust_update.F): processing
joda(trust_update.f): compiling at 16:25:08
joda(tstops.F): processing
joda(tstops.f): compiling at 16:25:08
joda(twidle.F): processing
joda(twidle.f): compiling at 16:25:08
joda(vib1.F): processing
joda(vib1.f): compiling at 16:25:09
joda(what2follow.F): processing
joda(what2follow.f): compiling at 16:25:10
joda(write_warn_log.F): processing
joda(write_warn_log.f): compiling at 16:25:10
joda(wrpbas.F): processing
joda(wrpbas.f): compiling at 16:25:10
joda(xtor.F): processing
joda(xtor.f): compiling at 16:25:10
joda(xyztran_b.F): processing
joda(xyztran_b.f): compiling at 16:25:10
joda(a2b__fnc_size.f): compiling at 16:25:11
joda(a2b__read_rest.f): compiling at 16:25:11
joda(a2b__to_full.f): compiling at 16:25:11
joda(a2b__write_new.f): compiling at 16:25:11
joda(alongx.f): compiling at 16:25:11
joda(angle.f): compiling at 16:25:11
joda(angmag.f): compiling at 16:25:11
joda(argzmap.f): compiling at 16:25:12
joda(assign_dihlsnpl.f): compiling at 16:25:12
joda(built_bndcrd.f): compiling at 16:25:12
joda(cdconst.f): compiling at 16:25:12
joda(check.f): compiling at 16:25:12
joda(check_pm_pair.f): compiling at 16:25:12
joda(chkint.f): compiling at 16:25:12
joda(cmp_angle.f): compiling at 16:25:13
joda(compare.f): compiling at 16:25:13
joda(cross.f): compiling at 16:25:13
joda(curve.f): compiling at 16:25:13
joda(dbond.f): compiling at 16:25:13
joda(dcheck.f): compiling at 16:25:13
joda(deang.f): compiling at 16:25:13
joda(delta.f): compiling at 16:25:13
joda(dist.f): compiling at 16:25:14
joda(domorse.f): compiling at 16:25:14
joda(dosyop.f): compiling at 16:25:14
joda(filtsp.f): compiling at 16:25:14
joda(find_min.f): compiling at 16:25:14
joda(fixori.f): compiling at 16:25:14
joda(frag__init.f): compiling at 16:25:14
joda(frag__loop_through.f): compiling at 16:25:15
joda(frag__work.f): compiling at 16:25:15
joda(frmlst.f): compiling at 16:25:15
joda(gauss.f): compiling at 16:25:15
joda(gendih.f): compiling at 16:25:15
joda(genrep.f): compiling at 16:25:15
joda(genrst.f): compiling at 16:25:15
joda(getlambda.f): compiling at 16:25:16
joda(getptspqr.f): compiling at 16:25:16
joda(grpops.f): compiling at 16:25:16
joda(idnmat.f): compiling at 16:25:16
joda(idntfy_symeqv_atms.f): compiling at 16:25:16
joda(ifindne.f): compiling at 16:25:16
joda(intgrp.f): compiling at 16:25:16
joda(iorgrp.f): compiling at 16:25:16
joda(isintg.f): compiling at 16:25:16
joda(itoa.f): compiling at 16:25:17
joda(makgen.f): compiling at 16:25:17
joda(morsea.f): compiling at 16:25:17
joda(msomat.f): compiling at 16:25:17
joda(mtransp.f): compiling at 16:25:17
joda(normal.f): compiling at 16:25:17
joda(nrtsrv.f): compiling at 16:25:17
joda(outerp.f): compiling at 16:25:17
joda(perpop2.f): compiling at 16:25:18
joda(perpop.f): compiling at 16:25:18
joda(piksr3.f): compiling at 16:25:18
joda(pitptg.f): compiling at 16:25:18
joda(projdpd.f): compiling at 16:25:18
joda(projfcm.f): compiling at 16:25:18
joda(projpld.f): compiling at 16:25:19
joda(qsame.f): compiling at 16:25:19
joda(qsdline.f): compiling at 16:25:19
joda(qsdminorts.f): compiling at 16:25:19
joda(reflect.f): compiling at 16:25:19
joda(resolve.f): compiling at 16:25:19
joda(rotm.f): compiling at 16:25:19
joda(setd2xyz.f): compiling at 16:25:20
joda(setxyz.f): compiling at 16:25:20
joda(siaz.f): compiling at 16:25:20
joda(sitgrp.f): compiling at 16:25:20
joda(some_string_func.f): compiling at 16:25:20
joda(sortc.f): compiling at 16:25:20
joda(sqush.f): compiling at 16:25:20
joda(stptr.f): compiling at 16:25:21
joda(stripdum.f): compiling at 16:25:21
joda(swpord.f): compiling at 16:25:21
joda(symcor_chrtable.f): compiling at 16:25:21
joda(tiedihed.f): compiling at 16:25:21
joda(trace.f): compiling at 16:25:21
joda(trmblk.f): compiling at 16:25:21
joda(unitry.f): compiling at 16:25:21
joda(usqush.f): compiling at 16:25:22
joda(vec.f): compiling at 16:25:22
joda(vstat.f): compiling at 16:25:22
joda(wrtarg.f): compiling at 16:25:22
joda(zeta.f): compiling at 16:25:22
joda(asv_ctl.c): compiling at 16:25:22
joda(coarse_backup.c): compiling at 16:25:22
gmake[1]: *** [GNUmakefile:1856: coarse_backup.o] Error 1
gmake[1]: Leaving directory '/home/perera/Develop/ACESII_build/joda'
gmake: *** [makefile:250: joda] Error 2
makefile:239: target 'liboo' given more than once in the same rule
makefile:239: target 'oed' given more than once in the same rule
makefile:239: target 'erd' given more than once in the same rule
makefile:239: target 'lambda' given more than once in the same rule
makefile:239: target 'dens' given more than once in the same rule
gmake[1]: Entering directory '/home/perera/Develop/ACESII_build/mpistubs'

The installed library is up-to-date.

BUILDBIN is negative so the binary is not installed.
gmake[1]: Leaving directory '/home/perera/Develop/ACESII_build/mpistubs'
gmake[1]: Entering directory '/home/perera/Develop/ACESII_build/mpw'

The installed library is up-to-date.

BUILDBIN is negative so the binary is not installed.
gmake[1]: Leaving directory '/home/perera/Develop/ACESII_build/mpw'
gmake[1]: Entering directory '/home/perera/Develop/ACESII_build/eispack'

The installed library is up-to-date.

BUILDBIN is negative so the binary is not installed.
gmake[1]: Leaving directory '/home/perera/Develop/ACESII_build/eispack'
gmake[1]: Entering directory '/home/perera/Develop/ACESII_build/linpack'

The installed library is up-to-date.

BUILDBIN is negative so the binary is not installed.
gmake[1]: Leaving directory '/home/perera/Develop/ACESII_build/linpack'
gmake[1]: Entering directory '/home/perera/Develop/ACESII_build/lb'

The installed library is up-to-date.

BUILDBIN is negative so the binary is not installed.
gmake[1]: Leaving directory '/home/perera/Develop/ACESII_build/lb'
gmake[1]: Entering directory '/home/perera/Develop/ACESII_build/tools'

The installed library is up-to-date.

BUILDBIN is negative so the binary is not installed.
gmake[1]: Leaving directory '/home/perera/Develop/ACESII_build/tools'
gmake[1]: Entering directory '/home/perera/Develop/ACESII_build/nlo'

The installed library is up-to-date.

BUILDBIN is negative so the binary is not installed.
gmake[1]: Leaving directory '/home/perera/Develop/ACESII_build/nlo'
gmake[1]: Entering directory '/home/perera/Develop/ACESII_build/blockdave'

The installed library is up-to-date.

BUILDBIN is negative so the binary is not installed.
gmake[1]: Leaving directory '/home/perera/Develop/ACESII_build/blockdave'
gmake[1]: Entering directory '/home/perera/Develop/ACESII_build/liboo'

The installed library is up-to-date.

BUILDBIN is negative so the binary is not installed.
gmake[1]: Leaving directory '/home/perera/Develop/ACESII_build/liboo'
gmake[1]: Entering directory '/home/perera/Develop/ACESII_build/libpccd'

The installed library is up-to-date.

BUILDBIN is negative so the binary is not installed.
gmake[1]: Leaving directory '/home/perera/Develop/ACESII_build/libpccd'
gmake[1]: Entering directory '/home/perera/Develop/ACESII_build/acescore'

The installed library is up-to-date.

BUILDBIN is negative so the binary is not installed.
gmake[1]: Leaving directory '/home/perera/Develop/ACESII_build/acescore'
gmake[1]: Entering directory '/home/perera/Develop/ACESII_build/acesutil'

The installed library is up-to-date.

BUILDBIN is negative so the binary is not installed.
gmake[1]: Leaving directory '/home/perera/Develop/ACESII_build/acesutil'
gmake[1]: Entering directory '/home/perera/Develop/ACESII_build/libr'

The installed library is up-to-date.

BUILDBIN is negative so the binary is not installed.
gmake[1]: Leaving directory '/home/perera/Develop/ACESII_build/libr'
gmake[1]: Entering directory '/home/perera/Develop/ACESII_build/libr_extn'

The installed library is up-to-date.

BUILDBIN is negative so the binary is not installed.
gmake[1]: Leaving directory '/home/perera/Develop/ACESII_build/libr_extn'
gmake[1]: Entering directory '/home/perera/Develop/ACESII_build/ecplib'

The installed library is up-to-date.

BUILDBIN is negative so the binary is not installed.
gmake[1]: Leaving directory '/home/perera/Develop/ACESII_build/ecplib'
gmake[1]: Entering directory '/home/perera/Develop/ACESII_build/symcor'

The installed library is up-to-date.

BUILDBIN is negative so the binary is not installed.
gmake[1]: Leaving directory '/home/perera/Develop/ACESII_build/symcor'
gmake[1]: Entering directory '/home/perera/Develop/ACESII_build/joda'
joda(coarse_backup.c): compiling at 16:26:00
joda(coarse_restore.c): compiling at 16:26:00
gmake[1]: *** [GNUmakefile:1856: coarse_restore.o] Error 1
gmake[1]: Leaving directory '/home/perera/Develop/ACESII_build/joda'
gmake: *** [makefile:250: joda] Error 2
makefile:239: target 'liboo' given more than once in the same rule
makefile:239: target 'oed' given more than once in the same rule
makefile:239: target 'erd' given more than once in the same rule
makefile:239: target 'lambda' given more than once in the same rule
makefile:239: target 'dens' given more than once in the same rule
gmake[1]: Entering directory '/home/perera/Develop/ACESII_build/mpistubs'

The installed library is up-to-date.

BUILDBIN is negative so the binary is not installed.
gmake[1]: Leaving directory '/home/perera/Develop/ACESII_build/mpistubs'
gmake[1]: Entering directory '/home/perera/Develop/ACESII_build/mpw'

The installed library is up-to-date.

BUILDBIN is negative so the binary is not installed.
gmake[1]: Leaving directory '/home/perera/Develop/ACESII_build/mpw'
gmake[1]: Entering directory '/home/perera/Develop/ACESII_build/eispack'

The installed library is up-to-date.

BUILDBIN is negative so the binary is not installed.
gmake[1]: Leaving directory '/home/perera/Develop/ACESII_build/eispack'
gmake[1]: Entering directory '/home/perera/Develop/ACESII_build/linpack'

The installed library is up-to-date.

BUILDBIN is negative so the binary is not installed.
gmake[1]: Leaving directory '/home/perera/Develop/ACESII_build/linpack'
gmake[1]: Entering directory '/home/perera/Develop/ACESII_build/lb'

The installed library is up-to-date.

BUILDBIN is negative so the binary is not installed.
gmake[1]: Leaving directory '/home/perera/Develop/ACESII_build/lb'
gmake[1]: Entering directory '/home/perera/Develop/ACESII_build/tools'

The installed library is up-to-date.

BUILDBIN is negative so the binary is not installed.
gmake[1]: Leaving directory '/home/perera/Develop/ACESII_build/tools'
gmake[1]: Entering directory '/home/perera/Develop/ACESII_build/nlo'

The installed library is up-to-date.

BUILDBIN is negative so the binary is not installed.
gmake[1]: Leaving directory '/home/perera/Develop/ACESII_build/nlo'
gmake[1]: Entering directory '/home/perera/Develop/ACESII_build/blockdave'

The installed library is up-to-date.

BUILDBIN is negative so the binary is not installed.
gmake[1]: Leaving directory '/home/perera/Develop/ACESII_build/blockdave'
gmake[1]: Entering directory '/home/perera/Develop/ACESII_build/liboo'

The installed library is up-to-date.

BUILDBIN is negative so the binary is not installed.
gmake[1]: Leaving directory '/home/perera/Develop/ACESII_build/liboo'
gmake[1]: Entering directory '/home/perera/Develop/ACESII_build/libpccd'

The installed library is up-to-date.

BUILDBIN is negative so the binary is not installed.
gmake[1]: Leaving directory '/home/perera/Develop/ACESII_build/libpccd'
gmake[1]: Entering directory '/home/perera/Develop/ACESII_build/acescore'

The installed library is up-to-date.

BUILDBIN is negative so the binary is not installed.
gmake[1]: Leaving directory '/home/perera/Develop/ACESII_build/acescore'
gmake[1]: Entering directory '/home/perera/Develop/ACESII_build/acesutil'

The installed library is up-to-date.

BUILDBIN is negative so the binary is not installed.
gmake[1]: Leaving directory '/home/perera/Develop/ACESII_build/acesutil'
gmake[1]: Entering directory '/home/perera/Develop/ACESII_build/libr'

The installed library is up-to-date.

BUILDBIN is negative so the binary is not installed.
gmake[1]: Leaving directory '/home/perera/Develop/ACESII_build/libr'
gmake[1]: Entering directory '/home/perera/Develop/ACESII_build/libr_extn'

The installed library is up-to-date.

BUILDBIN is negative so the binary is not installed.
gmake[1]: Leaving directory '/home/perera/Develop/ACESII_build/libr_extn'
gmake[1]: Entering directory '/home/perera/Develop/ACESII_build/ecplib'

The installed library is up-to-date.

BUILDBIN is negative so the binary is not installed.
gmake[1]: Leaving directory '/home/perera/Develop/ACESII_build/ecplib'
gmake[1]: Entering directory '/home/perera/Develop/ACESII_build/symcor'

The installed library is up-to-date.

BUILDBIN is negative so the binary is not installed.
gmake[1]: Leaving directory '/home/perera/Develop/ACESII_build/symcor'
gmake[1]: Entering directory '/home/perera/Develop/ACESII_build/joda'
joda(coarse_restore.c): compiling at 16:26:39

Object files are up-to-date.

Archiving objects

Linking binary
Stripping binary if necessary

Installing the library as:
   /home/perera/Develop/lib/libjoda.a

The installed library is up-to-date.

Installing the binary as:
   /home/perera/Develop/bin/xjoda

The installed binary is up-to-date.
gmake[1]: Leaving directory '/home/perera/Develop/ACESII_build/joda'
gmake[1]: Entering directory '/home/perera/Develop/ACESII_build/crust'
crust(xgemm.F): processing
crust(xgemm.f): compiling at 16:26:43

Object files are up-to-date.

Archiving objects

Installing the library as:
   /home/perera/Develop/lib/libcrust.a

The installed library is up-to-date.

BUILDBIN is negative so the binary is not installed.
gmake[1]: Leaving directory '/home/perera/Develop/ACESII_build/crust'
gmake[1]: Entering directory '/home/perera/Develop/ACESII_build/libr2'
libr2(abtoaa.F): processing
libr2(abtoaa.f): compiling at 16:26:44
libr2(addc.F): processing
libr2(addc.f): compiling at 16:26:44
libr2(checkhbar.F): processing
libr2(checkhbar.f): compiling at 16:26:44
libr2(check_phph.F): processing
libr2(check_phph.f): compiling at 16:26:44
libr2(formv1.F): processing
libr2(formv1.f): compiling at 16:26:44
libr2(formwl.F): processing
libr2(formwl.f): compiling at 16:26:44
libr2(getaoinf.F): processing
libr2(getaoinf.f): compiling at 16:26:45
libr2(h4all.F): processing
libr2(h4all.f): compiling at 16:26:45
libr2(h4inx2.F): processing
libr2(h4inx2.f): compiling at 16:26:45
libr2(h4x2_4pdcc.F): processing
libr2(h4x2_4pdcc.f): compiling at 16:26:45
libr2(h4x2all_4pdcc_11.F): processing
libr2(h4x2all_4pdcc_11.f): compiling at 16:26:45
libr2(h4x2all_4pdcc_12.F): processing
libr2(h4x2all_4pdcc_12.f): compiling at 16:26:45
libr2(h4x2all_4pdcc_1.F): processing
libr2(h4x2all_4pdcc_1.f): compiling at 16:26:46
libr2(h4x2all_4pdcc_2.F): processing
libr2(h4x2all_4pdcc_2.f): compiling at 16:26:46
libr2(h4x2all_4pdcc_3.F): processing
libr2(h4x2all_4pdcc_3.f): compiling at 16:26:46
libr2(h4x2all.F): processing
libr2(h4x2all.f): compiling at 16:26:46
libr2(hrngdrv_1.F): processing
libr2(hrngdrv_1.f): compiling at 16:26:46
libr2(hrngdrv_2.F): processing
libr2(hrngdrv_2.f): compiling at 16:26:46
libr2(hrngdrv_3.F): processing
libr2(hrngdrv_3.f): compiling at 16:26:46
libr2(hrngdrv.F): processing
libr2(hrngdrv.f): compiling at 16:26:47
libr2(modf_formwl.F): processing
libr2(modf_formwl.f): compiling at 16:26:47
libr2(modf_quikab.F): processing
libr2(modf_quikab.f): compiling at 16:26:47
libr2(modf_t12inw3.F): processing
libr2(modf_t12inw3.f): compiling at 16:26:47
libr2(modf_wtwtw.F): processing
libr2(modf_wtwtw.f): compiling at 16:26:47
libr2(newt2.F): processing
libr2(newt2.f): compiling at 16:26:47
libr2(ost1ai.F): processing
libr2(ost1ai.f): compiling at 16:26:48
libr2(ost1ia.F): processing
libr2(ost1ia.f): compiling at 16:26:48
libr2(pdcc_formg1.F): processing
libr2(pdcc_formg1.f): compiling at 16:26:48
libr2(pdcc_formg2.F): processing
libr2(pdcc_formg2.f): compiling at 16:26:48
libr2(pdcc_formh4.F): processing
libr2(pdcc_formh4.f): compiling at 16:26:48
libr2(pdcc_formv1.F): processing
libr2(pdcc_formv1.f): compiling at 16:26:48
libr2(pdcc_g1x2aa.F): processing
libr2(pdcc_g1x2aa.f): compiling at 16:26:48
libr2(pdcc_g1x2ab.F): processing
libr2(pdcc_g1x2ab.f): compiling at 16:26:48
libr2(pdcc_g2x2aa.F): processing
libr2(pdcc_g2x2aa.f): compiling at 16:26:49
libr2(pdcc_g2x2ab.F): processing
libr2(pdcc_g2x2ab.f): compiling at 16:26:49
libr2(pdcc_h4all.F): processing
libr2(pdcc_h4all.f): compiling at 16:26:49
libr2(pdcc_hrngdrv.F): processing
libr2(pdcc_hrngdrv.f): compiling at 16:26:49
libr2(pdcc_modh4.F): processing
libr2(pdcc_modh4.f): compiling at 16:26:49
libr2(pdcc_quikaa2.F): processing
libr2(pdcc_quikaa2.f): compiling at 16:26:49
libr2(pdcc_t2l2v1all.F): processing
libr2(pdcc_t2l2v1all.f): compiling at 16:26:49
libr2(pdcc_v1all.F): processing
libr2(pdcc_v1all.f): compiling at 16:26:50
libr2(pdcc_v1x2aa.F): processing
libr2(pdcc_v1x2aa.f): compiling at 16:26:50
libr2(pdcc_v1x2ab.F): processing
libr2(pdcc_v1x2ab.f): compiling at 16:26:50
libr2(quikaa2.F): processing
libr2(quikaa2.f): compiling at 16:26:50
libr2(restore_cc_wmbej.F): processing
libr2(restore_cc_wmbej.f): compiling at 16:26:50
libr2(restore_pdcc_wmbej.F): processing
libr2(restore_pdcc_wmbej.f): compiling at 16:26:50
libr2(sumrng_11.F): processing
libr2(sumrng_11.f): compiling at 16:26:50
libr2(sumrng_12.F): processing
libr2(sumrng_12.f): compiling at 16:26:50
libr2(symetrize_t2.F): processing
libr2(symetrize_t2.f): compiling at 16:26:50
libr2(t12inw3_extended.F): processing
libr2(t12inw3_extended.f): compiling at 16:26:51
libr2(t12inw3.F): processing
libr2(t12inw3.f): compiling at 16:26:51
libr2(t12w3.F): processing
libr2(t12w3.f): compiling at 16:26:51
libr2(v1all.F): processing
libr2(v1all.f): compiling at 16:26:51
libr2(v1x2aa.F): processing
libr2(v1x2aa.f): compiling at 16:26:51
libr2(v1x2ab.F): processing
libr2(v1x2ab.f): compiling at 16:26:51
libr2(aolad2.f): compiling at 16:26:51
libr2(aolad3.f): compiling at 16:26:52
libr2(aolad.f): compiling at 16:26:52
libr2(aoladlst.f): compiling at 16:26:52
libr2(aoladmp.f): compiling at 16:26:52
libr2(aosymvc2.f): compiling at 16:26:52
libr2(aosymvec.f): compiling at 16:26:52
libr2(dhbiajk0.f): compiling at 16:26:52
libr2(dhbiajk2.f): compiling at 16:26:52
libr2(dhbiajk3.f): compiling at 16:26:53
libr2(dhbiajk4.f): compiling at 16:26:53
libr2(dhbiajk5.f): compiling at 16:26:53
libr2(dhbiajk6.f): compiling at 16:26:53
libr2(dhbiajka.f): compiling at 16:26:53
libr2(dhbiajkb.f): compiling at 16:26:53
libr2(dhbiajkc.f): compiling at 16:26:53
libr2(draolad.f): compiling at 16:26:53
libr2(dzersym.f): compiling at 16:26:53
libr2(fancyget1.f): compiling at 16:26:54
libr2(fancyput1.f): compiling at 16:26:54
libr2(fixfbar.f): compiling at 16:26:54
libr2(formg1.f): compiling at 16:26:54
libr2(formg2.f): compiling at 16:26:54
libr2(formh4.f): compiling at 16:26:54
libr2(formw1.f): compiling at 16:26:54
libr2(formw4.f): compiling at 16:26:54
libr2(formw5.f): compiling at 16:26:54
libr2(g1aa.f): compiling at 16:26:54
libr2(g1ab.f): compiling at 16:26:55
libr2(g1inl2.f): compiling at 16:26:55
libr2(g1inx2.f): compiling at 16:26:55
libr2(g1l2aa.f): compiling at 16:26:55
libr2(g1l2ab.f): compiling at 16:26:55
libr2(g1x2aa.f): compiling at 16:26:55
libr2(g1x2ab.f): compiling at 16:26:55
libr2(g2aa.f): compiling at 16:26:55
libr2(g2ab.f): compiling at 16:26:55
libr2(g2inl2.f): compiling at 16:26:55
libr2(g2inx2.f): compiling at 16:26:55
libr2(g2l2aa.f): compiling at 16:26:55
libr2(g2l2ab.f): compiling at 16:26:56
libr2(g2x2aa.f): compiling at 16:26:56
libr2(g2x2ab.f): compiling at 16:26:56
libr2(gadd.f): compiling at 16:26:56
libr2(get3.f): compiling at 16:26:56
libr2(getall_nr.f): compiling at 16:26:56
libr2(getarg2.f): compiling at 16:26:56
libr2(getlst_nr.f): compiling at 16:26:56
libr2(gettaurhf.f): compiling at 16:26:56
libr2(gtau.f): compiling at 16:26:56
libr2(hrngdrvr.f): compiling at 16:26:57
libr2(inipck4.f): compiling at 16:26:57
libr2(l1t13.f): compiling at 16:26:57
libr2(l1t1h4.f): compiling at 16:26:57
libr2(ladcont.f): compiling at 16:26:57
libr2(ldwaaaa.f): compiling at 16:26:57
libr2(loadiiii.f): compiling at 16:26:57
libr2(mkhiajk.f): compiling at 16:26:57
libr2(modaibc2.f): compiling at 16:26:57
libr2(modaibc.f): compiling at 16:26:57
libr2(modiajk.f): compiling at 16:26:58
libr2(modt1t1.f): compiling at 16:26:58
libr2(modt2.f): compiling at 16:26:58
libr2(mpinfo1.f): compiling at 16:26:58
libr2(mpinfo2.f): compiling at 16:26:58
libr2(newtyp2.f): compiling at 16:26:58
libr2(onetrip.f): compiling at 16:26:58
libr2(ossymfig.f): compiling at 16:26:58
libr2(ost1ii.f): compiling at 16:26:58
libr2(ost2aaia.f): compiling at 16:26:59
libr2(ost2aaii.f): compiling at 16:26:59
libr2(ost2aiaa.f): compiling at 16:26:59
libr2(ost2aiai1.f): compiling at 16:26:59
libr2(ost2aiai2.f): compiling at 16:26:59
libr2(ost2aiii1.f): compiling at 16:26:59
libr2(ost2aiii2.f): compiling at 16:26:59
libr2(ost2i1.f): compiling at 16:26:59
libr2(ost2i2.f): compiling at 16:26:59
libr2(ost2i3.f): compiling at 16:26:59
libr2(ost2iiaa.f): compiling at 16:27:00
libr2(ost2iiai1.f): compiling at 16:27:00
libr2(ost2iiai2.f): compiling at 16:27:00
libr2(ost2iiii1.f): compiling at 16:27:00
libr2(ost2iiii2.f): compiling at 16:27:00
libr2(ost2iiii3.f): compiling at 16:27:00
libr2(ost2iiii4.f): compiling at 16:27:00
libr2(printt1.f): compiling at 16:27:00
libr2(put3.f): compiling at 16:27:00
libr2(quikab2.f): compiling at 16:27:00
libr2(quikab.f): compiling at 16:27:01
libr2(rdaoiiii.f): compiling at 16:27:01
libr2(rdaoijkl2.f): compiling at 16:27:01
libr2(rdaoijkl.f): compiling at 16:27:01
libr2(rhfq.f): compiling at 16:27:01
libr2(sortring.f): compiling at 16:27:01
libr2(stllst.f): compiling at 16:27:01
libr2(symrhf3.f): compiling at 16:27:01
libr2(symtrlst.f): compiling at 16:27:01
libr2(t2toao.f): compiling at 16:27:02
libr2(t2tranc1.f): compiling at 16:27:02
libr2(t2tran.f): compiling at 16:27:02
libr2(v1inx2.f): compiling at 16:27:02
libr2(w1aa.f): compiling at 16:27:02
libr2(w1ab.f): compiling at 16:27:02
libr2(w4aa1a.f): compiling at 16:27:02
libr2(w4aa1.f): compiling at 16:27:02
libr2(w4aain.f): compiling at 16:27:02
libr2(w4ab1a.f): compiling at 16:27:02
libr2(w4ab1.f): compiling at 16:27:03
libr2(w4ab2a.f): compiling at 16:27:03
libr2(w4ab2.f): compiling at 16:27:03
libr2(w4abin.f): compiling at 16:27:03
libr2(w5aa1a.f): compiling at 16:27:03
libr2(w5aa1.f): compiling at 16:27:03
libr2(w5aain.f): compiling at 16:27:03
libr2(w5ab1a.f): compiling at 16:27:03
libr2(w5ab1.f): compiling at 16:27:04
libr2(w5ab2a.f): compiling at 16:27:04
libr2(w5ab2.f): compiling at 16:27:04
libr2(w5ab2rhf.f): compiling at 16:27:04
libr2(w5abin.f): compiling at 16:27:04
libr2(w5f.f): compiling at 16:27:04
libr2(w5inrhf.f): compiling at 16:27:04
libr2(w5inuhf1.f): compiling at 16:27:04
libr2(w5inuhf2.f): compiling at 16:27:05
libr2(w5inuhf3.f): compiling at 16:27:05
libr2(w5oaa.f): compiling at 16:27:05
libr2(w5oab1.f): compiling at 16:27:05
libr2(w5oab2.f): compiling at 16:27:05
libr2(w5ring.f): compiling at 16:27:05
libr2(w5scrfil.f): compiling at 16:27:05
libr2(w5t1abcd.f): compiling at 16:27:05
libr2(w5tau.f): compiling at 16:27:06
libr2(wtwtw.f): compiling at 16:27:06
libr2(z2tomo.f): compiling at 16:27:06
libr2(ziaao.f): compiling at 16:27:06
libr2(ziatran.f): compiling at 16:27:06

Object files are up-to-date.

Archiving objects

Installing the library as:
   /home/perera/Develop/lib/liblibr2.a

The installed library is up-to-date.

BUILDBIN is negative so the binary is not installed.
gmake[1]: Leaving directory '/home/perera/Develop/ACESII_build/libr2'
gmake[1]: Entering directory '/home/perera/Develop/ACESII_build/librt3'
librt3(auxioi.F): processing
librt3(auxioi.f): compiling at 16:27:07
librt3(getallt3.F): processing
librt3(getallt3.f): compiling at 16:27:07
librt3(getlist.F): processing
librt3(getlist.f): compiling at 16:27:07
librt3(mkd314.F): processing
librt3(mkd314.f): compiling at 16:27:07
librt3(mkd32.F): processing
librt3(mkd32.f): compiling at 16:27:08
librt3(mkd33.F): processing
librt3(mkd33.f): compiling at 16:27:08
librt3(ocsymtr1.F): processing
librt3(ocsymtr1.f): compiling at 16:27:08
librt3(putallt3.F): processing
librt3(putallt3.f): compiling at 16:27:08
librt3(putlist.F): processing
librt3(putlist.f): compiling at 16:27:08
librt3(sc1sc2.F): processing
librt3(sc1sc2.f): compiling at 16:27:09
librt3(t3ft314o.F): processing
librt3(t3ft314o.f): compiling at 16:27:09
librt3(t3ft314v.F): processing
librt3(t3ft314v.f): compiling at 16:27:09
librt3(t3ft323o.F): processing
librt3(t3ft323o.f): compiling at 16:27:09
librt3(t3ft323v.F): processing
librt3(t3ft323v.f): compiling at 16:27:09
librt3(absorb.f): compiling at 16:27:09
librt3(assym3.f): compiling at 16:27:10
librt3(at2iab.f): compiling at 16:27:10
librt3(auxioo.f): compiling at 16:27:10
librt3(chkall.f): compiling at 16:27:10
librt3(chksmg.f): compiling at 16:27:10
librt3(chksum2.f): compiling at 16:27:10
librt3(dimt3.f): compiling at 16:27:10
librt3(dmpmbej.f): compiling at 16:27:10
librt3(dumpit.f): compiling at 16:27:10
librt3(expsc2.f): compiling at 16:27:10
librt3(expsc3.f): compiling at 16:27:11
librt3(expvv.f): compiling at 16:27:11
librt3(expw2.f): compiling at 16:27:11
librt3(expw2vv.f): compiling at 16:27:11
librt3(expw.f): compiling at 16:27:11
librt3(expwvv.f): compiling at 16:27:11
librt3(getaaa.f): compiling at 16:27:11
librt3(getaba.f): compiling at 16:27:11
librt3(getabb.f): compiling at 16:27:11
librt3(matvec.f): compiling at 16:27:11
librt3(mkofoo.f): compiling at 16:27:11
librt3(mkofov.f): compiling at 16:27:12
librt3(mkofvo.f): compiling at 16:27:12
librt3(mkofvv.f): compiling at 16:27:12
librt3(movlist.f): compiling at 16:27:13
librt3(offt3.f): compiling at 16:27:13
librt3(output.f): compiling at 16:27:13
librt3(pullit.f): compiling at 16:27:14
librt3(rmd314.f): compiling at 16:27:14
librt3(rmst3.f): compiling at 16:27:14
librt3(setooov.f): compiling at 16:27:14
librt3(setvovo.f): compiling at 16:27:14
librt3(sumblk.f): compiling at 16:27:14
librt3(symabcd.f): compiling at 16:27:14
librt3(symcontw.f): compiling at 16:27:14
librt3(symexpt3.f): compiling at 16:27:14
librt3(symtrw2.f): compiling at 16:27:15
librt3(symw2.f): compiling at 16:27:15
librt3(t3wt314hh.f): compiling at 16:27:15
librt3(t3wt314p.f): compiling at 16:27:15
librt3(t3wt314r.f): compiling at 16:27:15
librt3(t3wt323hh.f): compiling at 16:27:15
librt3(t3wt323p.f): compiling at 16:27:16
librt3(t3wt323r.f): compiling at 16:27:16
librt3(tspabci2.f): compiling at 16:27:16
librt3(tspabci.f): compiling at 16:27:16
librt3(tsplst.f): compiling at 16:27:16
librt3(vecmat.f): compiling at 16:27:16

Object files are up-to-date.

Archiving objects

Installing the library as:
   /home/perera/Develop/lib/liblibrt3.a

The installed library is up-to-date.

BUILDBIN is negative so the binary is not installed.
gmake[1]: Leaving directory '/home/perera/Develop/ACESII_build/librt3'
gmake[1]: Entering directory '/home/perera/Develop/ACESII_build/oed'
oed(oed__delta_csgto.F): processing
oed(oed__delta_csgto.f): compiling at 16:27:17
oed(oed__delta_e0_def_blocks.F): processing
oed(oed__delta_e0_def_blocks.f): compiling at 16:27:17
oed(oed__delta_e0_pcgto_ab_block.F): processing
oed(oed__delta_e0_pcgto_ab_block.f): compiling at 16:27:17
oed(oed__delta_e0_pcgto_aeqb_block.F): processing
oed(oed__delta_e0_pcgto_aeqb_block.f): compiling at 16:27:17
oed(oed__delta_e0_pcgto_ba_block.F): processing
oed(oed__delta_e0_pcgto_ba_block.f): compiling at 16:27:17
oed(oed__delta_e0_pcgto_block.F): processing
oed(oed__delta_e0_pcgto_block.f): compiling at 16:27:18
oed(oed__delta_prepare_ctr.F): processing
oed(oed__delta_prepare_ctr.f): compiling at 16:27:18
oed(oed__delta_set_ab.F): processing
oed(oed__delta_set_ab.f): compiling at 16:27:18
oed(oed__delta_set_ij_pairs.F): processing
oed(oed__delta_set_ij_pairs.f): compiling at 16:27:18
oed(oed__kin_prepare_ctr.F): processing
oed(oed__kin_prepare_ctr.f): compiling at 16:27:18
oed(oed__nai_prepare_ctr.F): processing
oed(oed__nai_prepare_ctr.f): compiling at 16:27:18
oed(oed__ovl3c_prepare_ctr.F): processing
oed(oed__ovl3c_prepare_ctr.f): compiling at 16:27:19
oed(oed__ovl_prepare_ctr.F): processing
oed(oed__ovl_prepare_ctr.f): compiling at 16:27:19
oed(set_lmn_delta.F): processing
oed(set_lmn_delta.f): compiling at 16:27:19
oed(oed__cartesian_norms.f): compiling at 16:27:19
oed(oed__ctr_2index_block.f): compiling at 16:27:19
oed(oed__ctr_2index_reorder.f): compiling at 16:27:19
oed(oed__ctr_3index_block.f): compiling at 16:27:19
oed(oed__ctr_3index_reorder.f): compiling at 16:27:19
oed(oed__ctr_pair_new.f): compiling at 16:27:20
oed(oed__ctr_pair_update.f): compiling at 16:27:21
oed(oed__ctr_rs_expand.f): compiling at 16:27:22
oed(oed__ctr_single_new.f): compiling at 16:27:22
oed(oed__ctr_single_update.f): compiling at 16:27:22
oed(oed__dsqmin_line_segments.f): compiling at 16:27:22
oed(oed__efield_1d_shderv_integrals.f): compiling at 16:27:23
oed(oed__efield_cstgo.f): compiling at 16:27:23
oed(oed__efield_derv_3cen_pcgto_block.f): compiling at 16:27:23
oed(oed__efield_set_derv_ab.f): compiling at 16:27:23
oed(oed__gener_delta_batch.f): compiling at 16:27:23
oed(oed__gener_dshield_batch.f): compiling at 16:27:23
oed(oed__gener_efield_batch.f): compiling at 16:27:23
oed(oed__gener_kin_batch.f): compiling at 16:27:23
oed(oed__gener_kin_derv_batch.f): compiling at 16:27:23
oed(oed__gener_nai_batch.f): compiling at 16:27:24
oed(oed__gener_nai_derv_batch.f): compiling at 16:27:24
oed(oed__gener_nai_derv_batch_test.f): compiling at 16:27:24
oed(oed__gener_ovl3c_batch.f): compiling at 16:27:24
oed(oed__gener_ovl_batch.f): compiling at 16:27:24
oed(oed__gener_ovl_derv_batch.f): compiling at 16:27:24
oed(oed__gener_pvp_batch.f): compiling at 16:27:24
oed(oed__gener_xyz_batch.f): compiling at 16:27:24
oed(oed__gener_xyz_derv_batch.f): compiling at 16:27:24
oed(oed__hrr_matrix.f): compiling at 16:27:24
oed(oed__hrr_step.f): compiling at 16:27:25
oed(oed__hrr_transform.f): compiling at 16:27:25
oed(oed__kin_1d_derv_integrals.f): compiling at 16:27:25
oed(oed__kin_1d_integrals.f): compiling at 16:27:25
oed(oed__kin_ab_def_blocks.f): compiling at 16:27:25
oed(oed__kin_ab_pcgto_block.f): compiling at 16:27:26
oed(oed__kin_csgto.f): compiling at 16:27:26
oed(oed__kin_derv_csgto.f): compiling at 16:27:26
oed(oed__kin_derv_def_blocks.f): compiling at 16:27:26
oed(oed__kin_derv_int1d_to_00.f): compiling at 16:27:26
oed(oed__kin_derv_int1d_to_a0.f): compiling at 16:27:26
oed(oed__kin_derv_int1d_to_ab.f): compiling at 16:27:26
oed(oed__kin_derv_pcgto_block.f): compiling at 16:27:26
oed(oed__kin_int1d_to_a0.f): compiling at 16:27:27
oed(oed__kin_int1d_to_ab.f): compiling at 16:27:27
oed(oed__kin_set_ab.f): compiling at 16:27:27
oed(oed__kin_set_derv_ab.f): compiling at 16:27:27
oed(oed__kin_set_derv_sequence.f): compiling at 16:27:27
oed(oed__kin_set_ij_pairs.f): compiling at 16:27:27
oed(oed__map_ijkl_to_ikjl.f): compiling at 16:27:27
oed(oed__memory_kin_batch.f): compiling at 16:27:28
oed(oed__memory_kin_csgto.f): compiling at 16:27:28
oed(oed__memory_kin_derv_batch.f): compiling at 16:27:28
oed(oed__memory_kin_derv_csgto.f): compiling at 16:27:28
oed(oed__memory_nai_batch.f): compiling at 16:27:28
oed(oed__memory_nai_csgto.f): compiling at 16:27:28
oed(oed__memory_nai_derv_batch.f): compiling at 16:27:28
oed(oed__memory_nai_derv_csgto.f): compiling at 16:27:28
oed(oed__memory_ovl3c_batch.f): compiling at 16:27:28
oed(oed__memory_ovl3c_csgto.f): compiling at 16:27:28
oed(oed__memory_ovl_batch.f): compiling at 16:27:28
oed(oed__memory_ovl_csgto.f): compiling at 16:27:28
oed(oed__memory_ovl_derv_batch.f): compiling at 16:27:28
oed(oed__memory_ovl_derv_csgto.f): compiling at 16:27:29
oed(oed__move_ry.f): compiling at 16:27:29
oed(oed__nai_1d_ab_integrals.f): compiling at 16:27:29
oed(oed__nai_1d_cenderv_integrals.f): compiling at 16:27:29
oed(oed__nai_1d_coefficients.f): compiling at 16:27:29
oed(oed__nai_1d_p_integrals.f): compiling at 16:27:29
oed(oed__nai_1d_shderv_integrals.f): compiling at 16:27:29
oed(oed__nai_csgto.f): compiling at 16:27:29
oed(oed__nai_derv_2cen_pcgto_block.f): compiling at 16:27:29
oed(oed__nai_derv_3cen_pcgto_block.f): compiling at 16:27:30
oed(oed__nai_derv_3cen_pcgto_block_test.f): compiling at 16:27:30
oed(oed__nai_derv_csgto.f): compiling at 16:27:30
oed(oed__nai_derv_csgto_test.f): compiling at 16:27:30
oed(oed__nai_derv_def_blocks.f): compiling at 16:27:30
oed(oed__nai_derv_int1d_to_00.f): compiling at 16:27:30
oed(oed__nai_derv_int1d_to_a0.f): compiling at 16:27:31
oed(oed__nai_derv_int1d_to_ab.f): compiling at 16:27:31
oed(oed__nai_e0_def_blocks.f): compiling at 16:27:31
oed(oed__nai_e0_pcgto_block.f): compiling at 16:27:31
oed(oed__nai_int1d_to_e0.f): compiling at 16:27:31
oed(oed__nai_set_ab.f): compiling at 16:27:31
oed(oed__nai_set_derv_ab.f): compiling at 16:27:31
oed(oed__nai_set_derv_ab_test.f): compiling at 16:27:31
oed(oed__nai_set_derv_ijc_triples.f): compiling at 16:27:32
oed(oed__nai_set_ijc_triples.f): compiling at 16:27:32
oed(oed__normalize_cartesian.f): compiling at 16:27:32
oed(oed__ovl_1d_ab_integrals.f): compiling at 16:27:32
oed(oed__ovl_1d_derv_integrals.f): compiling at 16:27:32
oed(oed__ovl_1d_integrals.f): compiling at 16:27:32
oed(oed__ovl3c_csgto.f): compiling at 16:27:33
oed(oed__ovl3c_f00_def_blocks.f): compiling at 16:27:33
oed(oed__ovl3c_f00_pcgto_block.f): compiling at 16:27:33
oed(oed__ovl3c_set_abc.f): compiling at 16:27:33
oed(oed__ovl3c_set_ijk.f): compiling at 16:27:33
oed(oed__ovl3c_set_ijk_triples.f): compiling at 16:27:33
oed(oed__ovl_csgto.f): compiling at 16:27:34
oed(oed__ovl_derv_csgto.f): compiling at 16:27:34
oed(oed__ovl_derv_def_blocks.f): compiling at 16:27:34
oed(oed__ovl_derv_int1d_to_00.f): compiling at 16:27:34
oed(oed__ovl_derv_int1d_to_a0.f): compiling at 16:27:34
oed(oed__ovl_derv_int1d_to_ab.f): compiling at 16:27:34
oed(oed__ovl_derv_pcgto_block.f): compiling at 16:27:34
oed(oed__ovl_e0_def_blocks.f): compiling at 16:27:34
oed(oed__ovl_e0_pcgto_block.f): compiling at 16:27:34
oed(oed__ovl_int1d_to_e0.f): compiling at 16:27:35
oed(oed__ovl_set_ab.f): compiling at 16:27:35
oed(oed__ovl_set_derv_ab.f): compiling at 16:27:35
oed(oed__ovl_set_derv_sequence.f): compiling at 16:27:35
oed(oed__ovl_set_ij_pairs.f): compiling at 16:27:35
oed(oed__print_2ind_batch.f): compiling at 16:27:35
oed(oed__print_batch.f): compiling at 16:27:35
oed(oed__pvp_1d_ab_integrals.f): compiling at 16:27:36
oed(oed__pvp_csgto.f): compiling at 16:27:36
oed(oed__pvp_def_blocks.f): compiling at 16:27:36
oed(oed__pvp_pcgto_block.f): compiling at 16:27:36
oed(oed__pvp_set_ab.f): compiling at 16:27:36
oed(oed__pvp_set_ijc_triples.f): compiling at 16:27:36
oed(oed__rys_1_roots_weights.f): compiling at 16:27:36
oed(oed__rys_2_roots_weights.f): compiling at 16:27:36
oed(oed__rys_3_roots_weights.f): compiling at 16:27:36
oed(oed__rys_4_roots_weights.f): compiling at 16:27:37
oed(oed__rys_5_roots_weights.f): compiling at 16:27:37
oed(oed__rys_roots_weights.f): compiling at 16:27:37
oed(oed__rys_x_roots_weights.f): compiling at 16:27:37
oed(oed__soi_3cen_pcgto_blockxy.f): compiling at 16:27:37
oed(oed__soi_3cen_pcgto_blockxz.f): compiling at 16:27:37
oed(oed__soi_3cen_pcgto_blockyx.f): compiling at 16:27:38
oed(oed__soi_3cen_pcgto_blockyz.f): compiling at 16:27:38
oed(oed__soi_3cen_pcgto_blockzx.f): compiling at 16:27:38
oed(oed__soi_3cen_pcgto_blockzy.f): compiling at 16:27:38
oed(oed__soi_batch.f): compiling at 16:27:38
oed(oed__soi_batchXY.f): compiling at 16:27:38
oed(oed__soi_batchXZ.f): compiling at 16:27:39
oed(oed__soi_batchYX.f): compiling at 16:27:39
oed(oed__soi_batchYZ.f): compiling at 16:27:39
oed(oed__soi_batchZX.f): compiling at 16:27:39
oed(oed__soi_batchZY.f): compiling at 16:27:39
oed(oed__soi_csgtoXY.f): compiling at 16:27:39
oed(oed__soi_csgtoXZ.f): compiling at 16:27:39
oed(oed__soi_csgtoYX.f): compiling at 16:27:39
oed(oed__soi_csgtoYZ.f): compiling at 16:27:40
oed(oed__soi_csgtozx.f): compiling at 16:27:40
oed(oed__soi_csgtoZY.f): compiling at 16:27:40
oed(oed__soi_set_ab.f): compiling at 16:27:40
oed(oed__soi_set_derv_ijc_triples.f): compiling at 16:27:40
oed(oed__spherical_transform.f): compiling at 16:27:40
oed(oed__transpose_batch.f): compiling at 16:27:40
oed(oed__xyz_1d_ab_integrals.f): compiling at 16:27:41
oed(oed__xyz_1d_derv_integrals.f): compiling at 16:27:41
oed(oed__xyz_1d_integrals.f): compiling at 16:27:41
oed(oed__xyz_1d_mom_ab_integrals.f): compiling at 16:27:41
oed(oed__xyz_1d_ovl_mom_ab_integrals.f): compiling at 16:27:41
oed(oed__xyz_csgto.f): compiling at 16:27:41
oed(oed__xyz_derv_csgto.f): compiling at 16:27:41
oed(oed__xyz_derv_def_blocks.f): compiling at 16:27:42
oed(oed__xyz_derv_int1d_to_00.f): compiling at 16:27:42
oed(oed__xyz_derv_int1d_to_a0.f): compiling at 16:27:42
oed(oed__xyz_derv_int1d_to_ab.f): compiling at 16:27:42
oed(oed__xyz_derv_pcgto_block.f): compiling at 16:27:42
oed(oed__xyz_e0_def_blocks.f): compiling at 16:27:42
oed(oed__xyz_e0_pcgto_block.f): compiling at 16:27:42
oed(oed__xyz_init_00_ints.f): compiling at 16:27:43
oed(oed__xyz_init_ovrlp.f): compiling at 16:27:43
oed(oed__xyz_int1d_to_e0.f): compiling at 16:27:43
oed(oed__xyz_mom_integrals.f): compiling at 16:27:43
oed(oed__xyz_set_ab.f): compiling at 16:27:43
oed(oed__xyz_set_derv_ab.f): compiling at 16:27:43
oed(oed__xyz_set_derv_sequence.f): compiling at 16:27:43
oed(oed__xyz_to_ry_abc.f): compiling at 16:27:43
oed(oed__xyz_to_ry_ab.f): compiling at 16:27:44
oed(oed__xyz_to_ry_matrix.f): compiling at 16:27:44
oed(print_cints.f): compiling at 16:27:44
oed(print_tcints.f): compiling at 16:27:44

Object files are up-to-date.

Archiving objects

Installing the library as:
   /home/perera/Develop/lib/liboed.a

The installed library is up-to-date.

BUILDBIN is negative so the binary is not installed.
gmake[1]: Leaving directory '/home/perera/Develop/ACESII_build/oed'
gmake[1]: Entering directory '/home/perera/Develop/ACESII_build/erd'
erd(erd__memory_eri_soi_derv_batch.F): processing
erd(erd__memory_eri_soi_derv_batch.f): compiling at 16:27:45
erd(erd__memory_soi_derv_csgto.F): processing
erd(erd__memory_soi_derv_csgto.f): compiling at 16:27:45
erd(erd__prepare_ctr.F): processing
erd(erd__prepare_ctr.f): compiling at 16:27:45
erd(erd__set_soi_abcd.F): processing
erd(erd__set_soi_abcd.f): compiling at 16:27:45
erd(erd__set_soi_derv_abcd.F): processing
erd(erd__set_soi_derv_abcd.f): compiling at 16:27:45
erd(erd__soi_batch.F): processing
erd(erd__soi_batch.f): compiling at 16:27:46
erd(erd__soi_batch_xy.F): processing
erd(erd__soi_batch_xy.f): compiling at 16:27:46
erd(erd__soi_batch_yx.F): processing
erd(erd__soi_batch_yx.f): compiling at 16:27:46
erd(erd__soi_csgto_xy.F): processing
erd(erd__soi_csgto_xy.f): compiling at 16:27:46
erd(erd__soi_csgto_yx.F): processing
erd(erd__soi_csgto_yx.f): compiling at 16:27:46
erd(erd__soi_pcgto_block_xy.F): processing
erd(erd__soi_pcgto_block_xy.f): compiling at 16:27:47
erd(erd__soi_pcgto_blockxy.F): processing
erd(erd__soi_pcgto_blockxy.f): compiling at 16:27:47
erd(erd__soi_pcgto_block_yx.F): processing
erd(erd__soi_pcgto_block_yx.f): compiling at 16:27:47
erd(print_cints.F): processing
erd(print_cints.f): compiling at 16:27:48
erd(print_tcints.F): processing
erd(print_tcints.f): compiling at 16:27:48
erd(set_lmn_delta.F): processing
erd(set_lmn_delta.f): compiling at 16:27:48
erd(debug.f): compiling at 16:27:48
erd(erd__1111_csgto.f): compiling at 16:27:48
erd(erd__1111_def_blocks.f): compiling at 16:27:48
erd(erd__2d1_atom_spnspn_cplingxx_pq_integrals.f): compiling at 16:27:48
erd(erd__2d1_atom_spnspn_cplingyy_pq_integrals.f): compiling at 16:27:49
erd(erd__2d1_atom_spnspn_cplingzz_pq_integrals.f): compiling at 16:27:49
erd(erd__2d1_spnspn_cplingxx_pq_integrals.f): compiling at 16:27:49
erd(erd__2d1_spnspn_cplingyy_pq_integrals.f): compiling at 16:27:49
erd(erd__2d1_spnspn_cplingzz_pq_integrals.f): compiling at 16:27:49
erd(erd__2d2_atom_spnspn_cplingxx_pq_integrals.f): compiling at 16:27:50
erd(erd__2d2_atom_spnspn_cplingyy_pq_integrals.f): compiling at 16:27:50
erd(erd__2d2_atom_spnspn_cplingzz_pq_integrals.f): compiling at 16:27:50
erd(erd__2d2_spnspn_cplingxx_pq_integrals.f): compiling at 16:27:50
erd(erd__2d2_spnspn_cplingyy_pq_integrals.f): compiling at 16:27:50
erd(erd__2d2_spnspn_cplingzz_pq_integrals.f): compiling at 16:27:50
erd(erd__2d_abcd_integrals.f): compiling at 16:27:50
erd(erd__2d_atom_coefficients.f): compiling at 16:27:51
erd(erd__2d_atom_dshield_pq_integrals.f): compiling at 16:27:51
erd(erd__2d_atom_dshieldxx_pq_integrals.f): compiling at 16:27:51
erd(erd__2d_atom_dshieldxy_pq_integrals.f): compiling at 16:27:51
erd(erd__2d_atom_dshieldxz_pq_integrals.f): compiling at 16:27:51
erd(erd__2d_atom_dshieldyx_pq_integrals.f): compiling at 16:27:51
erd(erd__2d_atom_dshieldyy_pq_integrals.f): compiling at 16:27:52
erd(erd__2d_atom_dshieldyz_pq_integrals.f): compiling at 16:27:52
erd(erd__2d_atom_dshieldzx_pq_integrals.f): compiling at 16:27:52
erd(erd__2d_atom_dshieldzy_pq_integrals.f): compiling at 16:27:52
erd(erd__2d_atom_dshieldzz_pq_integrals.f): compiling at 16:27:52
erd(erd__2d_atom_pq_integrals.f): compiling at 16:27:52
erd(erd__2d_atom_pq_qplus1_integrals.f): compiling at 16:27:52
erd(erd__2d_atom_spnspn_cpling_pq_integrals.f): compiling at 16:27:52
erd(erd__2d_atom_spnspn_cplingxy_pq_integrals.f): compiling at 16:27:53
erd(erd__2d_atom_spnspn_cplingxz_pq_integrals.f): compiling at 16:27:53
erd(erd__2d_atom_spnspn_cplingyx_pq_integrals.f): compiling at 16:27:53
erd(erd__2d_atom_spnspn_cplingyz_pq_integrals.f): compiling at 16:27:53
erd(erd__2d_atom_spnspn_cplingzx_pq_integrals.f): compiling at 16:27:53
erd(erd__2d_atom_spnspn_cplingzy_pq_integrals.f): compiling at 16:27:53
erd(erd__2d_coefficients.f): compiling at 16:27:53
erd(erd__2d_derv_abcd_integrals.f): compiling at 16:27:54
erd(erd__2d_derv_pcd_integrals.f): compiling at 16:27:54
erd(erd__2d_dshield_pq_integrals.f): compiling at 16:27:55
erd(erd__2d_dshieldxx_pq_integrals.f): compiling at 16:27:55
erd(erd__2d_dshieldxy_pq_integrals.f): compiling at 16:27:55
erd(erd__2d_dshieldxz_pq_integrals.f): compiling at 16:27:55
erd(erd__2d_dshieldyx_pq_integrals.f): compiling at 16:27:55
erd(erd__2d_dshieldyy_pq_integrals.f): compiling at 16:27:55
erd(erd__2d_dshieldyz_pq_integrals.f): compiling at 16:27:55
erd(erd__2d_dshieldzx_pq_integrals.f): compiling at 16:27:56
erd(erd__2d_dshieldzy_pq_integrals.f): compiling at 16:27:56
erd(erd__2d_dshieldzz_pq_integrals.f): compiling at 16:27:56
erd(erd__2d_pcd_integrals.f): compiling at 16:27:56
erd(erd__2d_pq_integrals.f): compiling at 16:27:56
erd(erd__2d_pq_qplus1_integrals.f): compiling at 16:27:57
erd(erd__2d_spnspn_cpling_pq_integrals.f): compiling at 16:27:57
erd(erd__2d_spnspn_cplingxy_pq_integrals.f): compiling at 16:27:57
erd(erd__2d_spnspn_cplingxz_pq_integrals.f): compiling at 16:27:57
erd(erd__2d_spnspn_cplingyx_pq_integrals.f): compiling at 16:27:57
erd(erd__2d_spnspn_cplingyz_pq_integrals.f): compiling at 16:27:57
erd(erd__2d_spnspn_cplingzx_pq_integrals.f): compiling at 16:27:58
erd(erd__2d_spnspn_cplingzy_pq_integrals.f): compiling at 16:27:58
erd(erd__atom_int2d_to_e000.f): compiling at 16:27:58
erd(erd__atom_int2d_to_e0f0.f): compiling at 16:27:58
erd(erd__atom_jnt2dds_to_e000.f): compiling at 16:27:59
erd(erd__atom_jnt2dds_to_e0f0.f): compiling at 16:28:00
erd(erd__cartesian_norms.f): compiling at 16:28:00
erd(erd__csgto.f): compiling at 16:28:00
erd(erd__ctr_1st_half.f): compiling at 16:28:00
erd(erd__ctr_2nd_half_new.f): compiling at 16:28:02
erd(erd__ctr_2nd_half_update.f): compiling at 16:28:03
erd(erd__ctr_4index_block.f): compiling at 16:28:04
erd(erd__ctr_4index_reorder.f): compiling at 16:28:04
erd(erd__ctr_rs_expand.f): compiling at 16:28:04
erd(erd__ctr_tu_expand.f): compiling at 16:28:04
erd(erd__derv_csgto.f): compiling at 16:28:04
erd(erd__derv_def_blocks.f): compiling at 16:28:04
erd(erd__derv_int2d_to_0000.f): compiling at 16:28:04
erd(erd__derv_int2d_to_a000.f): compiling at 16:28:05
erd(erd__derv_int2d_to_ab00.f): compiling at 16:28:05
erd(erd__derv_int2d_to_abc0.f): compiling at 16:28:06
erd(erd__derv_int2d_to_abcd.f): compiling at 16:28:06
erd(erd__derv_int2d_to_e000.f): compiling at 16:28:07
erd(erd__derv_int2d_to_e0c0.f): compiling at 16:28:08
erd(erd__derv_int2d_to_e0cd.f): compiling at 16:28:08
erd(erd__derv_pcgto_block.f): compiling at 16:28:09
erd(erd__dshield_csgto.f): compiling at 16:28:09
erd(erd__dsqmin_line_segments.f): compiling at 16:28:10
erd(erd__e0f0_def_blocks.f): compiling at 16:28:10
erd(erd__e0f0_def_dshield_blocks.f): compiling at 16:28:10
erd(erd__e0f0_def_spnspn_cpling_blocks.f): compiling at 16:28:10
erd(erd__e0f0_pcgto_block.f): compiling at 16:28:10
erd(erd__e0f0_pcgto_dshield_block.f): compiling at 16:28:10
erd(erd__e0f0_pcgto_spnspn_cpling_block.f): compiling at 16:28:10
erd(erd__gener_dshield_batch.f): compiling at 16:28:11
erd(erd__gener_eri_batch.f): compiling at 16:28:11
erd(erd__gener_eri_derv_batch.f): compiling at 16:28:11
erd(erd__gener_spnspn_cpling_batch.f): compiling at 16:28:11
erd(erd__hrr_matrix.f): compiling at 16:28:11
erd(erd__hrr_step.f): compiling at 16:28:11
erd(erd__hrr_transform.f): compiling at 16:28:11
erd(erd__int2d_to_e000.f): compiling at 16:28:12
erd(erd__int2d_to_e0f0.f): compiling at 16:28:12
erd(erd__jnt2d_to_e000.f): compiling at 16:28:13
erd(erd__jnt2d_to_e0f0.f): compiling at 16:28:13
erd(erd__map_ijkl_to_ikjl.f): compiling at 16:28:14
erd(erd__memory_1111_2dsh_csgto.f): compiling at 16:28:14
erd(erd__memory_1111_csgto.f): compiling at 16:28:14
erd(erd__memory_2dsh_batch.f): compiling at 16:28:14
erd(erd__memory_2dsh_cstgo.f): compiling at 16:28:14
erd(erd__memory_csgto.f): compiling at 16:28:15
erd(erd__memory_derv_csgto.f): compiling at 16:28:15
erd(erd__memory_dsh_batch.f): compiling at 16:28:15
erd(erd__memory_dsh_csgto.f): compiling at 16:28:15
erd(erd__memory_eri_batch.f): compiling at 16:28:15
erd(erd__memory_eri_derv_batch.f): compiling at 16:28:15
erd(erd__memory_hrr_correction.f): compiling at 16:28:15
erd(erd__memory_soi_derv_batch.f): compiling at 16:28:15
erd(erd__move_ry.f): compiling at 16:28:15
erd(erd__normalize_cartesian.f): compiling at 16:28:15
erd(erd__pppp_pcgto_block.f): compiling at 16:28:15
erd(erd__print_batch.f): compiling at 16:28:16
erd(erd__rys_1_roots_weights.f): compiling at 16:28:16
erd(erd__rys_2_roots_weights.f): compiling at 16:28:16
erd(erd__rys_3_roots_weights.f): compiling at 16:28:16
erd(erd__rys_4_roots_weights.f): compiling at 16:28:17
erd(erd__rys_5_roots_weights.f): compiling at 16:28:17
erd(erd__rys_roots_weights.f): compiling at 16:28:17
erd(erd__rys_x_roots_weights.f): compiling at 16:28:17
erd(erd__set_abcd.f): compiling at 16:28:17
erd(erd__set_derv_abcd.f): compiling at 16:28:18
erd(erd__set_derv_sequence.f): compiling at 16:28:18
erd(erd__set_dshield_abcd.f): compiling at 16:28:18
erd(erd__set_ij_kl_pairs.f): compiling at 16:28:18
erd(erd__set_spnspn_cpling_abcd.f): compiling at 16:28:19
erd(erd__spherical_transform.f): compiling at 16:28:19
erd(erd__spnspn_cpling_csgto.f): compiling at 16:28:19
erd(erd__sppp_pcgto_block.f): compiling at 16:28:19
erd(erd__sspp_pcgto_block.f): compiling at 16:28:20
erd(erd__sssp_pcgto_block.f): compiling at 16:28:20
erd(erd__ssss_pcgto_block.f): compiling at 16:28:20
erd(erd__transpose_batch.f): compiling at 16:28:21
erd(erd__xyz_to_ry_abcd.f): compiling at 16:28:21
erd(erd__xyz_to_ry_matrix.f): compiling at 16:28:21

Object files are up-to-date.

Archiving objects

Installing the library as:
   /home/perera/Develop/lib/liberd.a

The installed library is up-to-date.

BUILDBIN is negative so the binary is not installed.
gmake[1]: Leaving directory '/home/perera/Develop/ACESII_build/erd'
gmake[1]: Entering directory '/home/perera/Develop/ACESII_build/trp'
trp(check_t2.F): processing
trp(check_t2.f): compiling at 16:28:22
trp(check_t2grd.F): processing
trp(check_t2grd.f): compiling at 16:28:22
trp(check_t32w.F): processing
trp(check_t32w.f): compiling at 16:28:22
trp(check_t32w_grd.F): processing
trp(check_t32w_grd.f): compiling at 16:28:22
trp(d1t14.F): processing
trp(d1t14.f): compiling at 16:28:22
trp(d1t2new.F): processing
trp(d1t2new.f): compiling at 16:28:22
trp(d1t3.F): processing
trp(d1t3.f): compiling at 16:28:23
trp(dot314.F): processing
trp(dot314.f): compiling at 16:28:23
trp(dot32.F): processing
trp(dot32.f): compiling at 16:28:23
trp(dot33.F): processing
trp(dot33.f): compiling at 16:28:23
trp(dvt314.F): processing
trp(dvt314.f): compiling at 16:28:23
trp(dvt32.F): processing
trp(dvt32.f): compiling at 16:28:24
trp(dvt33.F): processing
trp(dvt33.f): compiling at 16:28:24
trp(e4tctdijk.F): processing
trp(e4tctdijk.f): compiling at 16:28:24
trp(e4tijk.F): processing
trp(e4tijk.f): compiling at 16:28:24
trp(e4tijkl.F): processing
trp(e4tijkl.f): compiling at 16:28:24
trp(form_ht3c14.F): processing
trp(form_ht3c14.f): compiling at 16:28:24
trp(form_ht3c2.F): processing
trp(form_ht3c2.f): compiling at 16:28:24
trp(form_ht3c3.F): processing
trp(form_ht3c3.f): compiling at 16:28:25
trp(getwaaa.F): processing
trp(getwaaa.f): compiling at 16:28:25
trp(getwaba.F): processing
trp(getwaba.f): compiling at 16:28:25
trp(getwabb.F): processing
trp(getwabb.f): compiling at 16:28:25
trp(grad_trps14.F): processing
trp(grad_trps14.f): compiling at 16:28:25
trp(grad_trps2.F): processing
trp(grad_trps2.f): compiling at 16:28:25
trp(grad_trps3.F): processing
trp(grad_trps3.f): compiling at 16:28:26
trp(grad_trps.F): processing
trp(grad_trps.f): compiling at 16:28:26
trp(hbarcrap.F): processing
trp(hbarcrap.f): compiling at 16:28:26
trp(prtden.F): processing
trp(prtden.f): compiling at 16:28:26
trp(resrng.F): processing
trp(resrng.f): compiling at 16:28:26
trp(set_extrnl_cc_lists.F): processing
trp(set_extrnl_cc_lists.f): compiling at 16:28:27
trp(setooov_extrnl_ccsd.F): processing
trp(setooov_extrnl_ccsd.f): compiling at 16:28:27
trp(t2ft3_ht3c14.F): processing
trp(t2ft3_ht3c14.f): compiling at 16:28:27
trp(t2ft3_ht3c2.F): processing
trp(t2ft3_ht3c2.f): compiling at 16:28:27
trp(t2ft3_ht3c3.F): processing
trp(t2ft3_ht3c3.f): compiling at 16:28:27
trp(t2t3_ht3c14_1.F): processing
trp(t2t3_ht3c14_1.f): compiling at 16:28:27
trp(t2t3_ht3c14_2.F): processing
trp(t2t3_ht3c14_2.f): compiling at 16:28:28
trp(t2t3_ht3c2_1.F): processing
trp(t2t3_ht3c2_1.f): compiling at 16:28:28
trp(t2t3_ht3c2_2.F): processing
trp(t2t3_ht3c2_2.f): compiling at 16:28:28
trp(t2t3_ht3c3_1.F): processing
trp(t2t3_ht3c3_1.f): compiling at 16:28:28
trp(t2t3_ht3c3_2.F): processing
trp(t2t3_ht3c3_2.f): compiling at 16:28:29
trp(t32abci14.F): processing
trp(t32abci14.f): compiling at 16:28:29
trp(t32abci2.F): processing
trp(t32abci2.f): compiling at 16:28:29
trp(t32abci3.F): processing
trp(t32abci3.f): compiling at 16:28:29
trp(t32ijka14.F): processing
trp(t32ijka14.f): compiling at 16:28:29
trp(t32ijka2.F): processing
trp(t32ijka2.f): compiling at 16:28:30
trp(t32ijka3.F): processing
trp(t32ijka3.f): compiling at 16:28:30
trp(t3it_trps14.F): processing
trp(t3it_trps14.f): compiling at 16:28:30
trp(t3it_trps2.F): processing
trp(t3it_trps2.f): compiling at 16:28:30
trp(t3it_trps3.F): processing
trp(t3it_trps3.f): compiling at 16:28:31
trp(trps14.F): processing
trp(trps14.f): compiling at 16:28:31
trp(trps2.F): processing
trp(trps2.f): compiling at 16:28:31
trp(trps3.F): processing
trp(trps3.f): compiling at 16:28:31
trp(trps.F): processing
trp(trps.f): compiling at 16:28:32
trp(cc3w4ring.f): compiling at 16:28:32
trp(cc3w5ring.f): compiling at 16:28:32
trp(ccenrg.f): compiling at 16:28:32
trp(csdt4.f): compiling at 16:28:32
trp(dewq1.f): compiling at 16:28:33
trp(dewq.f): compiling at 16:28:33
trp(dewt1a.f): compiling at 16:28:33
trp(dewt1.f): compiling at 16:28:33
trp(dmpden.f): compiling at 16:28:33
trp(e4tsc2.f): compiling at 16:28:33
trp(g5aa.f): compiling at 16:28:33
trp(g5ab.f): compiling at 16:28:33
trp(g5tau.f): compiling at 16:28:33
trp(g6aa.f): compiling at 16:28:33
trp(g6ab.f): compiling at 16:28:34
trp(g6tau.f): compiling at 16:28:34
trp(gamma5.f): compiling at 16:28:34
trp(gamma6.f): compiling at 16:28:34
trp(getaaa.f): compiling at 16:28:34
trp(getaba.f): compiling at 16:28:34
trp(getabb.f): compiling at 16:28:34
trp(gformw1.f): compiling at 16:28:34
trp(ghbarabcd.f): compiling at 16:28:35
trp(got314.f): compiling at 16:28:35
trp(got32.f): compiling at 16:28:35
trp(got33.f): compiling at 16:28:35
trp(gt1ra01.f): compiling at 16:28:35
trp(gt1ra02.f): compiling at 16:28:35
trp(gt1rb01.f): compiling at 16:28:35
trp(gt1rb02.f): compiling at 16:28:36
trp(gt1rc01.f): compiling at 16:28:36
trp(gt1rc02.f): compiling at 16:28:36
trp(gt1ring.f): compiling at 16:28:36
trp(gt2ring.f): compiling at 16:28:36
trp(gt3e4t.f): compiling at 16:28:36
trp(gvt314.f): compiling at 16:28:36
trp(gvt32.f): compiling at 16:28:36
trp(gvt33.f): compiling at 16:28:37
trp(gwr1t2.f): compiling at 16:28:37
trp(initrp.f): compiling at 16:28:37
trp(modijkl.f): compiling at 16:28:37
trp(prtw.f): compiling at 16:28:37
trp(s1s214.f): compiling at 16:28:37
trp(s1s223.f): compiling at 16:28:37
trp(setooov.f): compiling at 16:28:37
trp(t1bint.f): compiling at 16:28:38
trp(t1t314.f): compiling at 16:28:38
trp(t1t32n.f): compiling at 16:28:38
trp(t2ft314.f): compiling at 16:28:38
trp(t2ft32.f): compiling at 16:28:38
trp(t2ft33.f): compiling at 16:28:38
trp(t2t314.f): compiling at 16:28:38
trp(t2t314o.f): compiling at 16:28:38
trp(t2t32.f): compiling at 16:28:39
trp(t2t32o.f): compiling at 16:28:39
trp(t2t33.f): compiling at 16:28:39
trp(t2t33o.f): compiling at 16:28:39
trp(trpint.f): compiling at 16:28:39
trp(tspabci2.f): compiling at 16:28:39
trp(tspabci.f): compiling at 16:28:40
trp(w45t3drv.f): compiling at 16:28:40
trp(wot314.f): compiling at 16:28:40
trp(wot323.f): compiling at 16:28:40
trp(wvt314.f): compiling at 16:28:40
trp(wvt323.f): compiling at 16:28:40

Object files are up-to-date.

Archiving objects

Installing the library as:
   /home/perera/Develop/lib/libtrp.a

The installed library is up-to-date.

BUILDBIN is negative so the binary is not installed.
gmake[1]: Leaving directory '/home/perera/Develop/ACESII_build/trp'
gmake[1]: Entering directory '/home/perera/Develop/ACESII_build/dens'
dens(addblk.F): processing
dens(addblk.f): compiling at 16:28:41
dens(addfx_4rhf.F): processing
dens(addfx_4rhf.f): compiling at 16:28:41
dens(analyze_fock.F): processing
dens(analyze_fock.f): compiling at 16:28:42
dens(check_1body_dens.F): processing
dens(check_1body_dens.f): compiling at 16:28:42
dens(checkgamma1.F): processing
dens(checkgamma1.f): compiling at 16:28:42
dens(checkgamma.F): processing
dens(checkgamma.f): compiling at 16:28:42
dens(construct_t1t1g1.F): processing
dens(construct_t1t1g1.f): compiling at 16:28:43
dens(construct_t1t1g2.F): processing
dens(construct_t1t1g2.f): compiling at 16:28:43
dens(construct_t1t1t2l2.F): processing
dens(construct_t1t1t2l2.f): compiling at 16:28:43
dens(construct_t2l2v1.F): processing
dens(construct_t2l2v1.f): compiling at 16:28:43
dens(densoo.F): processing
dens(densoo.f): compiling at 16:28:44
dens(densvo.F): processing
dens(densvo.f): compiling at 16:28:44
dens(densvv.F): processing
dens(densvv.f): compiling at 16:28:44
dens(dfini.F): processing
dens(dfini.f): compiling at 16:28:44
dens(dumpit.F): processing
dens(dumpit.f): compiling at 16:28:45
dens(form_htau.F): processing
dens(form_htau.f): compiling at 16:28:45
dens(formx.F): processing
dens(formx.f): compiling at 16:28:45
dens(frmful.F): processing
dens(frmful.f): compiling at 16:28:45
dens(g2all.F): processing
dens(g2all.f): compiling at 16:28:46
dens(gamdrv.F): processing
dens(gamdrv.f): compiling at 16:28:46
dens(gamma1.F): processing
dens(gamma1.f): compiling at 16:28:46
dens(io1ab.F): processing
dens(io1ab.f): compiling at 16:28:46
dens(iv1ab.F): processing
dens(iv1ab.f): compiling at 16:28:47
dens(lineq_4std_noncan_rhf.F): processing
dens(lineq_4std_noncan_rhf.f): compiling at 16:28:47
dens(lineq_4std_noncan_uhf.F): processing
dens(lineq_4std_noncan_uhf.f): compiling at 16:28:47
dens(makdia1_4std_noncan.F): processing
dens(makdia1_4std_noncan.f): compiling at 16:28:47
dens(natorb.F): processing
dens(natorb.f): compiling at 16:28:47
dens(pdcc_checkgam.F): processing
dens(pdcc_checkgam.f): compiling at 16:28:48
dens(pdcc_spinad1.F): processing
dens(pdcc_spinad1.f): compiling at 16:28:48
dens(process_natorbs.F): processing
dens(process_natorbs.f): compiling at 16:28:48
dens(putnatorboccs.F): processing
dens(putnatorboccs.f): compiling at 16:28:48
dens(putnatorbs.F): processing
dens(putnatorbs.f): compiling at 16:28:49
dens(qrhferr.F): processing
dens(qrhferr.f): compiling at 16:28:49
dens(qrhfset2.F): processing
dens(qrhfset2.f): compiling at 16:28:49
dens(qrhfset.F): processing
dens(qrhfset.f): compiling at 16:28:49
dens(s2expect.F): processing
dens(s2expect.f): compiling at 16:28:50
dens(setmet.F): processing
dens(setmet.f): compiling at 16:28:50
dens(vdens.F): processing
dens(vdens.f): compiling at 16:28:50
dens(adddt.f): compiling at 16:28:50
dens(addfx.f): compiling at 16:28:51
dens(addia1.f): compiling at 16:28:51
dens(addia2.f): compiling at 16:28:51
dens(bltao_quntites.f): compiling at 16:28:51
dens(check3.f): compiling at 16:28:51
dens(check.f): compiling at 16:28:51
dens(checkgam1.f): compiling at 16:28:51
dens(checkgam.f): compiling at 16:28:51
dens(checkgam_ijab.f): compiling at 16:28:52
dens(chkrng.f): compiling at 16:28:52
dens(daiini.f): compiling at 16:28:52
dens(dencan.f): compiling at 16:28:52
dens(dfinic.f): compiling at 16:28:52
dens(dg6toao.f): compiling at 16:28:52
dens(dg6tran.f): compiling at 16:28:53
dens(dmove.f): compiling at 16:28:53
dens(dooaa.f): compiling at 16:28:53
dens(dooab.f): compiling at 16:28:53
dens(drvaoov.f): compiling at 16:28:53
dens(drvaovv.f): compiling at 16:28:53
dens(dtau.f): compiling at 16:28:53
dens(dtrandivo.f): compiling at 16:28:53
dens(dvvaa.f): compiling at 16:28:54
dens(dvvab.f): compiling at 16:28:54
dens(dxaini.f): compiling at 16:28:54
dens(eomdabcd.f): compiling at 16:28:54
dens(expand.f): compiling at 16:28:54
dens(expnd_str_to_sq.f): compiling at 16:28:54
dens(fixh4.f): compiling at 16:28:54
dens(formxab.f): compiling at 16:28:54
dens(formxij.f): compiling at 16:28:55
dens(formz.f): compiling at 16:28:55
dens(g3all.f): compiling at 16:28:55
dens(g4all.f): compiling at 16:28:55
dens(g5aa.f): compiling at 16:28:55
dens(g5ab.f): compiling at 16:28:55
dens(g5tau.f): compiling at 16:28:56
dens(g6aa.f): compiling at 16:28:56
dens(g6ab.f): compiling at 16:28:56
dens(g6tau.f): compiling at 16:28:56
dens(gamma2.f): compiling at 16:28:56
dens(gamma3.f): compiling at 16:28:56
dens(gamma4.f): compiling at 16:28:57
dens(gamma5.f): compiling at 16:28:57
dens(gamma6.f): compiling at 16:28:57
dens(gcopy.f): compiling at 16:28:57
dens(getall2.f): compiling at 16:28:57
dens(getaoinf.f): compiling at 16:28:57
dens(getdcis.f): compiling at 16:28:58
dens(getd.f): compiling at 16:28:58
dens(getgo1.f): compiling at 16:28:58
dens(getgo1t.f): compiling at 16:28:58
dens(getgo1u.f): compiling at 16:28:58
dens(getgo2.f): compiling at 16:28:58
dens(getgo2u.f): compiling at 16:28:59
dens(getgo3.f): compiling at 16:28:59
dens(getgo3q.f): compiling at 16:28:59
dens(getgo3r.f): compiling at 16:28:59
dens(getgo3s.f): compiling at 16:28:59
dens(getgo4.f): compiling at 16:28:59
dens(getgo4o.f): compiling at 16:28:59
dens(getgo4r.f): compiling at 16:29:00
dens(getgo4u.f): compiling at 16:29:00
dens(getgo4uo.f): compiling at 16:29:00
dens(getgo6.f): compiling at 16:29:00
dens(getgo6o.f): compiling at 16:29:00
dens(getgo6r.f): compiling at 16:29:00
dens(getgo6u.f): compiling at 16:29:00
dens(getgo6uo.f): compiling at 16:29:01
dens(getgov5t.f): compiling at 16:29:01
dens(getgov5tr.f): compiling at 16:29:01
dens(getgov5tu.f): compiling at 16:29:01
dens(getgv2.f): compiling at 16:29:01
dens(getgv2o.f): compiling at 16:29:01
dens(getgv2u.f): compiling at 16:29:02
dens(getgv2uo.f): compiling at 16:29:02
dens(getgx7t.f): compiling at 16:29:02
dens(getgx7tr.f): compiling at 16:29:02
dens(getgx7tu.f): compiling at 16:29:02
dens(getino4.f): compiling at 16:29:02
dens(getino4r.f): compiling at 16:29:03
dens(getino4u.f): compiling at 16:29:03
dens(getino6.f): compiling at 16:29:03
dens(getino6r.f): compiling at 16:29:03
dens(getino6u.f): compiling at 16:29:03
dens(getinv2.f): compiling at 16:29:03
dens(getinv2u.f): compiling at 16:29:04
dens(gformg.f): compiling at 16:29:04
dens(gsden.f): compiling at 16:29:04
dens(h4g5aa.f): compiling at 16:29:04
dens(h4g5ab.f): compiling at 16:29:04
dens(h4g6aa.f): compiling at 16:29:04
dens(h4g6ab.f): compiling at 16:29:04
dens(incor.f): compiling at 16:29:05
dens(inigam.f): compiling at 16:29:05
dens(into1.f): compiling at 16:29:05
dens(into2.f): compiling at 16:29:05
dens(into3.f): compiling at 16:29:05
dens(into4.f): compiling at 16:29:05
dens(into5.f): compiling at 16:29:05
dens(into6.f): compiling at 16:29:06
dens(intov1.f): compiling at 16:29:06
dens(intov2.f): compiling at 16:29:06
dens(intov3.f): compiling at 16:29:06
dens(intov4.f): compiling at 16:29:06
dens(intov5.f): compiling at 16:29:06
dens(intov6.f): compiling at 16:29:07
dens(intv1.f): compiling at 16:29:07
dens(intv2.f): compiling at 16:29:07
dens(intv3.f): compiling at 16:29:07
dens(intv4.f): compiling at 16:29:07
dens(intv5.f): compiling at 16:29:07
dens(intv6.f): compiling at 16:29:08
dens(io1aa.f): compiling at 16:29:08
dens(io3all.f): compiling at 16:29:08
dens(io4aa.f): compiling at 16:29:08
dens(io4ab.f): compiling at 16:29:08
dens(io4abo.f): compiling at 16:29:08
dens(io5aa.f): compiling at 16:29:08
dens(io5ab.f): compiling at 16:29:09
dens(io6aa.f): compiling at 16:29:09
dens(io6ab.f): compiling at 16:29:09
dens(iov1aa.f): compiling at 16:29:09
dens(iov1ab.f): compiling at 16:29:09
dens(iov2aa.f): compiling at 16:29:09
dens(iov2ab.f): compiling at 16:29:09
dens(iov3aa.f): compiling at 16:29:10
dens(iov3ab.f): compiling at 16:29:10
dens(iov3ba.f): compiling at 16:29:10
dens(iov4aa.f): compiling at 16:29:10
dens(iov4ab.f): compiling at 16:29:10
dens(iov5aa.f): compiling at 16:29:10
dens(iov6aa.f): compiling at 16:29:10
dens(iov6ab.f): compiling at 16:29:10
dens(isyms2.f): compiling at 16:29:11
dens(iv1aa.f): compiling at 16:29:11
dens(iv2aa.f): compiling at 16:29:11
dens(iv2ab.f): compiling at 16:29:11
dens(iv3all.f): compiling at 16:29:11
dens(iv4aa.f): compiling at 16:29:11
dens(iv4ab.f): compiling at 16:29:11
dens(iv4abo.f): compiling at 16:29:12
dens(iv5aa.f): compiling at 16:29:12
dens(iv5ab.f): compiling at 16:29:12
dens(iv6aa.f): compiling at 16:29:12
dens(iv6ab.f): compiling at 16:29:12
dens(lineqz1.f): compiling at 16:29:12
dens(lineqz2.f): compiling at 16:29:12
dens(makdia1.f): compiling at 16:29:13
dens(mat_reorder.f): compiling at 16:29:13
dens(mkaqrhf2.f): compiling at 16:29:13
dens(mkaqrhf.f): compiling at 16:29:13
dens(mkarhf1.f): compiling at 16:29:13
dens(mkauhf.f): compiling at 16:29:13
dens(nwrngaa.f): compiling at 16:29:14
dens(ooinoo.f): compiling at 16:29:14
dens(pchange.f): compiling at 16:29:14
dens(putall2.f): compiling at 16:29:14
dens(putblk.f): compiling at 16:29:14
dens(qrhfd.f): compiling at 16:29:14
dens(qrhfi.f): compiling at 16:29:14
dens(qrhfx.f): compiling at 16:29:15
dens(qrhfxtw1.f): compiling at 16:29:15
dens(qrhfxtw2.f): compiling at 16:29:15
dens(qrhfxtw3.f): compiling at 16:29:15
dens(qrhfz.f): compiling at 16:29:15
dens(quikaa.f): compiling at 16:29:15
dens(rdaoijkl3.f): compiling at 16:29:15
dens(recalat.f): compiling at 16:29:16
dens(reordc.f): compiling at 16:29:16
dens(repott2.f): compiling at 16:29:16
dens(repott.f): compiling at 16:29:16
dens(resetscf.f): compiling at 16:29:16
dens(rework63.f): compiling at 16:29:16
dens(rohfden.f): compiling at 16:29:16
dens(rohfz.f): compiling at 16:29:17
dens(savd.f): compiling at 16:29:17
dens(savi.f): compiling at 16:29:17
dens(setbas.f): compiling at 16:29:17
dens(setlst2.f): compiling at 16:29:17
dens(sortgam.f): compiling at 16:29:17
dens(sorth4.f): compiling at 16:29:17
dens(sqrout.f): compiling at 16:29:18
dens(sqsym_1.f): compiling at 16:29:18
dens(sqsym_2.f): compiling at 16:29:18
dens(sumrng.f): compiling at 16:29:18
dens(symc.f): compiling at 16:29:18
dens(symi.f): compiling at 16:29:18
dens(t12all.f): compiling at 16:29:18
dens(t12g41.f): compiling at 16:29:19
dens(t12g42.f): compiling at 16:29:19
dens(t12ing4.f): compiling at 16:29:19
dens(t1g5aa.f): compiling at 16:29:19
dens(t1g5ab.f): compiling at 16:29:19
dens(t1ing4.f): compiling at 16:29:19
dens(testg5.f): compiling at 16:29:20
dens(testg6.f): compiling at 16:29:20
dens(trans_mo2aos.f): compiling at 16:29:20
dens(voinoo.f): compiling at 16:29:20
dens(vvinoo.f): compiling at 16:29:20
dens(woo.f): compiling at 16:29:20
dens(wrtlst.f): compiling at 16:29:20
dens(wtrans.f): compiling at 16:29:20
dens(xia1aa.f): compiling at 16:29:21
dens(xia1ab.f): compiling at 16:29:21
dens(xia2aa.f): compiling at 16:29:21
dens(xia2ab.f): compiling at 16:29:21
dens(xia3aa.f): compiling at 16:29:21
dens(xia3ab.f): compiling at 16:29:21
dens(xia4aa.f): compiling at 16:29:21
dens(xia4ab.f): compiling at 16:29:22
dens(xia5aa.f): compiling at 16:29:22
dens(xia5ab.f): compiling at 16:29:22
dens(xia5ba.f): compiling at 16:29:22
dens(xia6aa.f): compiling at 16:29:22
dens(xia6ab.f): compiling at 16:29:22
dens(xia8aa.f): compiling at 16:29:22
dens(xia8ab.f): compiling at 16:29:23
dens(xint1.f): compiling at 16:29:23
dens(xint2.f): compiling at 16:29:23
dens(xint3.f): compiling at 16:29:23
dens(xint4.f): compiling at 16:29:23
dens(xint5.f): compiling at 16:29:23
dens(xint6ao.f): compiling at 16:29:24
dens(xint6.f): compiling at 16:29:24
dens(xint7.f): compiling at 16:29:24
dens(xint8.f): compiling at 16:29:24
dens(xint9.f): compiling at 16:29:24
dens(z2iniov.f): compiling at 16:29:24
dens(z2inivv.f): compiling at 16:29:25
dens(z2vaa.f): compiling at 16:29:25
dens(z2vab.f): compiling at 16:29:25

Object files are up-to-date.

Archiving objects

Linking binary
Stripping binary if necessary

Installing the library as:
   /home/perera/Develop/lib/libdens.a

The installed library is up-to-date.

Installing the binary as:
   /home/perera/Develop/bin/xdens

The installed binary is up-to-date.
gmake[1]: Leaving directory '/home/perera/Develop/ACESII_build/dens'
gmake[1]: Entering directory '/home/perera/Develop/ACESII_build/vcc'
vcc(add_external_t3_to_h12.F): processing
vcc(add_external_t3_to_h12.f): compiling at 16:29:27
vcc(add_t3int2_abij.F): processing
vcc(add_t3int2_abij.f): compiling at 16:29:27
vcc(aolad2.F): processing
vcc(aolad2.f): compiling at 16:29:28
vcc(brueckit.F): processing
vcc(brueckit.f): compiling at 16:29:28
vcc(bwcc.F): processing
vcc(bwcc.f): compiling at 16:29:28
vcc(checkintms.F): processing
vcc(checkintms.f): compiling at 16:29:29
vcc(check_ints.F): processing
vcc(check_ints.f): compiling at 16:29:29
vcc(check_res.F): processing
vcc(check_res.f): compiling at 16:29:29
vcc(check_t1.F): processing
vcc(check_t1.f): compiling at 16:29:29
vcc(check_t2.F): processing
vcc(check_t2.f): compiling at 16:29:30
vcc(check_t2in.F): processing
vcc(check_t2in.f): compiling at 16:29:30
vcc(cntrct_conly.F): processing
vcc(cntrct_conly.f): compiling at 16:29:30
vcc(compute_t1_4t2.F): processing
vcc(compute_t1_4t2.f): compiling at 16:29:30
vcc(construct_t2wmnij.F): processing
vcc(construct_t2wmnij.f): compiling at 16:29:31
vcc(damp_cc_residual.F): processing
vcc(damp_cc_residual.f): compiling at 16:29:31
vcc(ddmptgss.F): processing
vcc(ddmptgss.f): compiling at 16:29:31
vcc(denowt.F): processing
vcc(denowt.f): compiling at 16:29:31
vcc(diislst.F): processing
vcc(diislst.f): compiling at 16:29:32
vcc(dodiis0.F): processing
vcc(dodiis0.f): compiling at 16:29:32
vcc(do_svd_oft2.F): processing
vcc(do_svd_oft2.f): compiling at 16:29:32
vcc(drdtgss.F): processing
vcc(drdtgss.f): compiling at 16:29:32
vcc(dre3en.F): processing
vcc(dre3en.f): compiling at 16:29:33
vcc(drive_ccn.F): processing
vcc(drive_ccn.f): compiling at 16:29:33
vcc(dwmbej.F): processing
vcc(dwmbej.f): compiling at 16:29:33
vcc(e4seng.F): processing
vcc(e4seng.f): compiling at 16:29:34
vcc(e4s.F): processing
vcc(e4s.f): compiling at 16:29:34
vcc(eucc.F): processing
vcc(eucc.f): compiling at 16:29:34
vcc(feacont_modf.F): processing
vcc(feacont_modf.f): compiling at 16:29:34
vcc(finish.F): processing
vcc(finish.f): compiling at 16:29:35
vcc(fmicont1.F): processing
vcc(fmicont1.f): compiling at 16:29:35
vcc(fmicont_modf.F): processing
vcc(fmicont_modf.f): compiling at 16:29:35
vcc(form_t2aaaa.F): processing
vcc(form_t2aaaa.f): compiling at 16:29:36
vcc(genint.F): processing
vcc(genint.f): compiling at 16:29:36
vcc(heffdiag.F): processing
vcc(heffdiag.f): compiling at 16:29:36
vcc(incor.F): processing
vcc(incor.f): compiling at 16:29:36
vcc(init2.F): processing
vcc(init2.f): compiling at 16:29:37
vcc(init3.F): processing
vcc(init3.f): compiling at 16:29:37
vcc(init_norednt_list.F): processing
vcc(init_norednt_list.f): compiling at 16:29:37
vcc(ladaa1.F): processing
vcc(ladaa1.f): compiling at 16:29:37
vcc(ladab1.F): processing
vcc(ladab1.f): compiling at 16:29:38
vcc(makfme.F): processing
vcc(makfme.f): compiling at 16:29:38
vcc(newt1.F): processing
vcc(newt1.f): compiling at 16:29:38
vcc(os.F): processing
vcc(os.f): compiling at 16:29:38
vcc(osinic.F): processing
vcc(osinic.f): compiling at 16:29:39
vcc(pccd_reset_vcc.F): processing
vcc(pccd_reset_vcc.f): compiling at 16:29:39
vcc(pccsd_modification.F): processing
vcc(pccsd_modification.f): compiling at 16:29:39
vcc(pdcc_drlad.F): processing
vcc(pdcc_drlad.f): compiling at 16:29:40
vcc(pdcc_dwmbej.F): processing
vcc(pdcc_dwmbej.f): compiling at 16:29:40
vcc(pdcc_ladaa1.F): processing
vcc(pdcc_ladaa1.f): compiling at 16:29:40
vcc(pdcc_ladab1.F): processing
vcc(pdcc_ladab1.f): compiling at 16:29:41
vcc(pdcc_q1all.F): processing
vcc(pdcc_q1all.f): compiling at 16:29:41
vcc(pdcc_quad1.F): processing
vcc(pdcc_quad1.f): compiling at 16:29:41
vcc(pdcc_quad2.F): processing
vcc(pdcc_quad2.f): compiling at 16:29:41
vcc(pdcc_quad3.F): processing
vcc(pdcc_quad3.f): compiling at 16:29:41
vcc(pdcc_reset.F): processing
vcc(pdcc_reset.f): compiling at 16:29:42
vcc(pdcc_t1inw2.F): processing
vcc(pdcc_t1inw2.f): compiling at 16:29:42
vcc(pdcc_t1t1_inwmbej.F): processing
vcc(pdcc_t1t1_inwmbej.f): compiling at 16:29:42
vcc(post_dcc_mods.F): processing
vcc(post_dcc_mods.f): compiling at 16:29:42
vcc(putbrueckmos.F): processing
vcc(putbrueckmos.f): compiling at 16:29:43
vcc(q1all.F): processing
vcc(q1all.f): compiling at 16:29:43
vcc(q2aa.F): processing
vcc(q2aa.f): compiling at 16:29:43
vcc(q2ab.F): processing
vcc(q2ab.f): compiling at 16:29:43
vcc(q3aa.F): processing
vcc(q3aa.f): compiling at 16:29:44
vcc(q3ab.F): processing
vcc(q3ab.f): compiling at 16:29:44
vcc(rdaoijkl2.F): processing
vcc(rdaoijkl2.f): compiling at 16:29:44
vcc(rohfpt.F): processing
vcc(rohfpt.f): compiling at 16:29:44
vcc(scale_h4.F): processing
vcc(scale_h4.f): compiling at 16:29:45
vcc(set_intms_2zero_4extrnl_cc.F): processing
vcc(set_intms_2zero_4extrnl_cc.f): compiling at 16:29:45
vcc(spn_adapt_t1ring.F): processing
vcc(spn_adapt_t1ring.f): compiling at 16:29:45
vcc(t12all.F): processing
vcc(t12all.f): compiling at 16:29:46
vcc(t12int2.F): processing
vcc(t12int2.f): compiling at 16:29:46
vcc(t1int1.F): processing
vcc(t1int1.f): compiling at 16:29:46
vcc(t1t1_inwmbej.F): processing
vcc(t1t1_inwmbej.f): compiling at 16:29:46
vcc(t3_finalize.F): processing
vcc(t3_finalize.f): compiling at 16:29:47
vcc(t3_guess.F): processing
vcc(t3_guess.f): compiling at 16:29:47
vcc(t3_iter.F): processing
vcc(t3_iter.f): compiling at 16:29:47
vcc(vcc.F): processing
vcc(vcc.f): compiling at 16:29:48
vcc(write_brueckmos.F): processing
vcc(write_brueckmos.f): compiling at 16:29:48
vcc(zersym.F): processing
vcc(zersym.f): compiling at 16:29:48
vcc(actdnmbl.f): compiling at 16:29:48
vcc(ampt11.f): compiling at 16:29:49
vcc(ampt1.f): compiling at 16:29:49
vcc(chkbkstp.f): compiling at 16:29:49
vcc(cntrct.f): compiling at 16:29:49
vcc(cntrctnr.f): compiling at 16:29:49
vcc(dmptgss.f): compiling at 16:29:49
vcc(draolad.f): compiling at 16:29:49
vcc(drlad.f): compiling at 16:29:49
vcc(drrng.f): compiling at 16:29:50
vcc(dt.f): compiling at 16:29:50
vcc(dwmbejnr.f): compiling at 16:29:50
vcc(e3s.f): compiling at 16:29:50
vcc(e4lnhf.f): compiling at 16:29:50
vcc(erngaa.f): compiling at 16:29:51
vcc(erngab.f): compiling at 16:29:51
vcc(feaaa1.f): compiling at 16:29:51
vcc(feaab1.f): compiling at 16:29:51
vcc(feacont1.f): compiling at 16:29:51
vcc(feacont2.f): compiling at 16:29:51
vcc(feacont.f): compiling at 16:29:51
vcc(fmecont.f): compiling at 16:29:52
vcc(fmiaa1.f): compiling at 16:29:52
vcc(fmiab1.f): compiling at 16:29:52
vcc(fmicont2.f): compiling at 16:29:52
vcc(fmicont.f): compiling at 16:29:52
vcc(formt2.f): compiling at 16:29:52
vcc(getargs.f): compiling at 16:29:53
vcc(getblk.f): compiling at 16:29:53
vcc(getd4.f): compiling at 16:29:53
vcc(getdt1.f): compiling at 16:29:53
vcc(gets4.f): compiling at 16:29:53
vcc(initin.f): compiling at 16:29:53
vcc(initsn.f): compiling at 16:29:53
vcc(inmbpt.f): compiling at 16:29:53
vcc(insing.f): compiling at 16:29:54
vcc(mbptout.f): compiling at 16:29:54
vcc(mtrac1.f): compiling at 16:29:54
vcc(mtrac2.f): compiling at 16:29:54
vcc(mtrac3.f): compiling at 16:29:54
vcc(ncycread.f): compiling at 16:29:54
vcc(nhffint.f): compiling at 16:29:55
vcc(nonred_init.f): compiling at 16:29:55
vcc(nwtrm.f): compiling at 16:29:55
vcc(ossymfig.f): compiling at 16:29:55
vcc(psadd.f): compiling at 16:29:55
vcc(putadd.f): compiling at 16:29:55
vcc(quad1.f): compiling at 16:29:56
vcc(quad2.f): compiling at 16:29:56
vcc(quad3.f): compiling at 16:29:56
vcc(rdtgss.f): compiling at 16:29:56
vcc(reset.f): compiling at 16:29:56
vcc(rngdrv2.f): compiling at 16:29:56
vcc(rngdrv.f): compiling at 16:29:57
vcc(rngprd.f): compiling at 16:29:57
vcc(rohfeng.f): compiling at 16:29:57
vcc(rohft1sq.f): compiling at 16:29:57
vcc(s2prjit.f): compiling at 16:29:57
vcc(setlog.f): compiling at 16:29:57
vcc(setlst.f): compiling at 16:29:57
vcc(setmet.f): compiling at 16:29:58
vcc(sort2.f): compiling at 16:29:58
vcc(sumrng.f): compiling at 16:29:58
vcc(symrhf3.f): compiling at 16:29:58
vcc(t1int2a.f): compiling at 16:29:58
vcc(t1int2b.f): compiling at 16:29:58
vcc(t1inw1.f): compiling at 16:29:58
vcc(t1inw2.f): compiling at 16:29:59
vcc(t1iter2.f): compiling at 16:29:59
vcc(t1iter3.f): compiling at 16:29:59
vcc(t1iter.f): compiling at 16:29:59
vcc(t1t2f.f): compiling at 16:29:59
vcc(t1w1aa.f): compiling at 16:29:59
vcc(t1w1ab.f): compiling at 16:30:00
vcc(t1w2aa.f): compiling at 16:30:00
vcc(t1w2ab.f): compiling at 16:30:00
vcc(t2iter2.f): compiling at 16:30:00
vcc(t2iter3.f): compiling at 16:30:00
vcc(t2iter.f): compiling at 16:30:00
vcc(tracevv.f): compiling at 16:30:01
vcc(ttwt.f): compiling at 16:30:01
vcc(ucclst.f): compiling at 16:30:01
vcc(updat1.f): compiling at 16:30:01
vcc(updvc.f): compiling at 16:30:01
vcc(yt1int2a.f): compiling at 16:30:01
vcc(yt1int2b.f): compiling at 16:30:02
vcc(zerlst.f): compiling at 16:30:02
vcc(sighand.c): compiling at 16:30:02
gmake[1]: *** [GNUmakefile:1856: sighand.o] Error 1
gmake[1]: Leaving directory '/home/perera/Develop/ACESII_build/vcc'
gmake: *** [makefile:250: vcc] Error 2
makefile:239: target 'liboo' given more than once in the same rule
makefile:239: target 'oed' given more than once in the same rule
makefile:239: target 'erd' given more than once in the same rule
makefile:239: target 'lambda' given more than once in the same rule
makefile:239: target 'dens' given more than once in the same rule
gmake[1]: Entering directory '/home/perera/Develop/ACESII_build/mpistubs'

The installed library is up-to-date.

BUILDBIN is negative so the binary is not installed.
gmake[1]: Leaving directory '/home/perera/Develop/ACESII_build/mpistubs'
gmake[1]: Entering directory '/home/perera/Develop/ACESII_build/mpw'

The installed library is up-to-date.

BUILDBIN is negative so the binary is not installed.
gmake[1]: Leaving directory '/home/perera/Develop/ACESII_build/mpw'
gmake[1]: Entering directory '/home/perera/Develop/ACESII_build/eispack'

The installed library is up-to-date.

BUILDBIN is negative so the binary is not installed.
gmake[1]: Leaving directory '/home/perera/Develop/ACESII_build/eispack'
gmake[1]: Entering directory '/home/perera/Develop/ACESII_build/linpack'

The installed library is up-to-date.

BUILDBIN is negative so the binary is not installed.
gmake[1]: Leaving directory '/home/perera/Develop/ACESII_build/linpack'
gmake[1]: Entering directory '/home/perera/Develop/ACESII_build/lb'

The installed library is up-to-date.

BUILDBIN is negative so the binary is not installed.
gmake[1]: Leaving directory '/home/perera/Develop/ACESII_build/lb'
gmake[1]: Entering directory '/home/perera/Develop/ACESII_build/tools'

The installed library is up-to-date.

BUILDBIN is negative so the binary is not installed.
gmake[1]: Leaving directory '/home/perera/Develop/ACESII_build/tools'
gmake[1]: Entering directory '/home/perera/Develop/ACESII_build/nlo'

The installed library is up-to-date.

BUILDBIN is negative so the binary is not installed.
gmake[1]: Leaving directory '/home/perera/Develop/ACESII_build/nlo'
gmake[1]: Entering directory '/home/perera/Develop/ACESII_build/blockdave'

The installed library is up-to-date.

BUILDBIN is negative so the binary is not installed.
gmake[1]: Leaving directory '/home/perera/Develop/ACESII_build/blockdave'
gmake[1]: Entering directory '/home/perera/Develop/ACESII_build/liboo'

The installed library is up-to-date.

BUILDBIN is negative so the binary is not installed.
gmake[1]: Leaving directory '/home/perera/Develop/ACESII_build/liboo'
gmake[1]: Entering directory '/home/perera/Develop/ACESII_build/libpccd'

The installed library is up-to-date.

BUILDBIN is negative so the binary is not installed.
gmake[1]: Leaving directory '/home/perera/Develop/ACESII_build/libpccd'
gmake[1]: Entering directory '/home/perera/Develop/ACESII_build/acescore'

The installed library is up-to-date.

BUILDBIN is negative so the binary is not installed.
gmake[1]: Leaving directory '/home/perera/Develop/ACESII_build/acescore'
gmake[1]: Entering directory '/home/perera/Develop/ACESII_build/acesutil'

The installed library is up-to-date.

BUILDBIN is negative so the binary is not installed.
gmake[1]: Leaving directory '/home/perera/Develop/ACESII_build/acesutil'
gmake[1]: Entering directory '/home/perera/Develop/ACESII_build/libr'

The installed library is up-to-date.

BUILDBIN is negative so the binary is not installed.
gmake[1]: Leaving directory '/home/perera/Develop/ACESII_build/libr'
gmake[1]: Entering directory '/home/perera/Develop/ACESII_build/libr_extn'

The installed library is up-to-date.

BUILDBIN is negative so the binary is not installed.
gmake[1]: Leaving directory '/home/perera/Develop/ACESII_build/libr_extn'
gmake[1]: Entering directory '/home/perera/Develop/ACESII_build/ecplib'

The installed library is up-to-date.

BUILDBIN is negative so the binary is not installed.
gmake[1]: Leaving directory '/home/perera/Develop/ACESII_build/ecplib'
gmake[1]: Entering directory '/home/perera/Develop/ACESII_build/symcor'

The installed library is up-to-date.

BUILDBIN is negative so the binary is not installed.
gmake[1]: Leaving directory '/home/perera/Develop/ACESII_build/symcor'
gmake[1]: Entering directory '/home/perera/Develop/ACESII_build/joda'

The installed library is up-to-date.

The installed binary is up-to-date.
gmake[1]: Leaving directory '/home/perera/Develop/ACESII_build/joda'
gmake[1]: Entering directory '/home/perera/Develop/ACESII_build/crust'

The installed library is up-to-date.

BUILDBIN is negative so the binary is not installed.
gmake[1]: Leaving directory '/home/perera/Develop/ACESII_build/crust'
gmake[1]: Entering directory '/home/perera/Develop/ACESII_build/libr2'

The installed library is up-to-date.

BUILDBIN is negative so the binary is not installed.
gmake[1]: Leaving directory '/home/perera/Develop/ACESII_build/libr2'
gmake[1]: Entering directory '/home/perera/Develop/ACESII_build/librt3'

The installed library is up-to-date.

BUILDBIN is negative so the binary is not installed.
gmake[1]: Leaving directory '/home/perera/Develop/ACESII_build/librt3'
gmake[1]: Entering directory '/home/perera/Develop/ACESII_build/oed'

The installed library is up-to-date.

BUILDBIN is negative so the binary is not installed.
gmake[1]: Leaving directory '/home/perera/Develop/ACESII_build/oed'
gmake[1]: Entering directory '/home/perera/Develop/ACESII_build/erd'

The installed library is up-to-date.

BUILDBIN is negative so the binary is not installed.
gmake[1]: Leaving directory '/home/perera/Develop/ACESII_build/erd'
gmake[1]: Entering directory '/home/perera/Develop/ACESII_build/trp'

The installed library is up-to-date.

BUILDBIN is negative so the binary is not installed.
gmake[1]: Leaving directory '/home/perera/Develop/ACESII_build/trp'
gmake[1]: Entering directory '/home/perera/Develop/ACESII_build/dens'

The installed library is up-to-date.

The installed binary is up-to-date.
gmake[1]: Leaving directory '/home/perera/Develop/ACESII_build/dens'
gmake[1]: Entering directory '/home/perera/Develop/ACESII_build/vcc'
vcc(sighand.c): compiling at 16:30:38

Object files are up-to-date.

Archiving objects

Linking binary
Stripping binary if necessary

Installing the library as:
   /home/perera/Develop/lib/libvcc.a

The installed library is up-to-date.

Installing the binary as:
   /home/perera/Develop/bin/xvcc

The installed binary is up-to-date.
gmake[1]: Leaving directory '/home/perera/Develop/ACESII_build/vcc'
gmake[1]: Entering directory '/home/perera/Develop/ACESII_build/lambda'
lambda(check_fintms.F): processing
lambda(check_fintms.f): compiling at 16:30:40
lambda(checkhbar.F): processing
lambda(checkhbar.f): compiling at 16:30:40
lambda(checkintms.F): processing
lambda(checkintms.f): compiling at 16:30:41
lambda(check_ints.F): processing
lambda(check_ints.f): compiling at 16:30:41
lambda(check_leom.F): processing
lambda(check_leom.f): compiling at 16:30:41
lambda(check_wps.F): processing
lambda(check_wps.f): compiling at 16:30:41
lambda(dcc_fixes_4lambda.F): processing
lambda(dcc_fixes_4lambda.f): compiling at 16:30:42
lambda(ddmplgss.F): processing
lambda(ddmplgss.f): compiling at 16:30:42
lambda(dodiis0.F): processing
lambda(dodiis0.f): compiling at 16:30:42
lambda(f1l2aa.F): processing
lambda(f1l2aa.f): compiling at 16:30:42
lambda(f1l2ab.F): processing
lambda(f1l2ab.f): compiling at 16:30:43
lambda(f2l2aa.F): processing
lambda(f2l2aa.f): compiling at 16:30:43
lambda(f2l2ab.F): processing
lambda(f2l2ab.f): compiling at 16:30:43
lambda(getlist.F): processing
lambda(getlist.f): compiling at 16:30:43
lambda(inilam.F): processing
lambda(inilam.f): compiling at 16:30:44
lambda(init_norednt_list.F): processing
lambda(init_norednt_list.f): compiling at 16:30:44
lambda(l2inl2.F): processing
lambda(l2inl2.f): compiling at 16:30:44
lambda(l2lad.F): processing
lambda(l2lad.f): compiling at 16:30:45
lambda(l3_iter.F): processing
lambda(l3_iter.f): compiling at 16:30:45
lambda(lgenint.F): processing
lambda(lgenint.f): compiling at 16:30:45
lambda(lladaa1.F): processing
lambda(lladaa1.f): compiling at 16:30:45
lambda(lladab1.F): processing
lambda(lladab1.f): compiling at 16:30:46
lambda(make_lccsd_hbar.F): processing
lambda(make_lccsd_hbar.f): compiling at 16:30:46
lambda(modf_t2l2_inl.F): processing
lambda(modf_t2l2_inl.f): compiling at 16:30:46
lambda(ocsymtr1.F): processing
lambda(ocsymtr1.f): compiling at 16:30:46
lambda(oslinic.F): processing
lambda(oslinic.f): compiling at 16:30:47
lambda(pdcc_f1inl2.F): processing
lambda(pdcc_f1inl2.f): compiling at 16:30:47
lambda(pdcc_f1l2aa.F): processing
lambda(pdcc_f1l2aa.f): compiling at 16:30:47
lambda(pdcc_f1l2ab.F): processing
lambda(pdcc_f1l2ab.f): compiling at 16:30:47
lambda(pdcc_f2inl2.F): processing
lambda(pdcc_f2inl2.f): compiling at 16:30:48
lambda(pdcc_f2l2aa.F): processing
lambda(pdcc_f2l2aa.f): compiling at 16:30:48
lambda(pdcc_f2l2ab.F): processing
lambda(pdcc_f2l2ab.f): compiling at 16:30:48
lambda(pdcc_l2lad.F): processing
lambda(pdcc_l2lad.f): compiling at 16:30:48
lambda(pdcc_lladaa1.F): processing
lambda(pdcc_lladaa1.f): compiling at 16:30:49
lambda(pdcc_lladab1.F): processing
lambda(pdcc_lladab1.f): compiling at 16:30:49
lambda(pdcc_lladab2.F): processing
lambda(pdcc_lladab2.f): compiling at 16:30:49
lambda(post_dccl_mods.F): processing
lambda(post_dccl_mods.f): compiling at 16:30:49
lambda(setmet.F): processing
lambda(setmet.f): compiling at 16:30:50
lambda(vlamcc.F): processing
lambda(vlamcc.f): compiling at 16:30:50
lambda(addfdiag.f): compiling at 16:30:50
lambda(check90.f): compiling at 16:30:50
lambda(checkgam.f): compiling at 16:30:51
lambda(checklam.f): compiling at 16:30:51
lambda(chklist.f): compiling at 16:30:51
lambda(cmpeng2.f): compiling at 16:30:51
lambda(dewq1.f): compiling at 16:30:51
lambda(dewq.f): compiling at 16:30:51
lambda(diislst.f): compiling at 16:30:51
lambda(disco2.f): compiling at 16:30:52
lambda(disco.f): compiling at 16:30:52
lambda(dmplgss.f): compiling at 16:30:52
lambda(draolad.f): compiling at 16:30:52
lambda(dvvinvo.f): compiling at 16:30:52
lambda(f1inl2.f): compiling at 16:30:52
lambda(f1t1inl2.f): compiling at 16:30:52
lambda(f2inl2.f): compiling at 16:30:53
lambda(finish.f): compiling at 16:30:53
lambda(formt2.f): compiling at 16:30:53
lambda(get1t1.f): compiling at 16:30:53
lambda(ginl11.f): compiling at 16:30:53
lambda(ginl12.f): compiling at 16:30:53
lambda(gt1inl1.f): compiling at 16:30:53
lambda(gwinl1.f): compiling at 16:30:54
lambda(hbarabcd.f): compiling at 16:30:54
lambda(hbarijka.f): compiling at 16:30:54
lambda(hbrijka0.f): compiling at 16:30:54
lambda(incor.f): compiling at 16:30:54
lambda(initin.f): compiling at 16:30:54
lambda(initrp.f): compiling at 16:30:55
lambda(initsn.f): compiling at 16:30:55
lambda(l1inl1.f): compiling at 16:30:55
lambda(l1inl2a.f): compiling at 16:30:55
lambda(l1inl2b.f): compiling at 16:30:55
lambda(l1w1.f): compiling at 16:30:55
lambda(l2inl1.f): compiling at 16:30:56
lambda(l2rng.f): compiling at 16:30:56
lambda(lia1aa.f): compiling at 16:30:56
lambda(lia1ab.f): compiling at 16:30:56
lambda(lia2aa.f): compiling at 16:30:56
lambda(lia2ab.f): compiling at 16:30:56
lambda(lladab2.f): compiling at 16:30:56
lambda(lrngdrv2.f): compiling at 16:30:57
lambda(lrngdrv2r.f): compiling at 16:30:57
lambda(lrngdrv.f): compiling at 16:30:57
lambda(lrngdrvr.f): compiling at 16:30:57
lambda(lrngprd2.f): compiling at 16:30:57
lambda(lrngprd.f): compiling at 16:30:57
lambda(modf.f): compiling at 16:30:57
lambda(modiajk.f): compiling at 16:30:58
lambda(newl1.f): compiling at 16:30:58
lambda(osl1ai.f): compiling at 16:30:58
lambda(osl1.f): compiling at 16:30:58
lambda(osl1ia.f): compiling at 16:30:58
lambda(osl1ii1.f): compiling at 16:30:58
lambda(osl1ii2.f): compiling at 16:30:59
lambda(osl2aaa.f): compiling at 16:30:59
lambda(osl2aab.f): compiling at 16:30:59
lambda(osl2aac.f): compiling at 16:30:59
lambda(osl2aad.f): compiling at 16:30:59
lambda(osl2aaia.f): compiling at 16:30:59
lambda(osl2aaii.f): compiling at 16:31:00
lambda(osl2aiai1.f): compiling at 16:31:00
lambda(osl2aiai2.f): compiling at 16:31:00
lambda(osl2aiai3.f): compiling at 16:31:00
lambda(osl2aiii.f): compiling at 16:31:00
lambda(osl2.f): compiling at 16:31:00
lambda(osl2iaaa.f): compiling at 16:31:01
lambda(osl2iaa.f): compiling at 16:31:01
lambda(osl2iab.f): compiling at 16:31:01
lambda(osl2iac.f): compiling at 16:31:01
lambda(osl2iad.f): compiling at 16:31:01
lambda(osl2iiaa.f): compiling at 16:31:01
lambda(osl2iiai.f): compiling at 16:31:02
lambda(ostau35.f): compiling at 16:31:02
lambda(outprd2.f): compiling at 16:31:02
lambda(outprd.f): compiling at 16:31:02
lambda(put3.f): compiling at 16:31:02
lambda(rom3l.f): compiling at 16:31:02
lambda(rom4l.f): compiling at 16:31:03
lambda(sstgen.f): compiling at 16:31:03
lambda(stllst.f): compiling at 16:31:03
lambda(sumrng.f): compiling at 16:31:03
lambda(symtrlst.f): compiling at 16:31:03
lambda(t2finl1.f): compiling at 16:31:04
lambda(tspabci2.f): compiling at 16:31:04
lambda(tspabci.f): compiling at 16:31:04
lambda(updat1.f): compiling at 16:31:04
lambda(w2t1inl1.f): compiling at 16:31:04
lambda(w45t3drv.f): compiling at 16:31:04
lambda(wot314.f): compiling at 16:31:05
lambda(wot323.f): compiling at 16:31:05
lambda(wvt314.f): compiling at 16:31:05
lambda(wvt323.f): compiling at 16:31:05
lambda(z2tomo.f): compiling at 16:31:05
lambda(zerlst.f): compiling at 16:31:06

Object files are up-to-date.

Archiving objects

Linking binary
Stripping binary if necessary

Installing the library as:
   /home/perera/Develop/lib/liblambda.a

The installed library is up-to-date.

Installing the binary as:
   /home/perera/Develop/bin/xlambda

The installed binary is up-to-date.
gmake[1]: Leaving directory '/home/perera/Develop/ACESII_build/lambda'
gmake[1]: Entering directory '/home/perera/Develop/ACESII_build/lsccresp'
lsccresp(check_cvv.F): processing
lsccresp(check_cvv.f): compiling at 16:31:08
lsccresp(densoo_mp2.F): processing
lsccresp(densoo_mp2.f): compiling at 16:31:08
lsccresp(densvv_mp2.F): processing
lsccresp(densvv_mp2.f): compiling at 16:31:08
lsccresp(dooaa_mp2.F): processing
lsccresp(dooaa_mp2.f): compiling at 16:31:08
lsccresp(dooab_mp2.F): processing
lsccresp(dooab_mp2.f): compiling at 16:31:09
lsccresp(dvvaa_mp2.F): processing
lsccresp(dvvaa_mp2.f): compiling at 16:31:09
lsccresp(dvvab_mp2.F): processing
lsccresp(dvvab_mp2.f): compiling at 16:31:09
lsccresp(energy_aa.F): processing
lsccresp(energy_aa.f): compiling at 16:31:09
lsccresp(energy_ab.F): processing
lsccresp(energy_ab.f): compiling at 16:31:10
lsccresp(form.F): processing
lsccresp(form.f): compiling at 16:31:10
lsccresp(form_new_amps.F): processing
lsccresp(form_new_amps.f): compiling at 16:31:10
lsccresp(form_new_t1amps.F): processing
lsccresp(form_new_t1amps.f): compiling at 16:31:10
lsccresp(form_new_t2amps_aa.F): processing
lsccresp(form_new_t2amps_aa.f): compiling at 16:31:10
lsccresp(form_new_t2amps_ab.F): processing
lsccresp(form_new_t2amps_ab.f): compiling at 16:31:11
lsccresp(form_t1.F): processing
lsccresp(form_t1.f): compiling at 16:31:11
lsccresp(form_vv_aa.F): processing
lsccresp(form_vv_aa.f): compiling at 16:31:11
lsccresp(form_vv_ab.F): processing
lsccresp(form_vv_ab.f): compiling at 16:31:11
lsccresp(form_vv.F): processing
lsccresp(form_vv.f): compiling at 16:31:12
lsccresp(form_vvoo_aa.F): processing
lsccresp(form_vvoo_aa.f): compiling at 16:31:12
lsccresp(form_vvoo_ab.F): processing
lsccresp(form_vvoo_ab.f): compiling at 16:31:12
lsccresp(get_2ndord_t1.F): processing
lsccresp(get_2ndord_t1.f): compiling at 16:31:12
lsccresp(get_energy.F): processing
lsccresp(get_energy.f): compiling at 16:31:13
lsccresp(get_mbpt2_dens.F): processing
lsccresp(get_mbpt2_dens.f): compiling at 16:31:13
lsccresp(get_mbpt2_nos.F): processing
lsccresp(get_mbpt2_nos.f): compiling at 16:31:13
lsccresp(get_mbpt2_t2s.F): processing
lsccresp(get_mbpt2_t2s.f): compiling at 16:31:13
lsccresp(lsccresp_driver.F): processing
lsccresp(lsccresp_driver.f): compiling at 16:31:14
lsccresp(lsccresp_main.F): processing
lsccresp(lsccresp_main.f): compiling at 16:31:14
lsccresp(prep_scfmos.F): processing
lsccresp(prep_scfmos.f): compiling at 16:31:14
lsccresp(rebuilt_intms.F): processing
lsccresp(rebuilt_intms.f): compiling at 16:31:14
lsccresp(screen_mbpt2_nos.F): processing
lsccresp(screen_mbpt2_nos.f): compiling at 16:31:14
lsccresp(t2t1_aa1.F): processing
lsccresp(t2t1_aa1.f): compiling at 16:31:15
lsccresp(t2t1_aa2.F): processing
lsccresp(t2t1_aa2.f): compiling at 16:31:15
lsccresp(t2t1_ab1.F): processing
lsccresp(t2t1_ab1.f): compiling at 16:31:15
lsccresp(t2t1_ab2.F): processing
lsccresp(t2t1_ab2.f): compiling at 16:31:15
lsccresp(trans.F): processing
lsccresp(trans.f): compiling at 16:31:15
lsccresp(transform_2index.F): processing
lsccresp(transform_2index.f): compiling at 16:31:16
lsccresp(transform_4index_aa.F): processing
lsccresp(transform_4index_aa.f): compiling at 16:31:16
lsccresp(transform_4index_ab.F): processing
lsccresp(transform_4index_ab.f): compiling at 16:31:16
lsccresp(trans_oo_aa.F): processing
lsccresp(trans_oo_aa.f): compiling at 16:31:16
lsccresp(trans_oo_ab.F): processing
lsccresp(trans_oo_ab.f): compiling at 16:31:17
lsccresp(trans_vv_aa.F): processing
lsccresp(trans_vv_aa.f): compiling at 16:31:17
lsccresp(trans_vv_ab.F): processing
lsccresp(trans_vv_ab.f): compiling at 16:31:17

Object files are up-to-date.

Archiving objects

Linking binary
Stripping binary if necessary

Installing the library as:
   /home/perera/Develop/lib/liblsccresp.a

The installed library is up-to-date.

Installing the binary as:
   /home/perera/Develop/bin/xlsccresp

The installed binary is up-to-date.
gmake[1]: Leaving directory '/home/perera/Develop/ACESII_build/lsccresp'
gmake[1]: Entering directory '/home/perera/Develop/ACESII_build/a3ecp'
a3ecp(aces_to_erd.F): processing
a3ecp(aces_to_erd.f): compiling at 16:31:19
a3ecp(chrges.F): processing
a3ecp(chrges.f): compiling at 16:31:19
a3ecp(compute_1dernai_integrals.F): processing
a3ecp(compute_1dernai_integrals.f): compiling at 16:31:20
a3ecp(compute_2cent_fld_grad.F): processing
a3ecp(compute_2cent_fld_grad.f): compiling at 16:31:20
a3ecp(compute_2cent_integrals_SOI.F): processing
a3ecp(compute_2cent_integrals_SOI.f): compiling at 16:31:20
a3ecp(compute_2dernai_integrals.F): processing
a3ecp(compute_2dernai_integrals.f): compiling at 16:31:20
a3ecp(compute_2dernai_pvp_integrals.F): processing
a3ecp(compute_2dernai_pvp_integrals.f): compiling at 16:31:21
a3ecp(compute_4cent_dshield_integrals.F): processing
a3ecp(compute_4cent_dshield_integrals.f): compiling at 16:31:21
a3ecp(compute_4cent_integrals.F): processing
a3ecp(compute_4cent_integrals.f): compiling at 16:31:21
a3ecp(compute_4cent_integrals_SOI.F): processing
a3ecp(compute_4cent_integrals_SOI.f): compiling at 16:31:22
a3ecp(compute_4cent_spnspn_cping_integrals.F): processing
a3ecp(compute_4cent_spnspn_cping_integrals.f): compiling at 16:31:22
a3ecp(compute_angmom_integrals.F): processing
a3ecp(compute_angmom_integrals.f): compiling at 16:31:22
a3ecp(compute_delta_integrals.F): processing
a3ecp(compute_delta_integrals.f): compiling at 16:31:23
a3ecp(compute_dshield_integrals.F): processing
a3ecp(compute_dshield_integrals.f): compiling at 16:31:23
a3ecp(compute_efield_integrals.F): processing
a3ecp(compute_efield_integrals.f): compiling at 16:31:23
a3ecp(compute_efield_integrals_test.F): processing
a3ecp(compute_efield_integrals_test.f): compiling at 16:31:24
a3ecp(compute_kin_integrals.F): processing
a3ecp(compute_kin_integrals.f): compiling at 16:31:24
a3ecp(compute_nattrac_integrals.F): processing
a3ecp(compute_nattrac_integrals.f): compiling at 16:31:24
a3ecp(compute_pvp_integrals.F): processing
a3ecp(compute_pvp_integrals.f): compiling at 16:31:24
a3ecp(erd_scratch_mem_calc.F): processing
a3ecp(erd_scratch_mem_calc.f): compiling at 16:31:25
a3ecp(int_gen_init.F): processing
a3ecp(int_gen_init.f): compiling at 16:31:25
a3ecp(lookup_shell.F): processing
a3ecp(lookup_shell.f): compiling at 16:31:25
a3ecp(main.F): processing
a3ecp(main.f): compiling at 16:31:25
a3ecp(molread.F): processing
a3ecp(molread.f): compiling at 16:31:26
a3ecp(move_integrals.F): processing
a3ecp(move_integrals.f): compiling at 16:31:26
a3ecp(perform_numder.F): processing
a3ecp(perform_numder.f): compiling at 16:31:26
a3ecp(rescale_2ints.F): processing
a3ecp(rescale_2ints.f): compiling at 16:31:27
a3ecp(rescale_ints.F): processing
a3ecp(rescale_ints.f): compiling at 16:31:27
a3ecp(set_lmn_delta.F): processing
a3ecp(set_lmn_delta.f): compiling at 16:31:27
a3ecp(geometry.f): compiling at 16:31:27
a3ecp(gustav.f): compiling at 16:31:28
a3ecp(pack_coeffs.f): compiling at 16:31:28
a3ecp(pack_coeffs_oed.f): compiling at 16:31:28
a3ecp(setup_ccbeg.f): compiling at 16:31:28

Object files are up-to-date.

Archiving objects

Linking binary
Stripping binary if necessary

Installing the library as:
   /home/perera/Develop/lib/liba3ecp.a

The installed library is up-to-date.

Installing the binary as:
   /home/perera/Develop/bin/xa3ecp

The installed binary is up-to-date.
gmake[1]: Leaving directory '/home/perera/Develop/ACESII_build/a3ecp'
gmake[1]: Entering directory '/home/perera/Develop/ACESII_build/vea'
vea(check_ab2aa.F): processing
vea(check_ab2aa.f): compiling at 16:31:29
vea(check_eavecs.F): processing
vea(check_eavecs.f): compiling at 16:31:30
vea(diagr.F): processing
vea(diagr.f): compiling at 16:31:30
vea(updlsts2.F): processing
vea(updlsts2.f): compiling at 16:31:30
vea(addoneh.f): compiling at 16:31:30
vea(afterrg.f): compiling at 16:31:30
vea(analea.f): compiling at 16:31:30
vea(analexci.f): compiling at 16:31:31
vea(assymall.f): compiling at 16:31:31
vea(augmentr.f): compiling at 16:31:31
vea(builtdir.f): compiling at 16:31:31
vea(calcexcp.f): compiling at 16:31:31
vea(calch0.f): compiling at 16:31:31
vea(checkea.f): compiling at 16:31:32
vea(comparem.f): compiling at 16:31:32
vea(crealist.f): compiling at 16:31:32
vea(diagea.f): compiling at 16:31:32
vea(dualres.f): compiling at 16:31:32
vea(eadavid.f): compiling at 16:31:32
vea(eadir.f): compiling at 16:31:32
vea(eaeom.f): compiling at 16:31:33
vea(eigdav.f): compiling at 16:31:33
vea(exitea.f): compiling at 16:31:33
vea(fndclose.f): compiling at 16:31:33
vea(fndleft.f): compiling at 16:31:33
vea(fndmaxd.f): compiling at 16:31:33
vea(fndmaxs.f): compiling at 16:31:33
vea(fndmine.f): compiling at 16:31:33
vea(forms.f): compiling at 16:31:34
vea(formw1.f): compiling at 16:31:34
vea(getalls2.f): compiling at 16:31:34
vea(getexp2.f): compiling at 16:31:34
vea(getlen2.f): compiling at 16:31:34
vea(getlen.f): compiling at 16:31:34
vea(getnea.f): compiling at 16:31:34
vea(gschmidt.f): compiling at 16:31:35
vea(gsorthog.f): compiling at 16:31:35
vea(hbarabcd.f): compiling at 16:31:35
vea(initdav.f): compiling at 16:31:35
vea(initea.f): compiling at 16:31:35
vea(initleft.f): compiling at 16:31:35
vea(initnumr.f): compiling at 16:31:35
vea(lefts1.f): compiling at 16:31:36
vea(loads.f): compiling at 16:31:36
vea(modaibc.f): compiling at 16:31:36
vea(modf.f): compiling at 16:31:36
vea(modhbar.f): compiling at 16:31:36
vea(modwphph.f): compiling at 16:31:36
vea(newlist.f): compiling at 16:31:36
vea(normaliz.f): compiling at 16:31:36
vea(norml.f): compiling at 16:31:37
vea(normvec.f): compiling at 16:31:37
vea(ordered.f): compiling at 16:31:37
vea(printall.f): compiling at 16:31:37
vea(prints.f): compiling at 16:31:37
vea(printt1.f): compiling at 16:31:37
vea(printw.f): compiling at 16:31:37
vea(prmains.f): compiling at 16:31:37
vea(projects.f): compiling at 16:31:38
vea(putalls2.f): compiling at 16:31:38
vea(puts.f): compiling at 16:31:38
vea(putsqz.f): compiling at 16:31:38
vea(reform.f): compiling at 16:31:38
vea(resvec.f): compiling at 16:31:38
vea(s1ppphs2.f): compiling at 16:31:38
vea(s1pps1.f): compiling at 16:31:38
vea(s1uhps2.f): compiling at 16:31:39
vea(s2con3s2.f): compiling at 16:31:39
vea(s2hpphs2.f): compiling at 16:31:39
vea(s2phphs2.f): compiling at 16:31:39
vea(s2phpps1.f): compiling at 16:31:39
vea(s2pppps2.f): compiling at 16:31:39
vea(s2uhps1.f): compiling at 16:31:40
vea(setzero.f): compiling at 16:31:40
vea(singtrip.f): compiling at 16:31:40
vea(spntsing.f): compiling at 16:31:40
vea(tablea.f): compiling at 16:31:40
vea(trnspace.f): compiling at 16:31:40
vea(truncate.f): compiling at 16:31:40
vea(vecdiv2.f): compiling at 16:31:40
vea(w1aa.f): compiling at 16:31:41
vea(w1ab.f): compiling at 16:31:41

Object files are up-to-date.

Archiving objects

Linking binary
Stripping binary if necessary

Installing the library as:
   /home/perera/Develop/lib/libvea.a

The installed library is up-to-date.

Installing the binary as:
   /home/perera/Develop/bin/xvea

The installed binary is up-to-date.
gmake[1]: Leaving directory '/home/perera/Develop/ACESII_build/vea'
gmake[1]: Entering directory '/home/perera/Develop/ACESII_build/ringcc'
ringcc(check_rhf_rcc.F): processing
ringcc(check_rhf_rcc.f): compiling at 16:31:42
ringcc(check_t2.F): processing
ringcc(check_t2.f): compiling at 16:31:43
ringcc(cntrct.F): processing
ringcc(cntrct.f): compiling at 16:31:43
ringcc(drcc_dwmbej.F): processing
ringcc(drcc_dwmbej.f): compiling at 16:31:43
ringcc(drcc_initin.F): processing
ringcc(drcc_initin.f): compiling at 16:31:43
ringcc(drcc_tener.F): processing
ringcc(drcc_tener.f): compiling at 16:31:44
ringcc(rcc_abij_4rhf.F): processing
ringcc(rcc_abij_4rhf.f): compiling at 16:31:44
ringcc(rcc_abtoaa.F): processing
ringcc(rcc_abtoaa.f): compiling at 16:31:44
ringcc(rcc_ampsum.F): processing
ringcc(rcc_ampsum.f): compiling at 16:31:44
ringcc(rcc_check_sym.F): processing
ringcc(rcc_check_sym.f): compiling at 16:31:44
ringcc(rcc_cmpeng.F): processing
ringcc(rcc_cmpeng.f): compiling at 16:31:45
ringcc(rcc_cntrct.F): processing
ringcc(rcc_cntrct.f): compiling at 16:31:45
ringcc(rcc_dodiis0.F): processing
ringcc(rcc_dodiis0.f): compiling at 16:31:45
ringcc(rcc_dorng.F): processing
ringcc(rcc_dorng.f): compiling at 16:31:45
ringcc(rcc_drive_d2t2.F): processing
ringcc(rcc_drive_d2t2.f): compiling at 16:31:46
ringcc(rcc_driver.F): processing
ringcc(rcc_driver.f): compiling at 16:31:46
ringcc(rcc_dwmbej.F): processing
ringcc(rcc_dwmbej.f): compiling at 16:31:46
ringcc(rcc_expand.F): processing
ringcc(rcc_expand.f): compiling at 16:31:46
ringcc(rcc_finish.F): processing
ringcc(rcc_finish.f): compiling at 16:31:47
ringcc(rcc_genint.F): processing
ringcc(rcc_genint.f): compiling at 16:31:47
ringcc(rcc_initin.F): processing
ringcc(rcc_initin.f): compiling at 16:31:47
ringcc(rcc_main.F): processing
ringcc(rcc_main.f): compiling at 16:31:47
ringcc(rcc_make_d2.F): processing
ringcc(rcc_make_d2.f): compiling at 16:31:47
ringcc(rcc_make_t2.F): processing
ringcc(rcc_make_t2.f): compiling at 16:31:48
ringcc(rcc_newt2.F): processing
ringcc(rcc_newt2.f): compiling at 16:31:48
ringcc(rcc_pckind.F): processing
ringcc(rcc_pckind.f): compiling at 16:31:48
ringcc(rcc_rhf_cmpeng.F): processing
ringcc(rcc_rhf_cmpeng.f): compiling at 16:31:48
ringcc(rcc_rnabij.F): processing
ringcc(rcc_rnabij.f): compiling at 16:31:48
ringcc(rcc_rng_4rhf_rccd.F): processing
ringcc(rcc_rng_4rhf_rccd.f): compiling at 16:31:49
ringcc(rcc_rngdrv.F): processing
ringcc(rcc_rngdrv.f): compiling at 16:31:49
ringcc(rcc_rng.F): processing
ringcc(rcc_rng.f): compiling at 16:31:49
ringcc(rcc_rngprd.F): processing
ringcc(rcc_rngprd.f): compiling at 16:31:49
ringcc(rcc_setlst.F): processing
ringcc(rcc_setlst.f): compiling at 16:31:49
ringcc(rcc_setmet.F): processing
ringcc(rcc_setmet.f): compiling at 16:31:50
ringcc(rcc_sortt2.F): processing
ringcc(rcc_sortt2.f): compiling at 16:31:50
ringcc(rcc_sst003.F): processing
ringcc(rcc_sst003.f): compiling at 16:31:50
ringcc(rcc_sst03i.F): processing
ringcc(rcc_sst03i.f): compiling at 16:31:50
ringcc(rcc_sumrng.F): processing
ringcc(rcc_sumrng.f): compiling at 16:31:50
ringcc(rcc_tener1.F): processing
ringcc(rcc_tener1.f): compiling at 16:31:51
ringcc(rcc_tener.F): processing
ringcc(rcc_tener.f): compiling at 16:31:51
ringcc(rcc_topt2s.F): processing
ringcc(rcc_topt2s.f): compiling at 16:31:51
ringcc(rcc_trp_cntrct.F): processing
ringcc(rcc_trp_cntrct.f): compiling at 16:31:51

Object files are up-to-date.

Archiving objects

Linking binary
Stripping binary if necessary

Installing the library as:
   /home/perera/Develop/lib/libringcc.a

The installed library is up-to-date.

Installing the binary as:
   /home/perera/Develop/bin/xringcc

The installed binary is up-to-date.
gmake[1]: Leaving directory '/home/perera/Develop/ACESII_build/ringcc'
gmake[1]: Entering directory '/home/perera/Develop/ACESII_build/gamess'
gamess(gamess.F): processing
gamess(gamess.f): compiling at 16:31:53
gamess(grad1.F): processing
gamess(grad1.f): compiling at 16:31:55
gamess(grad2.F): processing
gamess(grad2.f): compiling at 16:31:57
gamess(INTER.F): processing
gamess(INTER.f): compiling at 16:32:01
gamess(INTER_grad1.F): processing
gamess(INTER_grad1.f): compiling at 16:32:02
gamess(INTER_grad.F): processing
gamess(INTER_grad.f): compiling at 16:32:02
gamess(mpi.F): processing
gamess(mpi.f): compiling at 16:32:03
gamess(tools.F): processing
gamess(tools.f): compiling at 16:32:03
gamess(vector.F): processing
gamess(vector.f): compiling at 16:32:03

Object files are up-to-date.

Archiving objects

Installing the library as:
   /home/perera/Develop/lib/libgamess.a

The installed library is up-to-date.

BUILDBIN is negative so the binary is not installed.
gmake[1]: Leaving directory '/home/perera/Develop/ACESII_build/gamess'
gmake[1]: Entering directory '/home/perera/Develop/ACESII_build/sbtools'
sbtools(callstack.F): processing
sbtools(callstack.f): compiling at 16:32:07
sbtools(ks_com_mol.F): processing
sbtools(ks_com_mol.f): compiling at 16:32:07
sbtools(ks_io_init.F): processing
sbtools(ks_io_init.f): compiling at 16:32:07
sbtools(ks_mem_fin.F): processing
sbtools(ks_mem_fin.f): compiling at 16:32:07
sbtools(ks_mem_init.F): processing
sbtools(ks_mem_init.f): compiling at 16:32:07
sbtools(mat_trans.F): processing
sbtools(mat_trans.f): compiling at 16:32:07
sbtools(mat_trans_sqr_sqr.F): processing
sbtools(mat_trans_sqr_sqr.f): compiling at 16:32:08
sbtools(mat_trans_sqr_tri.F): processing
sbtools(mat_trans_sqr_tri.f): compiling at 16:32:08
sbtools(mat_trans_tri_sqr.F): processing
sbtools(mat_trans_tri_sqr.f): compiling at 16:32:08
sbtools(memleft.F): processing
sbtools(memleft.f): compiling at 16:32:08
sbtools(nl_ele.F): processing
sbtools(nl_ele.f): compiling at 16:32:08
sbtools(nl_init.F): processing
sbtools(nl_init.f): compiling at 16:32:08
sbtools(nl_int.F): processing
sbtools(nl_int.f): compiling at 16:32:08
sbtools(nl_key.F): processing
sbtools(nl_key.f): compiling at 16:32:09
sbtools(nl_log.F): processing
sbtools(nl_log.f): compiling at 16:32:09
sbtools(nl_prtbot.F): processing
sbtools(nl_prtbot.f): compiling at 16:32:09
sbtools(nl_prttop.F): processing
sbtools(nl_prttop.f): compiling at 16:32:09
sbtools(nl_real.F): processing
sbtools(nl_real.f): compiling at 16:32:09
sbtools(nl_str.F): processing
sbtools(nl_str.f): compiling at 16:32:09
sbtools(nl_term.F): processing
sbtools(nl_term.f): compiling at 16:32:09
sbtools(relptr.F): processing
sbtools(relptr.f): compiling at 16:32:10
sbtools(sb_basis.F): processing
sbtools(sb_basis.f): compiling at 16:32:10
sbtools(sb_bd_vmol.F): processing
sbtools(sb_bd_vmol.f): compiling at 16:32:10
sbtools(sb_com_mol.F): processing
sbtools(sb_com_mol.f): compiling at 16:32:10
sbtools(sb_com_symm2_ks.F): processing
sbtools(sb_com_symm2_ks.f): compiling at 16:32:10
sbtools(sb_io_fin.F): processing
sbtools(sb_io_fin.f): compiling at 16:32:10
sbtools(sb_io_init.F): processing
sbtools(sb_io_init.f): compiling at 16:32:10
sbtools(sb_mem_fin.F): processing
sbtools(sb_mem_fin.f): compiling at 16:32:10
sbtools(sb_mem_init.F): processing
sbtools(sb_mem_init.f): compiling at 16:32:11
sbtools(sb_prim.F): processing
sbtools(sb_prim.f): compiling at 16:32:11
sbtools(sb_removedummy.F): processing
sbtools(sb_removedummy.f): compiling at 16:32:11
sbtools(setptr.F): processing
sbtools(setptr.f): compiling at 16:32:11
sbtools(delspc.f): compiling at 16:32:11
sbtools(fcindex.f): compiling at 16:32:11
sbtools(findex.f): compiling at 16:32:11
sbtools(list_next_ele.f): compiling at 16:32:11
sbtools(list_next_int.f): compiling at 16:32:12
sbtools(list_next_num.f): compiling at 16:32:12
sbtools(list_prev_ele.f): compiling at 16:32:12
sbtools(list_prev_int.f): compiling at 16:32:12
sbtools(list_prev_num.f): compiling at 16:32:12
sbtools(mat_minmax.f): compiling at 16:32:12
sbtools(mat_print.f): compiling at 16:32:12
sbtools(mat_print_sub.f): compiling at 16:32:12
sbtools(mat_print_tri.f): compiling at 16:32:12
sbtools(mat_print_tri_sub.f): compiling at 16:32:12
sbtools(mat_reorder.f): compiling at 16:32:13
sbtools(ncindex.f): compiling at 16:32:13
sbtools(nindex.f): compiling at 16:32:13
sbtools(str2dbl.f): compiling at 16:32:13
sbtools(str2int.f): compiling at 16:32:13
sbtools(streq.f): compiling at 16:32:13
sbtools(strlen.f): compiling at 16:32:13
sbtools(upcase.f): compiling at 16:32:13

Object files are up-to-date.

Archiving objects

Installing the library as:
   /home/perera/Develop/lib/libsbtools.a

The installed library is up-to-date.

BUILDBIN is negative so the binary is not installed.
gmake[1]: Leaving directory '/home/perera/Develop/ACESII_build/sbtools'
gmake[1]: Entering directory '/home/perera/Develop/ACESII_build/intgrt'
intgrt(abcd.F): processing
intgrt(abcd.f): compiling at 16:32:14
intgrt(anlytc.F): processing
intgrt(anlytc.f): compiling at 16:32:14
intgrt(crtgrid.F): processing
intgrt(crtgrid.f): compiling at 16:32:14
intgrt(dintproc.F): processing
intgrt(dintproc.f): compiling at 16:32:14
intgrt(exchange.F): processing
intgrt(exchange.f): compiling at 16:32:15
intgrt(final_check.F): processing
intgrt(final_check.f): compiling at 16:32:15
intgrt(findmo.F): processing
intgrt(findmo.f): compiling at 16:32:15
intgrt(fixv.F): processing
intgrt(fixv.f): compiling at 16:32:15
intgrt(func_corr_lsd2.F): processing
intgrt(func_corr_lsd2.f): compiling at 16:32:16
intgrt(func_corr_lyp.F): processing
intgrt(func_corr_lyp.f): compiling at 16:32:16
intgrt(func_corr_pbe.F): processing
intgrt(func_corr_pbe.f): compiling at 16:32:16
intgrt(func_corr_pw91.F): processing
intgrt(func_corr_pw91.f): compiling at 16:32:16
intgrt(func_corr_vwn.F): processing
intgrt(func_corr_vwn.f): compiling at 16:32:16
intgrt(func_corr_wi.F): processing
intgrt(func_corr_wi.f): compiling at 16:32:16
intgrt(func_corr_wl.F): processing
intgrt(func_corr_wl.f): compiling at 16:32:17
intgrt(func_exch_becke.F): processing
intgrt(func_exch_becke.f): compiling at 16:32:17
intgrt(func_exch_lda.F): processing
intgrt(func_exch_lda.f): compiling at 16:32:17
intgrt(func_exch_pbe.F): processing
intgrt(func_exch_pbe.f): compiling at 16:32:17
intgrt(func_exch_pw91.F): processing
intgrt(func_exch_pw91.f): compiling at 16:32:17
intgrt(fuzzy.F): processing
intgrt(fuzzy.f): compiling at 16:32:17
intgrt(gtao.F): processing
intgrt(gtao.f): compiling at 16:32:18
intgrt(initgrid.F): processing
intgrt(initgrid.f): compiling at 16:32:18
intgrt(initintgrt.F): processing
intgrt(initintgrt.f): compiling at 16:32:18
intgrt(initlebed.F): processing
intgrt(initlebed.f): compiling at 16:32:18
intgrt(intconst.F): processing
intgrt(intconst.f): compiling at 16:32:19
intgrt(integ_eff1.F): processing
intgrt(integ_eff1.f): compiling at 16:32:19
intgrt(integ.F): processing
intgrt(integ.f): compiling at 16:32:19
intgrt(integint.F): processing
intgrt(integint.f): compiling at 16:32:19
intgrt(integxc.F): processing
intgrt(integxc.f): compiling at 16:32:20
intgrt(intgrt.F): processing
intgrt(intgrt.f): compiling at 16:32:20
intgrt(int_occupy.F): processing
intgrt(int_occupy.f): compiling at 16:32:20
intgrt(intpath.F): processing
intgrt(intpath.f): compiling at 16:32:20
intgrt(ker_corr_vwn.F): processing
intgrt(ker_corr_vwn.f): compiling at 16:32:21
intgrt(ker_exch_lda.F): processing
intgrt(ker_exch_lda.f): compiling at 16:32:21
intgrt(mat_trans.F): processing
intgrt(mat_trans.f): compiling at 16:32:21
intgrt(mkdens.F): processing
intgrt(mkdens.f): compiling at 16:32:21
intgrt(mknatden.F): processing
intgrt(mknatden.f): compiling at 16:32:21
intgrt(nocc2occup.F): processing
intgrt(nocc2occup.f): compiling at 16:32:21
intgrt(numinteff.F): processing
intgrt(numinteff.f): compiling at 16:32:22
intgrt(numintint.F): processing
intgrt(numintint.f): compiling at 16:32:22
intgrt(oct.F): processing
intgrt(oct.f): compiling at 16:32:22
intgrt(ordlst.F): processing
intgrt(ordlst.f): compiling at 16:32:22
intgrt(perdew_corr_lib.F): processing
intgrt(perdew_corr_lib.f): compiling at 16:32:23
intgrt(perdew_exch_lib.F): processing
intgrt(perdew_exch_lib.f): compiling at 16:32:23
intgrt(plusminus.F): processing
intgrt(plusminus.f): compiling at 16:32:23
intgrt(pot_corr_lsd2.F): processing
intgrt(pot_corr_lsd2.f): compiling at 16:32:23
intgrt(pot_corr_lyp.F): processing
intgrt(pot_corr_lyp.f): compiling at 16:32:23
intgrt(pot_corr_pbe.F): processing
intgrt(pot_corr_pbe.f): compiling at 16:32:24
intgrt(pot_corr_pw91.F): processing
intgrt(pot_corr_pw91.f): compiling at 16:32:24
intgrt(pot_corr_vwn.F): processing
intgrt(pot_corr_vwn.f): compiling at 16:32:24
intgrt(pot_exch_becke.F): processing
intgrt(pot_exch_becke.f): compiling at 16:32:24
intgrt(pot_exch_lda.F): processing
intgrt(pot_exch_lda.f): compiling at 16:32:24
intgrt(pot_exch_pbe.F): processing
intgrt(pot_exch_pbe.f): compiling at 16:32:25
intgrt(pot_exch_pw91.F): processing
intgrt(pot_exch_pw91.f): compiling at 16:32:25
intgrt(primvec.F): processing
intgrt(primvec.f): compiling at 16:32:25
intgrt(primvecint.F): processing
intgrt(primvecint.f): compiling at 16:32:25
intgrt(rdradgrd.F): processing
intgrt(rdradgrd.f): compiling at 16:32:25
intgrt(setinteg.F): processing
intgrt(setinteg.f): compiling at 16:32:26
intgrt(setintpath.F): processing
intgrt(setintpath.f): compiling at 16:32:26
intgrt(setnumint.F): processing
intgrt(setnumint.f): compiling at 16:32:26
intgrt(setupgrd.F): processing
intgrt(setupgrd.f): compiling at 16:32:26
intgrt(stretch.F): processing
intgrt(stretch.f): compiling at 16:32:26
intgrt(symcntr.F): processing
intgrt(symcntr.f): compiling at 16:32:27
intgrt(symoct.F): processing
intgrt(symoct.f): compiling at 16:32:27
intgrt(tfkef.F): processing
intgrt(tfkef.f): compiling at 16:32:27
intgrt(wkef.F): processing
intgrt(wkef.f): compiling at 16:32:27
intgrt(corlsd.f): compiling at 16:32:27
intgrt(corpbe.f): compiling at 16:32:27
intgrt(corpw91.f): compiling at 16:32:27
intgrt(exchpbe.f): compiling at 16:32:28
intgrt(exchpw91.f): compiling at 16:32:28
intgrt(findao.f): compiling at 16:32:28
intgrt(gcor2.f): compiling at 16:32:28
intgrt(gcor.f): compiling at 16:32:28
intgrt(vecprd_pra.f): compiling at 16:32:28

Object files are up-to-date.

Archiving objects

Linking binary
Stripping binary if necessary

Installing the library as:
   /home/perera/Develop/lib/libintgrt.a

The installed library is up-to-date.

Installing the binary as:
   /home/perera/Develop/bin/xintgrt

The installed binary is up-to-date.
gmake[1]: Leaving directory '/home/perera/Develop/ACESII_build/intgrt'
gmake[1]: Entering directory '/home/perera/Develop/ACESII_build/oeptools'
oeptools(asv_atoi.F): processing
oeptools(asv_atoi.f): compiling at 16:32:30
oeptools(asv_get_token.F): processing
oeptools(asv_get_token.f): compiling at 16:32:30
oeptools(asv_parse_list.F): processing
oeptools(asv_parse_list.f): compiling at 16:32:30
oeptools(asv_strlen.F): processing
oeptools(asv_strlen.f): compiling at 16:32:30
oeptools(asv_update_boolean.F): processing
oeptools(asv_update_boolean.f): compiling at 16:32:30
oeptools(asv_update_integer.F): processing
oeptools(asv_update_integer.f): compiling at 16:32:30
oeptools(asv_update_keyword.F): processing
oeptools(asv_update_keyword.f): compiling at 16:32:30
oeptools(asv_update_string.F): processing
oeptools(asv_update_string.f): compiling at 16:32:31
oeptools(griddengra.F): processing
oeptools(griddengra.f): compiling at 16:32:31
oeptools(griddenval.F): processing
oeptools(griddenval.f): compiling at 16:32:31
oeptools(gridlebedev.F): processing
oeptools(gridlebedev.f): compiling at 16:32:31
oeptools(gridnucatt.F): processing
oeptools(gridnucatt.f): compiling at 16:32:31
oeptools(gridprmgra.F): processing
oeptools(gridprmgra.f): compiling at 16:32:31
oeptools(gridprmhes.F): processing
oeptools(gridprmhes.f): compiling at 16:32:32
oeptools(gridprmval.F): processing
oeptools(gridprmval.f): compiling at 16:32:32
oeptools(gridradial.F): processing
oeptools(gridradial.f): compiling at 16:32:32
oeptools(gridslat.F): processing
oeptools(gridslat.f): compiling at 16:32:32
oeptools(nucatt.F): processing
oeptools(nucatt.f): compiling at 16:32:32
oeptools(numintslat.F): processing
oeptools(numintslat.f): compiling at 16:32:32
oeptools(oep1enr.F): processing
oeptools(oep1enr.f): compiling at 16:32:32
oeptools(oep1homo.F): processing
oeptools(oep1homo.f): compiling at 16:32:33
oeptools(oep1ints.F): processing
oeptools(oep1ints.f): compiling at 16:32:33
oeptools(oep1iter.F): processing
oeptools(oep1iter.f): compiling at 16:32:33
oeptools(oep1rhs.F): processing
oeptools(oep1rhs.f): compiling at 16:32:33
oeptools(oep2ints.F): processing
oeptools(oep2ints.f): compiling at 16:32:33
oeptools(oep2iter.F): processing
oeptools(oep2iter.f): compiling at 16:32:34
oeptools(oep2rhs.F): processing
oeptools(oep2rhs.f): compiling at 16:32:34
oeptools(oepao2mo.F): processing
oeptools(oepao2mo.f): compiling at 16:32:34
oeptools(oepenrcom.F): processing
oeptools(oepenrcom.f): compiling at 16:32:34
oeptools(oepenrscl.F): processing
oeptools(oepenrscl.f): compiling at 16:32:35
oeptools(oepfiachk.F): processing
oeptools(oepfiachk.f): compiling at 16:32:35
oeptools(oepfiaitr.F): processing
oeptools(oepfiaitr.f): compiling at 16:32:35
oeptools(oepini.F): processing
oeptools(oepini.f): compiling at 16:32:35
oeptools(oepinttrn.F): processing
oeptools(oepinttrn.f): compiling at 16:32:35
oeptools(oeplindep.F): processing
oeptools(oeplindep.f): compiling at 16:32:36
oeptools(oepmkener.F): processing
oeptools(oepmkener.f): compiling at 16:32:36
oeptools(oeportbas.F): processing
oeptools(oeportbas.f): compiling at 16:32:36
oeptools(oeprefham.F): processing
oeptools(oeprefham.f): compiling at 16:32:36
oeptools(oepresinv.F): processing
oeptools(oepresinv.f): compiling at 16:32:36
oeptools(oepsemcan.F): processing
oeptools(oepsemcan.f): compiling at 16:32:36
oeptools(oeptimer.F): processing
oeptools(oeptimer.f): compiling at 16:32:37
oeptools(oepwfiaitr.F): processing
oeptools(oepwfiaitr.f): compiling at 16:32:37
oeptools(prm2vmol.F): processing
oeptools(prm2vmol.f): compiling at 16:32:37
oeptools(rdbasis.F): processing
oeptools(rdbasis.f): compiling at 16:32:37
oeptools(rdprim.F): processing
oeptools(rdprim.f): compiling at 16:32:37
oeptools(readdens.F): processing
oeptools(readdens.f): compiling at 16:32:37
oeptools(reordsph.F): processing
oeptools(reordsph.f): compiling at 16:32:37
oeptools(rmdummy.F): processing
oeptools(rmdummy.f): compiling at 16:32:38
oeptools(scfenrcom.F): processing
oeptools(scfenrcom.f): compiling at 16:32:38
oeptools(setangfct.F): processing
oeptools(setangfct.f): compiling at 16:32:38
oeptools(slater.F): processing
oeptools(slater.f): compiling at 16:32:38
oeptools(triblock.F): processing
oeptools(triblock.f): compiling at 16:32:38
oeptools(xc_pbe.F): processing
oeptools(xc_pbe.f): compiling at 16:32:38

Object files are up-to-date.

Archiving objects

Installing the library as:
   /home/perera/Develop/lib/liboeptools.a

The installed library is up-to-date.

BUILDBIN is negative so the binary is not installed.
gmake[1]: Leaving directory '/home/perera/Develop/ACESII_build/oeptools'
gmake[1]: Entering directory '/home/perera/Develop/ACESII_build/molcas'
molcas(clsord.f): compiling at 16:32:39
molcas(finish.f): compiling at 16:32:39
molcas(opnord.f): compiling at 16:32:39
molcas(qenter.f): compiling at 16:32:39
molcas(qexit.f): compiling at 16:32:39
molcas(rdord.f): compiling at 16:32:39
molcas(square.f): compiling at 16:32:39
molcas(start.f): compiling at 16:32:39
molcas(sysinf.f): compiling at 16:32:39

Object files are up-to-date.

Archiving objects

Installing the library as:
   /home/perera/Develop/lib/libmolcas.a

The installed library is up-to-date.

BUILDBIN is negative so the binary is not installed.
gmake[1]: Leaving directory '/home/perera/Develop/ACESII_build/molcas'
gmake[1]: Entering directory '/home/perera/Develop/ACESII_build/cse'
cse(augment_ts.F): processing
cse(augment_ts.f): compiling at 16:32:40
cse(built_frac_fock_mo.F): processing
cse(built_frac_fock_mo.f): compiling at 16:32:40
cse(built_jacobi.F): processing
cse(built_jacobi.f): compiling at 16:32:40
cse(check_hbar.F): processing
cse(check_hbar.f): compiling at 16:32:40
cse(cse_control.F): processing
cse(cse_control.f): compiling at 16:32:41
cse(cse_driver.F): processing
cse(cse_driver.f): compiling at 16:32:41
cse(cse_main.F): processing
cse(cse_main.f): compiling at 16:32:41
cse(dens_frmt1.F): processing
cse(dens_frmt1.f): compiling at 16:32:41
cse(diag_oneh.F): processing
cse(diag_oneh.f): compiling at 16:32:41
cse(dump_amps.F): processing
cse(dump_amps.f): compiling at 16:32:42
cse(energy_frmt1.F): processing
cse(energy_frmt1.f): compiling at 16:32:42
cse(fae_int1.F): processing
cse(fae_int1.f): compiling at 16:32:42
cse(fae_int2.F): processing
cse(fae_int2.f): compiling at 16:32:42
cse(fme_int1.F): processing
cse(fme_int1.f): compiling at 16:32:42
cse(fmi_int1.F): processing
cse(fmi_int1.f): compiling at 16:32:43
cse(fmi_int2.F): processing
cse(fmi_int2.f): compiling at 16:32:43
cse(form_canonical_dens.F): processing
cse(form_canonical_dens.f): compiling at 16:32:43
cse(form_dens.F): processing
cse(form_dens.f): compiling at 16:32:43
cse(form_fae.F): processing
cse(form_fae.f): compiling at 16:32:43
cse(form_fme.F): processing
cse(form_fme.f): compiling at 16:32:44
cse(form_fmi.F): processing
cse(form_fmi.f): compiling at 16:32:44
cse(form_h1bar.F): processing
cse(form_h1bar.f): compiling at 16:32:44
cse(form_mo_fock.F): processing
cse(form_mo_fock.f): compiling at 16:32:44
cse(form_moints.F): processing
cse(form_moints.f): compiling at 16:32:44
cse(form_wmnij.F): processing
cse(form_wmnij.f): compiling at 16:32:44
cse(form_wpqrs_aaaa.F): processing
cse(form_wpqrs_aaaa.f): compiling at 16:32:45
cse(form_wpqrs_aabb.F): processing
cse(form_wpqrs_aabb.f): compiling at 16:32:45
cse(form_wpqrs_abab.F): processing
cse(form_wpqrs_abab.f): compiling at 16:32:45
cse(fpq_int1.F): processing
cse(fpq_int1.f): compiling at 16:32:45
cse(get2ints.F): processing
cse(get2ints.f): compiling at 16:32:45
cse(get_ref_energy.F): processing
cse(get_ref_energy.f): compiling at 16:32:45
cse(guesst1.F): processing
cse(guesst1.f): compiling at 16:32:46
cse(init_2abij.F): processing
cse(init_2abij.f): compiling at 16:32:46
cse(newt1_nj.F): processing
cse(newt1_nj.f): compiling at 16:32:46
cse(newt1_yj.F): processing
cse(newt1_yj.f): compiling at 16:32:46
cse(prep_fock.F): processing
cse(prep_fock.f): compiling at 16:32:46
cse(prep_oneh.F): processing
cse(prep_oneh.f): compiling at 16:32:46
cse(read_amps.F): processing
cse(read_amps.f): compiling at 16:32:47
cse(read_occnum.F): processing
cse(read_occnum.f): compiling at 16:32:47
cse(reord_eigs.F): processing
cse(reord_eigs.f): compiling at 16:32:47
cse(set_lr_norm.F): processing
cse(set_lr_norm.f): compiling at 16:32:47
cse(set_prelims.F): processing
cse(set_prelims.f): compiling at 16:32:47
cse(t1t1_int2.F): processing
cse(t1t1_int2.f): compiling at 16:32:48

BUILDLIB is negative so the library is not installed.

BUILDBIN is negative so the binary is not installed.
gmake[1]: Leaving directory '/home/perera/Develop/ACESII_build/cse'
gmake[1]: Entering directory '/home/perera/Develop/ACESII_build/vmol'
vmol(acomp.F): processing
vmol(acomp.f): compiling at 16:32:48
vmol(clcnrxlft.F): processing
vmol(clcnrxlft.f): compiling at 16:32:49
vmol(cmpin.F): processing
vmol(cmpin.f): compiling at 16:32:49
vmol(conlor.F): processing
vmol(conlor.f): compiling at 16:32:49
vmol(conlox.F): processing
vmol(conlox.f): compiling at 16:32:49
vmol(dorbax.F): processing
vmol(dorbax.f): compiling at 16:32:50
vmol(dorbbr.F): processing
vmol(dorbbr.f): compiling at 16:32:50
vmol(drive.F): processing
vmol(drive.f): compiling at 16:32:50
vmol(excoef.F): processing
vmol(excoef.f): compiling at 16:32:50
vmol(expa.F): processing
vmol(expa.f): compiling at 16:32:51
vmol(figmem.F): processing
vmol(figmem.f): compiling at 16:32:51
vmol(harmony.F): processing
vmol(harmony.f): compiling at 16:32:51
vmol(initp.F): processing
vmol(initp.f): compiling at 16:32:51
vmol(lmul.F): processing
vmol(lmul.f): compiling at 16:32:52
vmol(loop1.F): processing
vmol(loop1.f): compiling at 16:32:52
vmol(loopn3.F): processing
vmol(loopn3.f): compiling at 16:32:52
vmol(maxmem.F): processing
vmol(maxmem.f): compiling at 16:32:52
vmol(molecu.F): processing
vmol(molecu.f): compiling at 16:32:53
vmol(onel.F): processing
vmol(onel.f): compiling at 16:32:53
vmol(onelh.F): processing
vmol(onelh.f): compiling at 16:32:53
vmol(readin.F): processing
vmol(readin.f): compiling at 16:32:54
vmol(savr.F): processing
vmol(savr.f): compiling at 16:32:55
vmol(savvr.F): processing
vmol(savvr.f): compiling at 16:32:55
vmol(set1.F): processing
vmol(set1.f): compiling at 16:32:55
vmol(twoel.F): processing
vmol(twoel.f): compiling at 16:32:55
vmol(vgamma2.F): processing
vmol(vgamma2.f): compiling at 16:32:56
vmol(collec.f): compiling at 16:32:56
vmol(expa_inner.f): compiling at 16:32:56
vmol(larm.f): compiling at 16:32:56
vmol(mvprod.f): compiling at 16:32:56
vmol(neqv.f): compiling at 16:32:56
vmol(prod.f): compiling at 16:32:56
vmol(rcon.f): compiling at 16:32:57
vmol(tgcal.f): compiling at 16:32:57
vmol(trans.f): compiling at 16:32:57
vmol(vm_move.f): compiling at 16:32:57
vmol(whenfgt.f): compiling at 16:32:57
vmol(wrseq.f): compiling at 16:32:57
vmol(xdab.f): compiling at 16:32:57

Object files are up-to-date.

Archiving objects

Linking binary
Stripping binary if necessary

Installing the library as:
   /home/perera/Develop/lib/libvmol.a

The installed library is up-to-date.

Installing the binary as:
   /home/perera/Develop/bin/xvmol

The installed binary is up-to-date.
gmake[1]: Leaving directory '/home/perera/Develop/ACESII_build/vmol'
gmake[1]: Entering directory '/home/perera/Develop/ACESII_build/vmol2ja'
vmol2ja(bltaotoso.F): processing
vmol2ja(bltaotoso.f): compiling at 16:32:59
vmol2ja(driver.F): processing
vmol2ja(driver.f): compiling at 16:33:00
vmol2ja(gentranmat.F): processing
vmol2ja(gentranmat.f): compiling at 16:33:00
vmol2ja(initp.F): processing
vmol2ja(initp.f): compiling at 16:33:00
vmol2ja(mkc2z1.F): processing
vmol2ja(mkc2z1.f): compiling at 16:33:00
vmol2ja(rdblab.F): processing
vmol2ja(rdblab.f): compiling at 16:33:01
vmol2ja(v2ja.F): processing
vmol2ja(v2ja.f): compiling at 16:33:01
vmol2ja(aosize.f): compiling at 16:33:01
vmol2ja(diagck.f): compiling at 16:33:01
vmol2ja(getaoso.f): compiling at 16:33:01
vmol2ja(iamax.f): compiling at 16:33:01
vmol2ja(isctr.f): compiling at 16:33:01
vmol2ja(jfsord.f): compiling at 16:33:02
vmol2ja(newpd.f): compiling at 16:33:02
vmol2ja(pdswap.f): compiling at 16:33:02
vmol2ja(qsame.f): compiling at 16:33:02
vmol2ja(rdsoao.f): compiling at 16:33:02
vmol2ja(remap.f): compiling at 16:33:02
vmol2ja(tab.f): compiling at 16:33:02
vmol2ja(vbfcen.f): compiling at 16:33:02
vmol2ja(vmlgen.f): compiling at 16:33:03

Object files are up-to-date.

Archiving objects

Linking binary
Stripping binary if necessary

Installing the library as:
   /home/perera/Develop/lib/libvmol2ja.a

The installed library is up-to-date.

Installing the binary as:
   /home/perera/Develop/bin/xvmol2ja

The installed binary is up-to-date.
gmake[1]: Leaving directory '/home/perera/Develop/ACESII_build/vmol2ja'
gmake[1]: Entering directory '/home/perera/Develop/ACESII_build/vscf'
vscf(ab2sd2.F): processing
vscf(ab2sd2.f): compiling at 16:33:04
vscf(ab2sd.F): processing
vscf(ab2sd.f): compiling at 16:33:05
vscf(active_smican.F): processing
vscf(active_smican.f): compiling at 16:33:05
vscf(atomic_guess.F): processing
vscf(atomic_guess.f): compiling at 16:33:05
vscf(blt_hfksFAI.F): processing
vscf(blt_hfksFAI.f): compiling at 16:33:05
vscf(builda.F): processing
vscf(builda.f): compiling at 16:33:06
vscf(buildkspot.F): processing
vscf(buildkspot.f): compiling at 16:33:06
vscf(c2_diis.F): processing
vscf(c2_diis.f): compiling at 16:33:06
vscf(convcrit.F): processing
vscf(convcrit.f): compiling at 16:33:07
vscf(core_hamilton_guess.F): processing
vscf(core_hamilton_guess.f): compiling at 16:33:07
vscf(dampd.F): processing
vscf(dampd.f): compiling at 16:33:07
vscf(dbg_corr_dens.F): processing
vscf(dbg_corr_dens.f): compiling at 16:33:07
vscf(dkh__init.F): processing
vscf(dkh__init.f): compiling at 16:33:08
vscf(dkh__sympack.F): processing
vscf(dkh__sympack.f): compiling at 16:33:08
vscf(dmpjob.F): processing
vscf(dmpjob.f): compiling at 16:33:08
vscf(dorpp.F): processing
vscf(dorpp.f): compiling at 16:33:08
vscf(dovrlp.F): processing
vscf(dovrlp.f): compiling at 16:33:09
vscf(drnewvrt.F): processing
vscf(drnewvrt.f): compiling at 16:33:09
vscf(drvsrt.F): processing
vscf(drvsrt.f): compiling at 16:33:09
vscf(ehtdmpmos.F): processing
vscf(ehtdmpmos.f): compiling at 16:33:10
vscf(ehtgss.F): processing
vscf(ehtgss.f): compiling at 16:33:10
vscf(eht_prjsto3g_guess.F): processing
vscf(eht_prjsto3g_guess.f): compiling at 16:33:10
vscf(eigvectors_frm_jbarc.F): processing
vscf(eigvectors_frm_jbarc.f): compiling at 16:33:10
vscf(endscf.F): processing
vscf(endscf.f): compiling at 16:33:11
vscf(evcao2.F): processing
vscf(evcao2.f): compiling at 16:33:11
vscf(evlout.F): processing
vscf(evlout.f): compiling at 16:33:11
vscf(export_aodens.F): processing
vscf(export_aodens.f): compiling at 16:33:12
vscf(export_guess_ao_orbs.F): processing
vscf(export_guess_ao_orbs.f): compiling at 16:33:12
vscf(export_guess_mo_orbs.F): processing
vscf(export_guess_mo_orbs.f): compiling at 16:33:12
vscf(fao2morohf.F): processing
vscf(fao2morohf.f): compiling at 16:33:12
vscf(fix_qrhf_evecs.F): processing
vscf(fix_qrhf_evecs.f): compiling at 16:33:13
vscf(fmo2ao.F): processing
vscf(fmo2ao.f): compiling at 16:33:13
vscf(gen_core_ham_occ.F): processing
vscf(gen_core_ham_occ.f): compiling at 16:33:13
vscf(get1e.F): processing
vscf(get1e.f): compiling at 16:33:13
vscf(getaodens.F): processing
vscf(getaodens.f): compiling at 16:33:14
vscf(get_corr_dens.F): processing
vscf(get_corr_dens.f): compiling at 16:33:14
vscf(get_corr_orbs.F): processing
vscf(get_corr_orbs.f): compiling at 16:33:14
vscf(initges.F): processing
vscf(initges.f): compiling at 16:33:14
vscf(init_ks.F): processing
vscf(init_ks.f): compiling at 16:33:15
vscf(irrorb.F): processing
vscf(irrorb.f): compiling at 16:33:15
vscf(irrorb_shell.F): processing
vscf(irrorb_shell.f): compiling at 16:33:15
vscf(lineqsc.F): processing
vscf(lineqsc.f): compiling at 16:33:15
vscf(make_guess_den.F): processing
vscf(make_guess_den.f): compiling at 16:33:16
vscf(make_vnm1_pot.F): processing
vscf(make_vnm1_pot.f): compiling at 16:33:16
vscf(map_orb.F): processing
vscf(map_orb.f): compiling at 16:33:16
vscf(mirreps.F): processing
vscf(mirreps.f): compiling at 16:33:16
vscf(mkdden_4irrep.F): processing
vscf(mkdden_4irrep.f): compiling at 16:33:17
vscf(mkdden_full.F): processing
vscf(mkdden_full.f): compiling at 16:33:17
vscf(mkden.F): processing
vscf(mkden.f): compiling at 16:33:17
vscf(mkdp_occnos.F): processing
vscf(mkdp_occnos.f): compiling at 16:33:17
vscf(mkener.F): processing
vscf(mkener.f): compiling at 16:33:18
vscf(mkeval.F): processing
vscf(mkeval.f): compiling at 16:33:18
vscf(mkfock2.F): processing
vscf(mkfock2.f): compiling at 16:33:18
vscf(mkfock.F): processing
vscf(mkfock.f): compiling at 16:33:18
vscf(mkfull.F): processing
vscf(mkfull.f): compiling at 16:33:19
vscf(mkpk2.F): processing
vscf(mkpk2.f): compiling at 16:33:19
vscf(modmos.F): processing
vscf(modmos.f): compiling at 16:33:19
vscf(nddo_guess.F): processing
vscf(nddo_guess.f): compiling at 16:33:20
vscf(newvrt.F): processing
vscf(newvrt.f): compiling at 16:33:20
vscf(oep_dowork.F): processing
vscf(oep_dowork.f): compiling at 16:33:20
vscf(oep_init.F): processing
vscf(oep_init.f): compiling at 16:33:20
vscf(oep_mem_init.F): processing
vscf(oep_mem_init.f): compiling at 16:33:21
vscf(oep_post.F): processing
vscf(oep_post.f): compiling at 16:33:21
vscf(oofcor.F): processing
vscf(oofcor.f): compiling at 16:33:21
vscf(osphase.F): processing
vscf(osphase.f): compiling at 16:33:21
vscf(outevc.F): processing
vscf(outevc.f): compiling at 16:33:22
vscf(pkchan1.F): processing
vscf(pkchan1.f): compiling at 16:33:22
vscf(pkchan2.F): processing
vscf(pkchan2.f): compiling at 16:33:22
vscf(pkchan3.F): processing
vscf(pkchan3.f): compiling at 16:33:23
vscf(pkchan.F): processing
vscf(pkchan.f): compiling at 16:33:23
vscf(pksort21.F): processing
vscf(pksort21.f): compiling at 16:33:23
vscf(pksort22.F): processing
vscf(pksort22.f): compiling at 16:33:23
vscf(pksort23.F): processing
vscf(pksort23.f): compiling at 16:33:24
vscf(pksort.F): processing
vscf(pksort.f): compiling at 16:33:24
vscf(prjdens.F): processing
vscf(prjdens.f): compiling at 16:33:24
vscf(process_ecp.F): processing
vscf(process_ecp.f): compiling at 16:33:25
vscf(putaodens.F): processing
vscf(putaodens.f): compiling at 16:33:25
vscf(qcscf.F): processing
vscf(qcscf.f): compiling at 16:33:25
vscf(qrhfadd.F): processing
vscf(qrhfadd.f): compiling at 16:33:25
vscf(qrhfit2.F): processing
vscf(qrhfit2.f): compiling at 16:33:25
vscf(qrhfit.F): processing
vscf(qrhfit.f): compiling at 16:33:26
vscf(qrhfpop.F): processing
vscf(qrhfpop.f): compiling at 16:33:26
vscf(reload.F): processing
vscf(reload.f): compiling at 16:33:26
vscf(reoreu.F): processing
vscf(reoreu.f): compiling at 16:33:27
vscf(reorev.F): processing
vscf(reorev.f): compiling at 16:33:27
vscf(reorevl.F): processing
vscf(reorevl.f): compiling at 16:33:27
vscf(rpp.F): processing
vscf(rpp.f): compiling at 16:33:27
vscf(s2calc.F): processing
vscf(s2calc.f): compiling at 16:33:28
vscf(scfit.F): processing
vscf(scfit.f): compiling at 16:33:28
vscf(setupb.F): processing
vscf(setupb.f): compiling at 16:33:28
vscf(setup.F): processing
vscf(setup.f): compiling at 16:33:28
vscf(smican.F): processing
vscf(smican.f): compiling at 16:33:29
vscf(sortho.F): processing
vscf(sortho.f): compiling at 16:33:29
vscf(sorthoi.F): processing
vscf(sorthoi.f): compiling at 16:33:29
vscf(srtalc.F): processing
vscf(srtalc.f): compiling at 16:33:30
vscf(switch_orbs.F): processing
vscf(switch_orbs.f): compiling at 16:33:30
vscf(symsiz.F): processing
vscf(symsiz.f): compiling at 16:33:30
vscf(template_orbs.F): processing
vscf(template_orbs.f): compiling at 16:33:30
vscf(uno_4tdcc.F): processing
vscf(uno_4tdcc.f): compiling at 16:33:31
vscf(uno_makerhf.F): processing
vscf(uno_makerhf.f): compiling at 16:33:31
vscf(uno_makerhf_light.F): processing
vscf(uno_makerhf_light.f): compiling at 16:33:32
vscf(uno_ref2.F): processing
vscf(uno_ref2.f): compiling at 16:33:32
vscf(uno_ref.F): processing
vscf(uno_ref.f): compiling at 16:33:32
vscf(vscf.F): processing
vscf(vscf.f): compiling at 16:33:33
vscf(aintgs.f): compiling at 16:33:33
vscf(bintgs.f): compiling at 16:33:34
vscf(blkcpy3.f): compiling at 16:33:34
vscf(blt_efctvfcok.f): compiling at 16:33:34
vscf(calc_s.f): compiling at 16:33:34
vscf(chkmosym.f): compiling at 16:33:34
vscf(chksgn.f): compiling at 16:33:34
vscf(chkvec.f): compiling at 16:33:35
vscf(comchr.f): compiling at 16:33:35
vscf(dkh__fifth_order.f): compiling at 16:33:35
vscf(dkh__first_order.f): compiling at 16:33:35
vscf(dkh__fourth_order.f): compiling at 16:33:35
vscf(dkh__main_trans.f): compiling at 16:33:35
vscf(dkh__matrix_manips.f): compiling at 16:33:35
vscf(dkh__second_order.f): compiling at 16:33:36
vscf(dkh__third_order.f): compiling at 16:33:36
vscf(dmpscf.f): compiling at 16:33:36
vscf(dtable.f): compiling at 16:33:36
vscf(ehtdim.f): compiling at 16:33:36
vscf(ehtparam.f): compiling at 16:33:36
vscf(ehttran.f): compiling at 16:33:37
vscf(eigshf.f): compiling at 16:33:37
vscf(errmax.f): compiling at 16:33:37
vscf(fact.f): compiling at 16:33:37
vscf(fao2mo.f): compiling at 16:33:37
vscf(findperm.f): compiling at 16:33:37
vscf(finfld.f): compiling at 16:33:37
vscf(fndclose2.f): compiling at 16:33:38
vscf(fndmaxd.f): compiling at 16:33:38
vscf(getbasinf.f): compiling at 16:33:38
vscf(getbasnam.f): compiling at 16:33:38
vscf(getblk2.f): compiling at 16:33:38
vscf(getblk.f): compiling at 16:33:38
vscf(getdens3.f): compiling at 16:33:39
vscf(geteval.f): compiling at 16:33:39
vscf(geth.f): compiling at 16:33:39
vscf(get_matrix.f): compiling at 16:33:39
vscf(getmos.f): compiling at 16:33:39
vscf(gso2ao.f): compiling at 16:33:39
vscf(gssorbsym.f): compiling at 16:33:40
vscf(harmtr.f): compiling at 16:33:40
vscf(icrclc.f): compiling at 16:33:40
vscf(idxluk.f): compiling at 16:33:40
vscf(irrepget.f): compiling at 16:33:40
vscf(iscat.f): compiling at 16:33:40
vscf(makmap.f): compiling at 16:33:40
vscf(mirrorb.f): compiling at 16:33:40
vscf(mkbasmap.f): compiling at 16:33:41
vscf(mkrohff.f): compiling at 16:33:41
vscf(mrccact.f): compiling at 16:33:41
vscf(mrcc_eval.f): compiling at 16:33:41
vscf(newold.f): compiling at 16:33:41
vscf(nomem.f): compiling at 16:33:42
vscf(occupy.f): compiling at 16:33:42
vscf(ordermrcc.f): compiling at 16:33:42
vscf(output.f): compiling at 16:33:42
vscf(pdswap.f): compiling at 16:33:42
vscf(plunk.f): compiling at 16:33:42
vscf(prep_mrcc.f): compiling at 16:33:42
vscf(project.f): compiling at 16:33:43
vscf(proj.f): compiling at 16:33:43
vscf(putblk.f): compiling at 16:33:43
vscf(putmos.f): compiling at 16:33:43
vscf(q2qprime.f): compiling at 16:33:43
vscf(qcdumpf.f): compiling at 16:33:43
vscf(qcgetf.f): compiling at 16:33:44
vscf(qsame.f): compiling at 16:33:44
vscf(readgs.f): compiling at 16:33:44
vscf(relvec.f): compiling at 16:33:44
vscf(remap.f): compiling at 16:33:44
vscf(rfield1.f): compiling at 16:33:44
vscf(rfield2.f): compiling at 16:33:45
vscf(rotm.f): compiling at 16:33:45
vscf(scaled2.f): compiling at 16:33:45
vscf(scaled.f): compiling at 16:33:45
vscf(scfdmp.f): compiling at 16:33:45
vscf(sclden.f): compiling at 16:33:45
vscf(sd2ab.f): compiling at 16:33:45
vscf(seeklb.f): compiling at 16:33:45
vscf(setupprj.f): compiling at 16:33:46
vscf(ss.f): compiling at 16:33:46
vscf(swaporb.f): compiling at 16:33:46
vscf(symetb.f): compiling at 16:33:46
vscf(symmetw2.f): compiling at 16:33:46
vscf(symmetw3.f): compiling at 16:33:46
vscf(symmetw4.f): compiling at 16:33:46
vscf(t2fulao.f): compiling at 16:33:46
vscf(trcprd.f): compiling at 16:33:47
vscf(vmlgen.f): compiling at 16:33:47
vscf(xformmos.f): compiling at 16:33:47
vscf(xformmos_g.f): compiling at 16:33:47
vscf(ytable.f): compiling at 16:33:47
vscf(ztable.f): compiling at 16:33:48

Object files are up-to-date.

Archiving objects

Linking binary
Stripping binary if necessary

Installing the library as:
   /home/perera/Develop/lib/libvscf.a

The installed library is up-to-date.

Installing the binary as:
   /home/perera/Develop/bin/xvscf

The installed binary is up-to-date.
gmake[1]: Leaving directory '/home/perera/Develop/ACESII_build/vscf'
gmake[1]: Entering directory '/home/perera/Develop/ACESII_build/vtran'
vtran(dhf11.F): processing
vtran(dhf11.f): compiling at 16:33:50
vtran(dropvc.F): processing
vtran(dropvc.f): compiling at 16:33:50
vtran(final.F): processing
vtran(final.f): compiling at 16:33:50
vtran(gtnrb2.F): processing
vtran(gtnrb2.f): compiling at 16:33:51
vtran(intrn1.F): processing
vtran(intrn1.f): compiling at 16:33:51
vtran(intrn2.F): processing
vtran(intrn2.f): compiling at 16:33:51
vtran(intrn2f.F): processing
vtran(intrn2f.f): compiling at 16:33:51
vtran(intrn3.F): processing
vtran(intrn3.f): compiling at 16:33:51
vtran(intrn3f.F): processing
vtran(intrn3f.f): compiling at 16:33:52
vtran(intrn4.F): processing
vtran(intrn4.f): compiling at 16:33:52
vtran(intrn4f.F): processing
vtran(intrn4f.f): compiling at 16:33:52
vtran(vtran.F): processing
vtran(vtran.f): compiling at 16:33:52
vtran(ao2mo3.f): compiling at 16:33:52
vtran(dhf21.f): compiling at 16:33:52
vtran(dhf22.f): compiling at 16:33:53
vtran(dhf22f.f): compiling at 16:33:53
vtran(dhf23.f): compiling at 16:33:53
vtran(dhf23f.f): compiling at 16:33:53
vtran(dhf24.f): compiling at 16:33:53
vtran(dhf24f.f): compiling at 16:33:53
vtran(expnd5.f): compiling at 16:33:54
vtran(fockstan.f): compiling at 16:33:54
vtran(ghtran.f): compiling at 16:33:54
vtran(inihf2.f): compiling at 16:33:54
vtran(load1.f): compiling at 16:33:54
vtran(load2.f): compiling at 16:33:54
vtran(load2f.f): compiling at 16:33:55
vtran(load3.f): compiling at 16:33:55
vtran(load3f.f): compiling at 16:33:55
vtran(load4.f): compiling at 16:33:55
vtran(load4f.f): compiling at 16:33:55
vtran(orbsum.f): compiling at 16:33:55
vtran(procevec.f): compiling at 16:33:56
vtran(reordr.f): compiling at 16:33:56
vtran(setmet.f): compiling at 16:33:56
vtran(symdrv.f): compiling at 16:33:56
vtran(symvec.f): compiling at 16:33:56
vtran(sypkev.f): compiling at 16:33:56
vtran(syvec2.f): compiling at 16:33:56
vtran(tfiijj.f): compiling at 16:33:56
vtran(tfijij.f): compiling at 16:33:57
vtran(tfijkl.f): compiling at 16:33:57
vtran(triiii.f): compiling at 16:33:57
vtran(triijj.f): compiling at 16:33:57
vtran(trijij.f): compiling at 16:33:57
vtran(trijkl.f): compiling at 16:33:58

Object files are up-to-date.

Archiving objects

Linking binary
Stripping binary if necessary

Installing the library as:
   /home/perera/Develop/lib/libvtran.a

The installed library is up-to-date.

Installing the binary as:
   /home/perera/Develop/bin/xvtran

The installed binary is up-to-date.
gmake[1]: Leaving directory '/home/perera/Develop/ACESII_build/vtran'
gmake[1]: Entering directory '/home/perera/Develop/ACESII_build/intprc'
intprc(add_ext_pert.F): processing
intprc(add_ext_pert.f): compiling at 16:34:00
intprc(addfock.F): processing
intprc(addfock.f): compiling at 16:34:00
intprc(check_ints.F): processing
intprc(check_ints.f): compiling at 16:34:00
intprc(clmoio.F): processing
intprc(clmoio.f): compiling at 16:34:01
intprc(dabcd0.F): processing
intprc(dabcd0.f): compiling at 16:34:01
intprc(dabcd1.F): processing
intprc(dabcd1.f): compiling at 16:34:01
intprc(dabci0.F): processing
intprc(dabci0.f): compiling at 16:34:01
intprc(dabci1.F): processing
intprc(dabci1.f): compiling at 16:34:01
intprc(dabci2.F): processing
intprc(dabci2.f): compiling at 16:34:02
intprc(dfrmt2.F): processing
intprc(dfrmt2.f): compiling at 16:34:02
intprc(dijab.F): processing
intprc(dijab.f): compiling at 16:34:02
intprc(focklist.F): processing
intprc(focklist.f): compiling at 16:34:02
intprc(form_split_e2.F): processing
intprc(form_split_e2.f): compiling at 16:34:03
intprc(formt2.F): processing
intprc(formt2.f): compiling at 16:34:03
intprc(gmoiaa.F): processing
intprc(gmoiaa.f): compiling at 16:34:03
intprc(gmoiab.F): processing
intprc(gmoiab.f): compiling at 16:34:04
intprc(ifindref.F): processing
intprc(ifindref.f): compiling at 16:34:04
intprc(init_norednt_list.F): processing
intprc(init_norednt_list.f): compiling at 16:34:04
intprc(intproc.F): processing
intprc(intproc.f): compiling at 16:34:04
intprc(make_coulomb_abij.F): processing
intprc(make_coulomb_abij.f): compiling at 16:34:05
intprc(mkauhf.F): processing
intprc(mkauhf.f): compiling at 16:34:05
intprc(rhfstab.F): processing
intprc(rhfstab.f): compiling at 16:34:05
intprc(rnabij.F): processing
intprc(rnabij.f): compiling at 16:34:05
intprc(sinden.F): processing
intprc(sinden.f): compiling at 16:34:06
intprc(stt3aa.F): processing
intprc(stt3aa.f): compiling at 16:34:06
intprc(stt3ab.F): processing
intprc(stt3ab.f): compiling at 16:34:06
intprc(stt4aa.F): processing
intprc(stt4aa.f): compiling at 16:34:06
intprc(uhfstab.F): processing
intprc(uhfstab.f): compiling at 16:34:07
intprc(vcc.F): processing
intprc(vcc.f): compiling at 16:34:07
intprc(actorbtransf.f): compiling at 16:34:07
intprc(binvec.f): compiling at 16:34:07
intprc(cabcd0.f): compiling at 16:34:07
intprc(cabcd1.f): compiling at 16:34:07
intprc(cabci0.f): compiling at 16:34:07
intprc(cabci1.f): compiling at 16:34:07
intprc(cabci2.f): compiling at 16:34:08
intprc(ddijab.f): compiling at 16:34:08
intprc(dfock.f): compiling at 16:34:08
intprc(dgmoid.f): compiling at 16:34:08
intprc(dgmoi.f): compiling at 16:34:08
intprc(dmosmt.f): compiling at 16:34:08
intprc(dropit.f): compiling at 16:34:08
intprc(ds16aa.f): compiling at 16:34:08
intprc(ds16ab.f): compiling at 16:34:09
intprc(ds25aa.f): compiling at 16:34:09
intprc(ds25ab.f): compiling at 16:34:09
intprc(ds3aa.f): compiling at 16:34:09
intprc(ds3ab.f): compiling at 16:34:09
intprc(ds4aa.f): compiling at 16:34:09
intprc(ds4ab.f): compiling at 16:34:10
intprc(flopuse.f): compiling at 16:34:10
intprc(getfok.f): compiling at 16:34:10
intprc(gmoidaa.f): compiling at 16:34:10
intprc(gmoidab.f): compiling at 16:34:10
intprc(memuse.f): compiling at 16:34:11
intprc(mkarhf.f): compiling at 16:34:11
intprc(moovlp.f): compiling at 16:34:11
intprc(plunk0.f): compiling at 16:34:11
intprc(plunk1.f): compiling at 16:34:11
intprc(plunk2.f): compiling at 16:34:11
intprc(plunk.f): compiling at 16:34:11
intprc(putstf.f): compiling at 16:34:11
intprc(rdabcdaa.f): compiling at 16:34:12
intprc(rdabcdab.f): compiling at 16:34:12
intprc(sabcd0.f): compiling at 16:34:12
intprc(sabcd1.f): compiling at 16:34:12
intprc(sabci0.f): compiling at 16:34:12
intprc(sabci1.f): compiling at 16:34:12
intprc(sabci2.f): compiling at 16:34:13
intprc(sethf2.f): compiling at 16:34:13
intprc(setmet.f): compiling at 16:34:13
intprc(srteval.f): compiling at 16:34:13
intprc(st16aa2.f): compiling at 16:34:13
intprc(st16aa.f): compiling at 16:34:13
intprc(st16ab2.f): compiling at 16:34:13
intprc(st16ab.f): compiling at 16:34:13
intprc(st25aa.f): compiling at 16:34:14
intprc(st25ab.f): compiling at 16:34:14
intprc(stable.f): compiling at 16:34:14
intprc(stt16.f): compiling at 16:34:14
intprc(stt4ab.f): compiling at 16:34:14
intprc(wrtstf.f): compiling at 16:34:15

Object files are up-to-date.

Archiving objects

Linking binary
Stripping binary if necessary

Installing the library as:
   /home/perera/Develop/lib/libintprc.a

The installed library is up-to-date.

Installing the binary as:
   /home/perera/Develop/bin/xintprc

The installed binary is up-to-date.
gmake[1]: Leaving directory '/home/perera/Develop/ACESII_build/intprc'
gmake[1]: Entering directory '/home/perera/Develop/ACESII_build/anti'
anti(dg1aaaa.F): processing
anti(dg1aaaa.f): compiling at 16:34:16
anti(dg1abab.F): processing
anti(dg1abab.f): compiling at 16:34:16
anti(anti.f): compiling at 16:34:17
anti(cg1aaaa.f): compiling at 16:34:17
anti(cg1abab.f): compiling at 16:34:17
anti(dirg2.f): compiling at 16:34:17
anti(endmoi.f): compiling at 16:34:17
anti(fmopop.f): compiling at 16:34:17
anti(g2aa1.f): compiling at 16:34:17
anti(g2aa2.f): compiling at 16:34:18
anti(g2aa3.f): compiling at 16:34:18
anti(g2aa4.f): compiling at 16:34:18
anti(g2aa5.f): compiling at 16:34:18
anti(g2aa6.f): compiling at 16:34:18
anti(g2ab1a.f): compiling at 16:34:18
anti(g2ab1b.f): compiling at 16:34:18
anti(g2ab1.f): compiling at 16:34:18
anti(g2ab2a.f): compiling at 16:34:19
anti(g2ab2b.f): compiling at 16:34:19
anti(g2ab2.f): compiling at 16:34:19
anti(g2ab3a.f): compiling at 16:34:19
anti(g2ab3b.f): compiling at 16:34:19
anti(g2ab3.f): compiling at 16:34:19
anti(g2ab4a.f): compiling at 16:34:20
anti(g2ab4b.f): compiling at 16:34:20
anti(g2ab4.f): compiling at 16:34:20
anti(g2ab5a.f): compiling at 16:34:20
anti(g2ab5b.f): compiling at 16:34:20
anti(g2ab5.f): compiling at 16:34:21
anti(g2ab6a.f): compiling at 16:34:21
anti(g2ab6b.f): compiling at 16:34:21
anti(g2ab6.f): compiling at 16:34:21
anti(g3aa1.f): compiling at 16:34:21
anti(g3aa2.f): compiling at 16:34:21
anti(g3aa3.f): compiling at 16:34:22
anti(g3aa4.f): compiling at 16:34:22
anti(g3aa5.f): compiling at 16:34:22
anti(g3aa6.f): compiling at 16:34:22
anti(g3ab1a.f): compiling at 16:34:22
anti(g3ab1b.f): compiling at 16:34:23
anti(g3ab1.f): compiling at 16:34:23
anti(g3ab2a.f): compiling at 16:34:23
anti(g3ab2b.f): compiling at 16:34:23
anti(g3ab2.f): compiling at 16:34:23
anti(g3ab3a.f): compiling at 16:34:24
anti(g3ab3b.f): compiling at 16:34:24
anti(g3ab3.f): compiling at 16:34:24
anti(g3ab4a.f): compiling at 16:34:24
anti(g3ab4b.f): compiling at 16:34:24
anti(g3ab4.f): compiling at 16:34:25
anti(g3ab5a.f): compiling at 16:34:25
anti(g3ab5b.f): compiling at 16:34:25
anti(g3ab5.f): compiling at 16:34:25
anti(g3ab6a.f): compiling at 16:34:26
anti(g3ab6b.f): compiling at 16:34:26
anti(g3ab6.f): compiling at 16:34:26
anti(g4aa1.f): compiling at 16:34:26
anti(g4aa2.f): compiling at 16:34:26
anti(g4aa3.f): compiling at 16:34:27
anti(g4aa4.f): compiling at 16:34:27
anti(g4aa5.f): compiling at 16:34:27
anti(g4aa6.f): compiling at 16:34:27
anti(g4ab1a.f): compiling at 16:34:27
anti(g4ab1b.f): compiling at 16:34:27
anti(g4ab1.f): compiling at 16:34:28
anti(g4ab2a.f): compiling at 16:34:28
anti(g4ab2b.f): compiling at 16:34:28
anti(g4ab2.f): compiling at 16:34:28
anti(g4ab3a.f): compiling at 16:34:28
anti(g4ab3b.f): compiling at 16:34:29
anti(g4ab3.f): compiling at 16:34:29
anti(g4ab41.f): compiling at 16:34:29
anti(g4ab42.f): compiling at 16:34:29
anti(g4ab4a.f): compiling at 16:34:29
anti(g4ab4b.f): compiling at 16:34:30
anti(g4ab5a.f): compiling at 16:34:30
anti(g4ab5b.f): compiling at 16:34:30
anti(g4ab5.f): compiling at 16:34:30
anti(g4ab6a.f): compiling at 16:34:31
anti(g4ab6b.f): compiling at 16:34:31
anti(g4ab6.f): compiling at 16:34:31
anti(gam1aa.f): compiling at 16:34:31
anti(gam1ab1.f): compiling at 16:34:31
anti(gam1ab2.f): compiling at 16:34:32
anti(gam1ab.f): compiling at 16:34:32
anti(gam2aa.f): compiling at 16:34:32
anti(gam2ab.f): compiling at 16:34:32
anti(gam2abu.f): compiling at 16:34:32
anti(gam3aa.f): compiling at 16:34:32
anti(gam3ab.f): compiling at 16:34:33
anti(gam3abu.f): compiling at 16:34:33
anti(gam4aa.f): compiling at 16:34:33
anti(gam4ab.f): compiling at 16:34:33
anti(gam4abu.f): compiling at 16:34:33
anti(gamm1.f): compiling at 16:34:33
anti(gamm2.f): compiling at 16:34:33
anti(gamm3.f): compiling at 16:34:33
anti(gamm4.f): compiling at 16:34:34
anti(getfac2.f): compiling at 16:34:34
anti(getfac.f): compiling at 16:34:34
anti(incor.f): compiling at 16:34:34
anti(plunk.f): compiling at 16:34:34
anti(setlst.f): compiling at 16:34:34
anti(setmet.f): compiling at 16:34:34
anti(sg1aaaa.f): compiling at 16:34:35
anti(sg1abab.f): compiling at 16:34:35
anti(spad.f): compiling at 16:34:35
anti(sympos.f): compiling at 16:34:35

Object files are up-to-date.

Archiving objects

Linking binary
Stripping binary if necessary

Installing the library as:
   /home/perera/Develop/lib/libanti.a

The installed library is up-to-date.

Installing the binary as:
   /home/perera/Develop/bin/xanti

The installed binary is up-to-date.
gmake[1]: Leaving directory '/home/perera/Develop/ACESII_build/anti'
gmake[1]: Entering directory '/home/perera/Develop/ACESII_build/bcktrn'
bcktrn(bxaaaa.F): processing
bcktrn(bxaaaa.f): compiling at 16:34:37
bcktrn(bcktrn.f): compiling at 16:34:37
bcktrn(bxaaaa2.f): compiling at 16:34:37
bcktrn(bxaabb2.f): compiling at 16:34:37
bcktrn(bxaabb.f): compiling at 16:34:37
bcktrn(bxabab1.f): compiling at 16:34:38
bcktrn(bxabab2.f): compiling at 16:34:38
bcktrn(bxabab.f): compiling at 16:34:38
bcktrn(bxabcd1.f): compiling at 16:34:38
bcktrn(bxabcd2.f): compiling at 16:34:38
bcktrn(bxabcd.f): compiling at 16:34:38
bcktrn(chksym.f): compiling at 16:34:39
bcktrn(faopop.f): compiling at 16:34:39
bcktrn(getofs.f): compiling at 16:34:39
bcktrn(ifill.f): compiling at 16:34:39
bcktrn(incor.f): compiling at 16:34:39
bcktrn(ivadd.f): compiling at 16:34:39
bcktrn(memsiz.f): compiling at 16:34:39
bcktrn(prehf.f): compiling at 16:34:40
bcktrn(reordc.f): compiling at 16:34:40
bcktrn(setlst.f): compiling at 16:34:40
bcktrn(setmet.f): compiling at 16:34:40
bcktrn(sph2crt.f): compiling at 16:34:40
bcktrn(squez3.f): compiling at 16:34:40
bcktrn(sumgam.f): compiling at 16:34:41
bcktrn(symc.f): compiling at 16:34:41
bcktrn(sypkev.f): compiling at 16:34:41
bcktrn(sytraa.f): compiling at 16:34:41
bcktrn(sytrab1.f): compiling at 16:34:41
bcktrn(sytrab2.f): compiling at 16:34:41
bcktrn(sytrab.f): compiling at 16:34:41
bcktrn(tranx.f): compiling at 16:34:41
bcktrn(znrm.f): compiling at 16:34:42

Object files are up-to-date.

Archiving objects

Linking binary
Stripping binary if necessary

Installing the library as:
   /home/perera/Develop/lib/libbcktrn.a

The installed library is up-to-date.

Installing the binary as:
   /home/perera/Develop/bin/xbcktrn

The installed binary is up-to-date.
gmake[1]: Leaving directory '/home/perera/Develop/ACESII_build/bcktrn'
gmake[1]: Entering directory '/home/perera/Develop/ACESII_build/vdint'
vdint(abainp.F): processing
vdint(abainp.f): compiling at 16:34:43
vdint(aotoao.F): processing
vdint(aotoao.f): compiling at 16:34:43
vdint(avekfs.F): processing
vdint(avekfs.f): compiling at 16:34:43
vdint(avena1.F): processing
vdint(avena1.f): compiling at 16:34:44
vdint(avena2.F): processing
vdint(avena2.f): compiling at 16:34:44
vdint(c10cal.F): processing
vdint(c10cal.f): compiling at 16:34:44
vdint(c10ini.F): processing
vdint(c10ini.f): compiling at 16:34:45
vdint(c1driv.F): processing
vdint(c1driv.f): compiling at 16:34:45
vdint(c1ecal.F): processing
vdint(c1ecal.f): compiling at 16:34:45
vdint(c1eini.F): processing
vdint(c1eini.f): compiling at 16:34:45
vdint(c1hcal.F): processing
vdint(c1hcal.f): compiling at 16:34:46
vdint(c1hini.F): processing
vdint(c1hini.f): compiling at 16:34:46
vdint(c2driv.F): processing
vdint(c2driv.f): compiling at 16:34:46
vdint(c2ecal.F): processing
vdint(c2ecal.f): compiling at 16:34:46
vdint(c2eini.F): processing
vdint(c2eini.f): compiling at 16:34:47
vdint(c2hcal.F): processing
vdint(c2hcal.f): compiling at 16:34:47
vdint(c2hini.F): processing
vdint(c2hini.f): compiling at 16:34:47
vdint(cint0.F): processing
vdint(cint0.f): compiling at 16:34:47
vdint(cint1.F): processing
vdint(cint1.f): compiling at 16:34:48
vdint(cint2.F): processing
vdint(cint2.f): compiling at 16:34:48
vdint(cmp2zmat.F): processing
vdint(cmp2zmat.f): compiling at 16:34:48
vdint(cntinn.F): processing
vdint(cntinn.f): compiling at 16:34:49
vdint(cntout.F): processing
vdint(cntout.f): compiling at 16:34:49
vdint(cordif.F): processing
vdint(cordif.f): compiling at 16:34:49
vdint(crsinp.F): processing
vdint(crsinp.f): compiling at 16:34:49
vdint(cshpri.F): processing
vdint(cshpri.f): compiling at 16:34:50
vdint(ctrinp.F): processing
vdint(ctrinp.f): compiling at 16:34:50
vdint(czrinp.F): processing
vdint(czrinp.f): compiling at 16:34:50
vdint(dasym1.F): processing
vdint(dasym1.f): compiling at 16:34:50
vdint(dasym2.F): processing
vdint(dasym2.f): compiling at 16:34:51
vdint(dasym3.F): processing
vdint(dasym3.f): compiling at 16:34:51
vdint(dasym4.F): processing
vdint(dasym4.f): compiling at 16:34:51
vdint(debugout.F): processing
vdint(debugout.f): compiling at 16:34:51
vdint(derone.F): processing
vdint(derone.f): compiling at 16:34:51
vdint(derout.F): processing
vdint(derout.f): compiling at 16:34:52
vdint(dertaa.F): processing
vdint(dertaa.f): compiling at 16:34:52
vdint(dertab.F): processing
vdint(dertab.f): compiling at 16:34:52
vdint(detbas.F): processing
vdint(detbas.f): compiling at 16:34:53
vdint(detpert.F): processing
vdint(detpert.f): compiling at 16:34:53
vdint(dfock.F): processing
vdint(dfock.f): compiling at 16:34:53
vdint(dipavr.F): processing
vdint(dipavr.f): compiling at 16:34:54
vdint(dipini.F): processing
vdint(dipini.f): compiling at 16:34:54
vdint(dipint.F): processing
vdint(dipint.f): compiling at 16:34:54
vdint(dipnuc.F): processing
vdint(dipnuc.f): compiling at 16:34:54
vdint(dmgavr.F): processing
vdint(dmgavr.f): compiling at 16:34:55
vdint(dodc.F): processing
vdint(dodc.f): compiling at 16:34:55
vdint(dp0pri.F): processing
vdint(dp0pri.f): compiling at 16:34:55
vdint(dp1pri.F): processing
vdint(dp1pri.f): compiling at 16:34:55
vdint(dplunk.F): processing
vdint(dplunk.f): compiling at 16:34:56
vdint(drsym1.F): processing
vdint(drsym1.f): compiling at 16:34:56
vdint(drsym2.F): processing
vdint(drsym2.f): compiling at 16:34:56
vdint(dsodrv.F): processing
vdint(dsodrv.f): compiling at 16:34:56
vdint(dsofso.F): processing
vdint(dsofso.f): compiling at 16:34:57
vdint(dsout2.F): processing
vdint(dsout2.f): compiling at 16:34:57
vdint(dsym1a.F): processing
vdint(dsym1a.f): compiling at 16:34:57
vdint(dsym1.F): processing
vdint(dsym1.f): compiling at 16:34:58
vdint(dsym2a.F): processing
vdint(dsym2a.f): compiling at 16:34:58
vdint(dsym2.F): processing
vdint(dsym2.f): compiling at 16:34:58
vdint(ecp_dgrad.F): processing
vdint(ecp_dgrad.f): compiling at 16:34:58
vdint(efint.F): processing
vdint(efint.f): compiling at 16:34:59
vdint(excoef.F): processing
vdint(excoef.f): compiling at 16:34:59
vdint(expcar.F): processing
vdint(expcar.f): compiling at 16:34:59
vdint(expsph.F): processing
vdint(expsph.f): compiling at 16:35:00
vdint(fcint.F): processing
vdint(fcint.f): compiling at 16:35:00
vdint(fsym2a.F): processing
vdint(fsym2a.f): compiling at 16:35:00
vdint(fsym2b.F): processing
vdint(fsym2b.f): compiling at 16:35:01
vdint(fsym3b.F): processing
vdint(fsym3b.f): compiling at 16:35:01
vdint(g10cal.F): processing
vdint(g10cal.f): compiling at 16:35:01
vdint(g10ini.F): processing
vdint(g10ini.f): compiling at 16:35:02
vdint(g1driv.F): processing
vdint(g1driv.f): compiling at 16:35:02
vdint(g1eini.F): processing
vdint(g1eini.f): compiling at 16:35:02
vdint(g2driv.F): processing
vdint(g2driv.f): compiling at 16:35:02
vdint(g2hcal.F): processing
vdint(g2hcal.f): compiling at 16:35:02
vdint(g2hini.F): processing
vdint(g2hini.f): compiling at 16:35:03
vdint(gamsrt.F): processing
vdint(gamsrt.f): compiling at 16:35:03
vdint(gfock.F): processing
vdint(gfock.f): compiling at 16:35:03
vdint(giacoe.F): processing
vdint(giacoe.f): compiling at 16:35:05
vdint(giadrv.F): processing
vdint(giadrv.f): compiling at 16:35:05
vdint(giaone.F): processing
vdint(giaone.f): compiling at 16:35:05
vdint(giavec.F): processing
vdint(giavec.f): compiling at 16:35:06
vdint(giint1.F): processing
vdint(giint1.f): compiling at 16:35:06
vdint(giint2.F): processing
vdint(giint2.f): compiling at 16:35:07
vdint(giint3.F): processing
vdint(giint3.f): compiling at 16:35:08
vdint(giint4.F): processing
vdint(giint4.f): compiling at 16:35:08
vdint(gplunk.F): processing
vdint(gplunk.f): compiling at 16:35:09
vdint(gsym2.F): processing
vdint(gsym2.f): compiling at 16:35:09
vdint(gsym3.F): processing
vdint(gsym3.f): compiling at 16:35:10
vdint(herdis.F): processing
vdint(herdis.f): compiling at 16:35:10
vdint(heri.F): processing
vdint(heri.f): compiling at 16:35:10
vdint(hernai.F): processing
vdint(hernai.f): compiling at 16:35:10
vdint(intexp.F): processing
vdint(intexp.f): compiling at 16:35:11
vdint(mszavr.F): processing
vdint(mszavr.f): compiling at 16:35:11
vdint(nmr1dr.F): processing
vdint(nmr1dr.f): compiling at 16:35:11
vdint(nmr2dr.F): processing
vdint(nmr2dr.f): compiling at 16:35:12
vdint(nucrep.F): processing
vdint(nucrep.f): compiling at 16:35:12
vdint(odcdrv.F): processing
vdint(odcdrv.f): compiling at 16:35:12
vdint(odc.F): processing
vdint(odc.f): compiling at 16:35:13
vdint(odcvec.F): processing
vdint(odcvec.f): compiling at 16:35:13
vdint(onedrv.F): processing
vdint(onedrv.f): compiling at 16:35:13
vdint(paovec.F): processing
vdint(paovec.f): compiling at 16:35:14
vdint(pblock.F): processing
vdint(pblock.f): compiling at 16:35:14
vdint(pricar.F): processing
vdint(pricar.f): compiling at 16:35:14
vdint(prigrd.F): processing
vdint(prigrd.f): compiling at 16:35:15
vdint(prihes.F): processing
vdint(prihes.f): compiling at 16:35:15
vdint(psorg.F): processing
vdint(psorg.f): compiling at 16:35:15
vdint(ptprnt.F): processing
vdint(ptprnt.f): compiling at 16:35:15
vdint(qrhfset.F): processing
vdint(qrhfset.f): compiling at 16:35:15
vdint(qu0pri.F): processing
vdint(qu0pri.f): compiling at 16:35:16
vdint(quaavr.F): processing
vdint(quaavr.f): compiling at 16:35:16
vdint(quaint.F): processing
vdint(quaint.f): compiling at 16:35:16
vdint(quanuc.F): processing
vdint(quanuc.f): compiling at 16:35:16
vdint(r000.F): processing
vdint(r000.f): compiling at 16:35:17
vdint(readin.F): processing
vdint(readin.f): compiling at 16:35:17
vdint(reduce.F): processing
vdint(reduce.f): compiling at 16:35:18
vdint(reordcext.F): processing
vdint(reordcext.f): compiling at 16:35:18
vdint(resinp.F): processing
vdint(resinp.f): compiling at 16:35:18
vdint(rxpint.F): processing
vdint(rxpint.f): compiling at 16:35:18
vdint(saoord.F): processing
vdint(saoord.f): compiling at 16:35:18
vdint(save_der_1ints.F): processing
vdint(save_der_1ints.f): compiling at 16:35:19
vdint(sdint.F): processing
vdint(sdint.f): compiling at 16:35:19
vdint(setdep.F): processing
vdint(setdep.f): compiling at 16:35:19
vdint(setgd.F): processing
vdint(setgd.f): compiling at 16:35:19
vdint(setper.F): processing
vdint(setper.f): compiling at 16:35:20
vdint(sym1n.F): processing
vdint(sym1n.f): compiling at 16:35:20
vdint(sym1s.F): processing
vdint(sym1s.f): compiling at 16:35:20
vdint(sym2.F): processing
vdint(sym2.f): compiling at 16:35:20
vdint(symcext.F): processing
vdint(symcext.f): compiling at 16:35:21
vdint(symout.F): processing
vdint(symout.f): compiling at 16:35:21
vdint(sympro.F): processing
vdint(sympro.f): compiling at 16:35:21
vdint(sym_unpack.F): processing
vdint(sym_unpack.f): compiling at 16:35:21
vdint(todc.F): processing
vdint(todc.f): compiling at 16:35:22
vdint(trachs.F): processing
vdint(trachs.f): compiling at 16:35:22
vdint(tracor.F): processing
vdint(tracor.f): compiling at 16:35:22
vdint(tradip.F): processing
vdint(tradip.f): compiling at 16:35:22
vdint(tragrd.F): processing
vdint(tragrd.f): compiling at 16:35:22
vdint(trahes.F): processing
vdint(trahes.f): compiling at 16:35:23
vdint(tran_c2sgrad.F): processing
vdint(tran_c2sgrad.f): compiling at 16:35:23
vdint(twoexp.F): processing
vdint(twoexp.f): compiling at 16:35:23
vdint(twoint.F): processing
vdint(twoint.f): compiling at 16:35:23
vdint(twoodc.F): processing
vdint(twoodc.f): compiling at 16:35:23
vdint(vdint.F): processing
vdint(vdint.f): compiling at 16:35:24
vdint(wrtund.F): processing
vdint(wrtund.f): compiling at 16:35:24
vdint(acesflush.f): compiling at 16:35:24
vdint(addgrd.f): compiling at 16:35:24
vdint(addhes.f): compiling at 16:35:25
vdint(adrgam.f): compiling at 16:35:25
vdint(around.f): compiling at 16:35:25
vdint(bflush.f): compiling at 16:35:25
vdint(defopn.f): compiling at 16:35:25
vdint(derstp.f): compiling at 16:35:25
vdint(dfold.f): compiling at 16:35:25
vdint(dipadd.f): compiling at 16:35:25
vdint(dipinp.f): compiling at 16:35:26
vdint(dire00.f): compiling at 16:35:26
vdint(direct.f): compiling at 16:35:26
vdint(dloop.f): compiling at 16:35:26
vdint(dmpden.f): compiling at 16:35:26
vdint(dp0sum.f): compiling at 16:35:26
vdint(dpath.f): compiling at 16:35:27
vdint(drtest.f): compiling at 16:35:27
vdint(duold.f): compiling at 16:35:27
vdint(expnd3.f): compiling at 16:35:27
vdint(expnd.f): compiling at 16:35:27
vdint(formfij.f): compiling at 16:35:27
vdint(gaaaa1.f): compiling at 16:35:27
vdint(gaaaa2.f): compiling at 16:35:28
vdint(gaabb1.f): compiling at 16:35:28
vdint(gaabb2.f): compiling at 16:35:28
vdint(gabab1.f): compiling at 16:35:28
vdint(gabab2.f): compiling at 16:35:28
vdint(gabcd1.f): compiling at 16:35:28
vdint(gabcd2.f): compiling at 16:35:29
vdint(gamfun.f): compiling at 16:35:29
vdint(gaussl.f): compiling at 16:35:29
vdint(gformg.f): compiling at 16:35:29
vdint(giader.f): compiling at 16:35:29
vdint(giadir.f): compiling at 16:35:30
vdint(gsden.f): compiling at 16:35:30
vdint(header.f): compiling at 16:35:30
vdint(herswp.f): compiling at 16:35:30
vdint(idamax.f): compiling at 16:35:30
vdint(intder.f): compiling at 16:35:30
vdint(lindep.f): compiling at 16:35:30
vdint(lmnval.f): compiling at 16:35:31
vdint(makmap.f): compiling at 16:35:31
vdint(mollab.f): compiling at 16:35:31
vdint(mszpri.f): compiling at 16:35:31
vdint(nmropen.f): compiling at 16:35:31
vdint(nucinp.f): compiling at 16:35:31
vdint(onedso.f): compiling at 16:35:31
vdint(oneinp.f): compiling at 16:35:32
vdint(oneint.f): compiling at 16:35:32
vdint(onetst.f): compiling at 16:35:32
vdint(orbdip.f): compiling at 16:35:32
vdint(ortinp.f): compiling at 16:35:32
vdint(outpak.f): compiling at 16:35:32
vdint(outpkb.f): compiling at 16:35:32
vdint(outpks.f): compiling at 16:35:32
vdint(output.f): compiling at 16:35:33
vdint(plunk.f): compiling at 16:35:33
vdint(prirec.f): compiling at 16:35:33
vdint(pritri.f): compiling at 16:35:33
vdint(psize.f): compiling at 16:35:33
vdint(qrhferr.f): compiling at 16:35:33
vdint(qu0sum.f): compiling at 16:35:33
vdint(rdsrt.f): compiling at 16:35:33
vdint(reainp.f): compiling at 16:35:34
vdint(reordc.f): compiling at 16:35:34
vdint(rhsinp.f): compiling at 16:35:34
vdint(rlxinp.f): compiling at 16:35:34
vdint(setbas.f): compiling at 16:35:34
vdint(setmet.f): compiling at 16:35:34
vdint(stopit.f): compiling at 16:35:34
vdint(symc.f): compiling at 16:35:35
vdint(symf.f): compiling at 16:35:35
vdint(symi.f): compiling at 16:35:35
vdint(titler.f): compiling at 16:35:35
vdint(trace.f): compiling at 16:35:35
vdint(trrtiv.f): compiling at 16:35:35
vdint(tstinp.f): compiling at 16:35:35
vdint(twoinp.f): compiling at 16:35:36
vdint(wrseq.f): compiling at 16:35:36
vdint(wrtsrt.f): compiling at 16:35:36

Object files are up-to-date.

Archiving objects

Linking binary
Stripping binary if necessary

Installing the library as:
   /home/perera/Develop/lib/libvdint.a

The installed library is up-to-date.

Installing the binary as:
   /home/perera/Develop/bin/xvdint

The installed binary is up-to-date.
gmake[1]: Leaving directory '/home/perera/Develop/ACESII_build/vdint'
gmake[1]: Entering directory '/home/perera/Develop/ACESII_build/hbar'
hbar(checkhbar.F): processing
hbar(checkhbar.f): compiling at 16:35:38
hbar(dcc_fixfbar.F): processing
hbar(dcc_fixfbar.f): compiling at 16:35:38
hbar(dcc_hbar_fae.F): processing
hbar(dcc_hbar_fae.f): compiling at 16:35:38
hbar(dcc_hbar_fmi.F): processing
hbar(dcc_hbar_fmi.f): compiling at 16:35:38
hbar(dcc_hbar_mbej.F): processing
hbar(dcc_hbar_mbej.f): compiling at 16:35:39
hbar(drive_hbar.F): processing
hbar(drive_hbar.f): compiling at 16:35:39
hbar(fix_hbar_mbej.F): processing
hbar(fix_hbar_mbej.f): compiling at 16:35:39
hbar(hbar.F): processing
hbar(hbar.f): compiling at 16:35:39
hbar(sym_hole_particle.F): processing
hbar(sym_hole_particle.f): compiling at 16:35:40
hbar(symmetrize_hbar.F): processing
hbar(symmetrize_hbar.f): compiling at 16:35:40
hbar(tdee_init_lists.F): processing
hbar(tdee_init_lists.f): compiling at 16:35:40

Object files are up-to-date.

Archiving objects

Linking binary
Stripping binary if necessary

Installing the library as:
   /home/perera/Develop/lib/libhbar.a

The installed library is up-to-date.

Installing the binary as:
   /home/perera/Develop/bin/xhbar

The installed binary is up-to-date.
gmake[1]: Leaving directory '/home/perera/Develop/ACESII_build/hbar'
gmake[1]: Entering directory '/home/perera/Develop/ACESII_build/vcceh'
vcceh(checkhbar.F): processing
vcceh(checkhbar.f): compiling at 16:35:42
vcceh(check_target_lists.F): processing
vcceh(check_target_lists.f): compiling at 16:35:42
vcceh(check_vee_lists_init.F): processing
vcceh(check_vee_lists_init.f): compiling at 16:35:43
vcceh(do_isotopes_jj.F): processing
vcceh(do_isotopes_jj.f): compiling at 16:35:43
vcceh(drvsym.F): processing
vcceh(drvsym.f): compiling at 16:35:43
vcceh(dt2int2.F): processing
vcceh(dt2int2.f): compiling at 16:35:43
vcceh(factor.F): processing
vcceh(factor.f): compiling at 16:35:44
vcceh(factor_is.F): processing
vcceh(factor_is.f): compiling at 16:35:44
vcceh(fixdummy.F): processing
vcceh(fixdummy.f): compiling at 16:35:44
vcceh(form.F): processing
vcceh(form.f): compiling at 16:35:45
vcceh(form_new_pamps.F): processing
vcceh(form_new_pamps.f): compiling at 16:35:45
vcceh(form_new_t1pamps.F): processing
vcceh(form_new_t1pamps.f): compiling at 16:35:45
vcceh(form_new_t2pamps_aa.F): processing
vcceh(form_new_t2pamps_aa.f): compiling at 16:35:45
vcceh(form_new_t2pamps_ab.F): processing
vcceh(form_new_t2pamps_ab.f): compiling at 16:35:46
vcceh(form_notrans_pt2.F): processing
vcceh(form_notrans_pt2.f): compiling at 16:35:46
vcceh(form_pvv_aa.F): processing
vcceh(form_pvv_aa.f): compiling at 16:35:46
vcceh(form_pvv_ab.F): processing
vcceh(form_pvv_ab.f): compiling at 16:35:46
vcceh(form_pvvoo_aa.F): processing
vcceh(form_pvvoo_aa.f): compiling at 16:35:47
vcceh(form_pvvoo_ab.F): processing
vcceh(form_pvvoo_ab.f): compiling at 16:35:47
vcceh(genrspnsden.F): processing
vcceh(genrspnsden.f): compiling at 16:35:47
vcceh(get_isodata.F): processing
vcceh(get_isodata.f): compiling at 16:35:47
vcceh(get_peom_nos.F): processing
vcceh(get_peom_nos.f): compiling at 16:35:48
vcceh(get_perturb_nos.F): processing
vcceh(get_perturb_nos.f): compiling at 16:35:48
vcceh(get_perturb_rspns_dens.F): processing
vcceh(get_perturb_rspns_dens.f): compiling at 16:35:48
vcceh(hbarxc2.F): processing
vcceh(hbarxc2.f): compiling at 16:35:48
vcceh(hbarxc.F): processing
vcceh(hbarxc.f): compiling at 16:35:49
vcceh(inipck3.F): processing
vcceh(inipck3.f): compiling at 16:35:49
vcceh(inipck.F): processing
vcceh(inipck.f): compiling at 16:35:49
vcceh(lineqy.F): processing
vcceh(lineqy.f): compiling at 16:35:49
vcceh(newlst.F): processing
vcceh(newlst.f): compiling at 16:35:50
vcceh(opr2mo.F): processing
vcceh(opr2mo.f): compiling at 16:35:50
vcceh(oprbar1r.F): processing
vcceh(oprbar1r.f): compiling at 16:35:50
vcceh(oprbar2r.F): processing
vcceh(oprbar2r.f): compiling at 16:35:51
vcceh(oprbar2u.F): processing
vcceh(oprbar2u.f): compiling at 16:35:51
vcceh(prntlo_expanded.F): processing
vcceh(prntlo_expanded.f): compiling at 16:35:51
vcceh(qdraolad.F): processing
vcceh(qdraolad.f): compiling at 16:35:52
vcceh(qw1lad.F): processing
vcceh(qw1lad.f): compiling at 16:35:52
vcceh(qz2tomo.F): processing
vcceh(qz2tomo.f): compiling at 16:35:52
vcceh(reord_2zmat.F): processing
vcceh(reord_2zmat.f): compiling at 16:35:52
vcceh(reord_2zmat_is.F): processing
vcceh(reord_2zmat_is.f): compiling at 16:35:52
vcceh(reorder_tx.F): processing
vcceh(reorder_tx.f): compiling at 16:35:53
vcceh(save_2alt_list.F): processing
vcceh(save_2alt_list.f): compiling at 16:35:53
vcceh(screen_peom_nos.F): processing
vcceh(screen_peom_nos.f): compiling at 16:35:53
vcceh(secprp2.F): processing
vcceh(secprp2.f): compiling at 16:35:53
vcceh(secprp.F): processing
vcceh(secprp.f): compiling at 16:35:54
vcceh(setup_4nos.F): processing
vcceh(setup_4nos.f): compiling at 16:35:54
vcceh(t1in_densoo.F): processing
vcceh(t1in_densoo.f): compiling at 16:35:54
vcceh(t1in_densvv.F): processing
vcceh(t1in_densvv.f): compiling at 16:35:55
vcceh(t1t1ind2_ao.F): processing
vcceh(t1t1ind2_ao.f): compiling at 16:35:55
vcceh(t2in_densoo.F): processing
vcceh(t2in_densoo.f): compiling at 16:35:55
vcceh(t2in_densvv.F): processing
vcceh(t2in_densvv.f): compiling at 16:35:55
vcceh(transform_2index_pt.F): processing
vcceh(transform_2index_pt.f): compiling at 16:35:56
vcceh(transform_4index_aa_pt.F): processing
vcceh(transform_4index_aa_pt.f): compiling at 16:35:56
vcceh(transform_4index_ab_pt.F): processing
vcceh(transform_4index_ab_pt.f): compiling at 16:35:56
vcceh(vcceh.F): processing
vcceh(vcceh.f): compiling at 16:35:56
vcceh(adddt.f): compiling at 16:35:57
vcceh(addfme.f): compiling at 16:35:57
vcceh(altsympck0.f): compiling at 16:35:57
vcceh(altsympck1.f): compiling at 16:35:57
vcceh(altsympck2.f): compiling at 16:35:57
vcceh(banner.f): compiling at 16:35:57
vcceh(bannerjs.f): compiling at 16:35:58
vcceh(blcklineq.f): compiling at 16:35:58
vcceh(bltprojd.f): compiling at 16:35:58
vcceh(bltprojs.f): compiling at 16:35:58
vcceh(calcquad1.f): compiling at 16:35:58
vcceh(calcquad2.f): compiling at 16:35:58
vcceh(check.f): compiling at 16:35:58
vcceh(cmpdso.f): compiling at 16:35:59
vcceh(cmpquad.f): compiling at 16:35:59
vcceh(cnt3bod2.f): compiling at 16:35:59
vcceh(cnt3bod.f): compiling at 16:35:59
vcceh(comppr.f): compiling at 16:35:59
vcceh(dblresort.f): compiling at 16:35:59
vcceh(dddot24.f): compiling at 16:36:00
vcceh(ddenom.f): compiling at 16:36:00
vcceh(ddiff.f): compiling at 16:36:00
vcceh(ddot24.f): compiling at 16:36:00
vcceh(dencan.f): compiling at 16:36:00
vcceh(dens11.f): compiling at 16:36:00
vcceh(densoo.f): compiling at 16:36:01
vcceh(densvo.f): compiling at 16:36:01
vcceh(densvv.f): compiling at 16:36:01
vcceh(detpert.f): compiling at 16:36:01
vcceh(detspinf.f): compiling at 16:36:01
vcceh(dft1int1.f): compiling at 16:36:02
vcceh(dft2int1.f): compiling at 16:36:02
vcceh(dft2int2.f): compiling at 16:36:02
vcceh(diaggues.f): compiling at 16:36:02
vcceh(dladder2.f): compiling at 16:36:02
vcceh(dladder.f): compiling at 16:36:02
vcceh(docntrc.f): compiling at 16:36:02
vcceh(dooaa.f): compiling at 16:36:03
vcceh(dooab.f): compiling at 16:36:03
vcceh(dooinvo.f): compiling at 16:36:03
vcceh(draolad.f): compiling at 16:36:03
vcceh(drhfrng.f): compiling at 16:36:03
vcceh(drvdso.f): compiling at 16:36:03
vcceh(drvfermi.f): compiling at 16:36:03
vcceh(drvpso.f): compiling at 16:36:04
vcceh(drvspndip.f): compiling at 16:36:04
vcceh(dsst03i.f): compiling at 16:36:04
vcceh(dt1int1.f): compiling at 16:36:04
vcceh(dt1int2a.f): compiling at 16:36:04
vcceh(dt1int2b.f): compiling at 16:36:04
vcceh(dt2int1a.f): compiling at 16:36:05
vcceh(dt2int1b.f): compiling at 16:36:05
vcceh(dtau.f): compiling at 16:36:05
vcceh(duhfrng.f): compiling at 16:36:05
vcceh(dumpit.f): compiling at 16:36:05
vcceh(dumpsymtrn.f): compiling at 16:36:05
vcceh(dvoinoo.f): compiling at 16:36:06
vcceh(dvoinvv.f): compiling at 16:36:06
vcceh(dvvaa.f): compiling at 16:36:06
vcceh(dvvab.f): compiling at 16:36:06
vcceh(dvvinvo.f): compiling at 16:36:06
vcceh(exciteproj.f): compiling at 16:36:06
vcceh(expden.f): compiling at 16:36:07
vcceh(expnd.f): compiling at 16:36:07
vcceh(fermiadapt.f): compiling at 16:36:07
vcceh(fetchvec.f): compiling at 16:36:07
vcceh(findmax.f): compiling at 16:36:07
vcceh(findnth.f): compiling at 16:36:07
vcceh(fixdblcont.f): compiling at 16:36:07
vcceh(fixsym.f): compiling at 16:36:08
vcceh(fndmaxd.f): compiling at 16:36:08
vcceh(formg.f): compiling at 16:36:08
vcceh(formq1.f): compiling at 16:36:08
vcceh(formq2r.f): compiling at 16:36:08
vcceh(formw1.f): compiling at 16:36:08
vcceh(gabefind.f): compiling at 16:36:08
vcceh(genqint.f): compiling at 16:36:09
vcceh(genqsd.f): compiling at 16:36:09
vcceh(genrhflst.f): compiling at 16:36:09
vcceh(getaoinf.f): compiling at 16:36:09
vcceh(getdenmethds.f): compiling at 16:36:09
vcceh(getdiag.f): compiling at 16:36:09
vcceh(getdt1.f): compiling at 16:36:09
vcceh(getpert1.f): compiling at 16:36:10
vcceh(gformg2.f): compiling at 16:36:10
vcceh(gformg.f): compiling at 16:36:10
vcceh(ginc1l.f): compiling at 16:36:10
vcceh(ginc2l.f): compiling at 16:36:10
vcceh(gmbejind.f): compiling at 16:36:11
vcceh(gmnijind.f): compiling at 16:36:11
vcceh(gschmidt.f): compiling at 16:36:11
vcceh(gsst002.f): compiling at 16:36:11
vcceh(gsst003.f): compiling at 16:36:11
vcceh(gsstrng.f): compiling at 16:36:11
vcceh(gt2xf.f): compiling at 16:36:11
vcceh(gtprtsym.f): compiling at 16:36:12
vcceh(h0qcont.f): compiling at 16:36:12
vcceh(hbarabcd.f): compiling at 16:36:12
vcceh(hbardiag.f): compiling at 16:36:12
vcceh(hdiagxdd.f): compiling at 16:36:12
vcceh(hdividedd.f): compiling at 16:36:12
vcceh(header.f): compiling at 16:36:13
vcceh(iaeinsd.f): compiling at 16:36:13
vcceh(imeins.f): compiling at 16:36:13
vcceh(imiinsd.f): compiling at 16:36:13
vcceh(incor.f): compiling at 16:36:13
vcceh(inipck2.f): compiling at 16:36:13
vcceh(initquad.f): compiling at 16:36:13
vcceh(irmxsymsz.f): compiling at 16:36:14
vcceh(isamin.f): compiling at 16:36:14
vcceh(isymsz2.f): compiling at 16:36:14
vcceh(jjspncup.f): compiling at 16:36:14
vcceh(l1w1.f): compiling at 16:36:14
vcceh(l2conta.f): compiling at 16:36:14
vcceh(large.f): compiling at 16:36:14
vcceh(lineqy2.f): compiling at 16:36:14
vcceh(loadint.f): compiling at 16:36:15
vcceh(loadvec1.f): compiling at 16:36:15
vcceh(loadvec2.f): compiling at 16:36:15
vcceh(maklst.f): compiling at 16:36:15
vcceh(makyfatb.f): compiling at 16:36:15
vcceh(makynitb.f): compiling at 16:36:15
vcceh(makznftb.f): compiling at 16:36:16
vcceh(matchd.f): compiling at 16:36:16
vcceh(matchs.f): compiling at 16:36:16
vcceh(matexp2.f): compiling at 16:36:16
vcceh(matexp.f): compiling at 16:36:16
vcceh(mkdblaa1.f): compiling at 16:36:16
vcceh(mkdblaa2.f): compiling at 16:36:16
vcceh(mkdblaa3.f): compiling at 16:36:17
vcceh(mkdblaa4.f): compiling at 16:36:17
vcceh(mkdblaa5.f): compiling at 16:36:17
vcceh(mkdblab1.f): compiling at 16:36:17
vcceh(mkdblab2.f): compiling at 16:36:17
vcceh(mkdblab3.f): compiling at 16:36:17
vcceh(mkdblab4.f): compiling at 16:36:18
vcceh(mkdblab5.f): compiling at 16:36:18
vcceh(mkdblrng1.f): compiling at 16:36:18
vcceh(mkdblrng2.f): compiling at 16:36:18
vcceh(mkfdenom.f): compiling at 16:36:18
vcceh(mkqudlst.f): compiling at 16:36:18
vcceh(mkrhflst.f): compiling at 16:36:19
vcceh(mkt1dbl.f): compiling at 16:36:19
vcceh(mkt1gmbeja1.f): compiling at 16:36:19
vcceh(mkt1gmbeja2.f): compiling at 16:36:19
vcceh(mkt1gmbejb1.f): compiling at 16:36:19
vcceh(mkt1gmbejb2.f): compiling at 16:36:19
vcceh(mkt1gmbejc1.f): compiling at 16:36:20
vcceh(mkt1gmbejc2.f): compiling at 16:36:20
vcceh(mkt1gmnijaa.f): compiling at 16:36:20
vcceh(mkt1gmnijab.f): compiling at 16:36:20
vcceh(mkt1tau.f): compiling at 16:36:20
vcceh(mkt2gmnij.f): compiling at 16:36:20
vcceh(mkt2iaeaa.f): compiling at 16:36:21
vcceh(mkt2iaeab.f): compiling at 16:36:21
vcceh(mkt2imiaa.f): compiling at 16:36:21
vcceh(mkt2imiab.f): compiling at 16:36:21
vcceh(mo2ao3.f): compiling at 16:36:21
vcceh(modaibc.f): compiling at 16:36:21
vcceh(modf.f): compiling at 16:36:22
vcceh(modgab.f): compiling at 16:36:22
vcceh(modgij.f): compiling at 16:36:22
vcceh(modhbar.f): compiling at 16:36:22
vcceh(modt2.f): compiling at 16:36:22
vcceh(neatprint.f): compiling at 16:36:22
vcceh(newges.f): compiling at 16:36:22
vcceh(nucdip.f): compiling at 16:36:23
vcceh(oprbar0.f): compiling at 16:36:23
vcceh(oprbar.f): compiling at 16:36:23
vcceh(orbanal.f): compiling at 16:36:23
vcceh(output.f): compiling at 16:36:23
vcceh(parseinp.f): compiling at 16:36:23
vcceh(phbarxc2.f): compiling at 16:36:24
vcceh(phbarxc.f): compiling at 16:36:24
vcceh(plineqy.f): compiling at 16:36:24
vcceh(prntlo.f): compiling at 16:36:24
vcceh(projectcheck.f): compiling at 16:36:24
vcceh(prtextlst.f): compiling at 16:36:24
vcceh(prtlist.f): compiling at 16:36:24
vcceh(psoadapt.f): compiling at 16:36:25
vcceh(putexciteprj.f): compiling at 16:36:25
vcceh(qreset.f): compiling at 16:36:25
vcceh(qresort.f): compiling at 16:36:25
vcceh(qsstdsk.f): compiling at 16:36:25
vcceh(qsymrhf.f): compiling at 16:36:26
vcceh(qt1ring.f): compiling at 16:36:26
vcceh(qthrbaa1.f): compiling at 16:36:26
vcceh(qthrbaa2.f): compiling at 16:36:26
vcceh(qthrbab1.f): compiling at 16:36:27
vcceh(qthrbab2.f): compiling at 16:36:27
vcceh(qthrbdy1.f): compiling at 16:36:27
vcceh(qthrbdy2.f): compiling at 16:36:27
vcceh(readdg.f): compiling at 16:36:27
vcceh(reset.f): compiling at 16:36:27
vcceh(resort.f): compiling at 16:36:27
vcceh(rngcontr.f): compiling at 16:36:28
vcceh(rsc1inc2.f): compiling at 16:36:28
vcceh(rsc2inc1.f): compiling at 16:36:28
vcceh(rsdsnsd.f): compiling at 16:36:28
vcceh(rsl1inl2.f): compiling at 16:36:28
vcceh(sasum.f): compiling at 16:36:28
vcceh(savd.f): compiling at 16:36:29
vcceh(sdadapt.f): compiling at 16:36:29
vcceh(seeklb.f): compiling at 16:36:29
vcceh(setmet.f): compiling at 16:36:29
vcceh(solvesmall.f): compiling at 16:36:29
vcceh(spinad56.f): compiling at 16:36:29
vcceh(spinmod.f): compiling at 16:36:29
vcceh(spntsing.f): compiling at 16:36:29
vcceh(spntsng2.f): compiling at 16:36:30
vcceh(spntsng3.f): compiling at 16:36:30
vcceh(symadapt.f): compiling at 16:36:30
vcceh(symexp5.f): compiling at 16:36:30
vcceh(symrhf2.f): compiling at 16:36:30
vcceh(symrhf3.f): compiling at 16:36:30
vcceh(symrhf4.f): compiling at 16:36:31
vcceh(symrhf.f): compiling at 16:36:31
vcceh(symt2ab.f): compiling at 16:36:31
vcceh(t1qgmnij.f): compiling at 16:36:31
vcceh(t1qiae.f): compiling at 16:36:31
vcceh(t1qime.f): compiling at 16:36:32
vcceh(t1qimi.f): compiling at 16:36:32
vcceh(t1t1ind1.f): compiling at 16:36:32
vcceh(t1t1ind2.f): compiling at 16:36:32
vcceh(t1w1.f): compiling at 16:36:32
vcceh(t2qgmbej.f): compiling at 16:36:32
vcceh(t2qgmnij.f): compiling at 16:36:33
vcceh(t2qiae.f): compiling at 16:36:33
vcceh(t2qimi.f): compiling at 16:36:33
vcceh(t2toao.f): compiling at 16:36:33
vcceh(tab.f): compiling at 16:36:33
vcceh(truncate.f): compiling at 16:36:33
vcceh(unwind.f): compiling at 16:36:34
vcceh(updates2.f): compiling at 16:36:34
vcceh(updates.f): compiling at 16:36:34
vcceh(w1aa.f): compiling at 16:36:34
vcceh(w1ab.f): compiling at 16:36:34
vcceh(w1lad.f): compiling at 16:36:34
vcceh(w5t1abcd.f): compiling at 16:36:34
vcceh(wabci1.f): compiling at 16:36:35
vcceh(wabci3.f): compiling at 16:36:35
vcceh(write_alpha.f): compiling at 16:36:35
vcceh(wrtdblprj.f): compiling at 16:36:35
vcceh(z2tomo.f): compiling at 16:36:35
vcceh(zerlst.f): compiling at 16:36:36
vcceh(zersym.f): compiling at 16:36:36

Object files are up-to-date.

Archiving objects

Linking binary
Stripping binary if necessary

Installing the library as:
   /home/perera/Develop/lib/libvcceh.a

The installed library is up-to-date.

Installing the binary as:
   /home/perera/Develop/bin/xvcceh

The installed binary is up-to-date.
gmake[1]: Leaving directory '/home/perera/Develop/ACESII_build/vcceh'
gmake[1]: Entering directory '/home/perera/Develop/ACESII_build/vee'
vee(add_trps.F): processing
vee(add_trps.f): compiling at 16:36:38
vee(afterrg.F): processing
vee(afterrg.f): compiling at 16:36:38
vee(assign_rcc_spin_state.F): processing
vee(assign_rcc_spin_state.f): compiling at 16:36:39
vee(assign_states_rhf.F): processing
vee(assign_states_rhf.f): compiling at 16:36:39
vee(assign_states_uhf.F): processing
vee(assign_states_uhf.f): compiling at 16:36:39
vee(augmentp.F): processing
vee(augmentp.f): compiling at 16:36:40
vee(augmentr.F): processing
vee(augmentr.f): compiling at 16:36:40
vee(beyond_dipole.F): processing
vee(beyond_dipole.f): compiling at 16:36:40
vee(c1rpahbar1c1.F): processing
vee(c1rpahbar1c1.f): compiling at 16:36:40
vee(c1rpahbar2c1.F): processing
vee(c1rpahbar2c1.f): compiling at 16:36:41
vee(c1rpaint2c2a.F): processing
vee(c1rpaint2c2a.f): compiling at 16:36:41
vee(c1rpaint2c2b.F): processing
vee(c1rpaint2c2b.f): compiling at 16:36:41
vee(c2inc1a.F): processing
vee(c2inc1a.f): compiling at 16:36:42
vee(c2inc1b.F): processing
vee(c2inc1b.f): compiling at 16:36:42
vee(calcxi.F): processing
vee(calcxi.f): compiling at 16:36:42
vee(checkhbar.F): processing
vee(checkhbar.f): compiling at 16:36:43
vee(check_ints.F): processing
vee(check_ints.f): compiling at 16:36:43
vee(checksum.F): processing
vee(checksum.f): compiling at 16:36:43
vee(check_tdens_lists.F): processing
vee(check_tdens_lists.f): compiling at 16:36:44
vee(check_vee_lists.F): processing
vee(check_vee_lists.f): compiling at 16:36:44
vee(check_vee_lists_init.F): processing
vee(check_vee_lists_init.f): compiling at 16:36:44
vee(clcnt3.F): processing
vee(clcnt3.f): compiling at 16:36:44
vee(copy_hbar.F): processing
vee(copy_hbar.f): compiling at 16:36:45
vee(davidtda.F): processing
vee(davidtda.f): compiling at 16:36:45
vee(dbls_correctns_2rpa.F): processing
vee(dbls_correctns_2rpa.f): compiling at 16:36:45
vee(ddmprgss.F): processing
vee(ddmprgss.f): compiling at 16:36:46
vee(dens11.F): processing
vee(dens11.f): compiling at 16:36:46
vee(dft1int1.F): processing
vee(dft1int1.f): compiling at 16:36:46
vee(dft2int1.F): processing
vee(dft2int1.f): compiling at 16:36:46
vee(diagr.F): processing
vee(diagr.f): compiling at 16:36:47
vee(dladder2.F): processing
vee(dladder2.f): compiling at 16:36:47
vee(dladder.F): processing
vee(dladder.f): compiling at 16:36:47
vee(dmprgss.F): processing
vee(dmprgss.f): compiling at 16:36:48
vee(dobwpt2.F): processing
vee(dobwpt2.f): compiling at 16:36:48
vee(doeomee_blockdavid.F): processing
vee(doeomee_blockdavid.f): compiling at 16:36:48
vee(doeomee_david.F): processing
vee(doeomee_david.f): compiling at 16:36:49
vee(doeomee_lanczos.F): processing
vee(doeomee_lanczos.f): compiling at 16:36:49
vee(doparteom.F): processing
vee(doparteom.f): compiling at 16:36:49
vee(drcl_dwmbej_4ee_corr.F): processing
vee(drcl_dwmbej_4ee_corr.f): compiling at 16:36:50
vee(drdtgss.F): processing
vee(drdtgss.f): compiling at 16:36:50
vee(drive_core_ee_core_window.F): processing
vee(drive_core_ee_core_window.f): compiling at 16:36:50
vee(drive_core_ee_state_sp.F): processing
vee(drive_core_ee_state_sp.f): compiling at 16:36:51
vee(drive_core_tda_window.F): processing
vee(drive_core_tda_window.f): compiling at 16:36:51
vee(drive_nto_ee_state_prjct_4peom.F): processing
vee(drive_nto_ee_state_prjct_4peom.f): compiling at 16:36:51
vee(drive_nto_ee_state_prjct.F): processing
vee(drive_nto_ee_state_prjct.f): compiling at 16:36:51
vee(drvtda.F): processing
vee(drvtda.f): compiling at 16:36:52
vee(dt1int1.F): processing
vee(dt1int1.f): compiling at 16:36:52
vee(dt1int2a_ext.F): processing
vee(dt1int2a_ext.f): compiling at 16:36:53
vee(dt1int2a.F): processing
vee(dt1int2a.f): compiling at 16:36:53
vee(dt1int2b_ext.F): processing
vee(dt1int2b_ext.f): compiling at 16:36:53
vee(dt1int2b.F): processing
vee(dt1int2b.f): compiling at 16:36:54
vee(dt2int1a.F): processing
vee(dt2int1a.f): compiling at 16:36:54
vee(dt2int1b.F): processing
vee(dt2int1b.f): compiling at 16:36:54
vee(dt2int2.F): processing
vee(dt2int2.f): compiling at 16:36:55
vee(ed_david.F): processing
vee(ed_david.f): compiling at 16:36:55
vee(edenprc.F): processing
vee(edenprc.f): compiling at 16:36:55
vee(edens_4gtden.F): processing
vee(edens_4gtden.f): compiling at 16:36:55
vee(eom_ccsdpt.F): processing
vee(eom_ccsdpt.f): compiling at 16:36:56
vee(eom_rcc_diags.F): processing
vee(eom_rcc_diags.f): compiling at 16:36:56
vee(eom_rcc_driver.F): processing
vee(eom_rcc_driver.f): compiling at 16:36:56
vee(form_d2_4rcc.F): processing
vee(form_d2_4rcc.f): compiling at 16:36:57
vee(form_dbls_correctns_2cis.F): processing
vee(form_dbls_correctns_2cis.f): compiling at 16:36:57
vee(form_dbls_correctns_2rcc.F): processing
vee(form_dbls_correctns_2rcc.f): compiling at 16:36:57
vee(form_extra_lists.F): processing
vee(form_extra_lists.f): compiling at 16:36:58
vee(form_genrlizd_osc_bd.F): processing
vee(form_genrlizd_osc_bd.f): compiling at 16:36:58
vee(form_genrlizd_oscstrength.F): processing
vee(form_genrlizd_oscstrength.f): compiling at 16:36:58
vee(form_genrlizd_tdens.F): processing
vee(form_genrlizd_tdens.f): compiling at 16:36:59
vee(form_modf_fbar.F): processing
vee(form_modf_fbar.f): compiling at 16:36:59
vee(form_modf_hbar_mbej_4ee_corr.F): processing
vee(form_modf_hbar_mbej_4ee_corr.f): compiling at 16:36:59
vee(form_new_c2.F): processing
vee(form_new_c2.f): compiling at 16:37:00
vee(form_percent_excite.F): processing
vee(form_percent_excite.f): compiling at 16:37:00
vee(forms.F): processing
vee(forms.f): compiling at 16:37:00
vee(gden_debug.F): processing
vee(gden_debug.f): compiling at 16:37:00
vee(gdens.F): processing
vee(gdens.f): compiling at 16:37:01
vee(genrlizd_beyond_dipole.F): processing
vee(genrlizd_beyond_dipole.f): compiling at 16:37:01
vee(genrlizd_mutipole_fin.F): processing
vee(genrlizd_mutipole_fin.f): compiling at 16:37:01
vee(genrlizd_mutipole_init.F): processing
vee(genrlizd_mutipole_init.f): compiling at 16:37:02
vee(getfges.F): processing
vee(getfges.f): compiling at 16:37:02
vee(get_topamps.F): processing
vee(get_topamps.f): compiling at 16:37:02
vee(hbardiag.F): processing
vee(hbardiag.f): compiling at 16:37:02
vee(hbarxc.F): processing
vee(hbarxc.f): compiling at 16:37:03
vee(hdiagxdd.F): processing
vee(hdiagxdd.f): compiling at 16:37:03
vee(isymsz2.F): processing
vee(isymsz2.f): compiling at 16:37:03
vee(maklst.F): processing
vee(maklst.f): compiling at 16:37:04
vee(modf2.F): processing
vee(modf2.f): compiling at 16:37:04
vee(modifyt2.F): processing
vee(modifyt2.f): compiling at 16:37:04
vee(multipole.F): processing
vee(multipole.f): compiling at 16:37:05
vee(natorbs.F): processing
vee(natorbs.f): compiling at 16:37:05
vee(newges.F): processing
vee(newges.f): compiling at 16:37:05
vee(nextdav.F): processing
vee(nextdav.f): compiling at 16:37:05
vee(normalize_rk.F): processing
vee(normalize_rk.f): compiling at 16:37:06
vee(nt3aab.F): processing
vee(nt3aab.f): compiling at 16:37:06
vee(osc_bd_fin.F): processing
vee(osc_bd_fin.f): compiling at 16:37:06
vee(osc_bd_init.F): processing
vee(osc_bd_init.f): compiling at 16:37:07
vee(osc_fin.F): processing
vee(osc_fin.f): compiling at 16:37:07
vee(osc_init.F): processing
vee(osc_init.f): compiling at 16:37:07
vee(parseinp.F): processing
vee(parseinp.f): compiling at 16:37:08
vee(pdcc_dft2int2.F): processing
vee(pdcc_dft2int2.f): compiling at 16:37:08
vee(pdcc_fixf.F): processing
vee(pdcc_fixf.f): compiling at 16:37:09
vee(pdcc_modf.F): processing
vee(pdcc_modf.f): compiling at 16:37:09
vee(pdcc_w1lad.F): processing
vee(pdcc_w1lad.f): compiling at 16:37:09
vee(popanal.F): processing
vee(popanal.f): compiling at 16:37:09
vee(print_bd.F): processing
vee(print_bd.f): compiling at 16:37:10
vee(process_rhf_ccd_roots.F): processing
vee(process_rhf_ccd_roots.f): compiling at 16:37:10
vee(process_uhf_ccd_roots.F): processing
vee(process_uhf_ccd_roots.f): compiling at 16:37:10
vee(rcl_dwmbej_r_4ee_corr.F): processing
vee(rcl_dwmbej_r_4ee_corr.f): compiling at 16:37:11
vee(rcl_dwmbej_u_4ee_corr.F): processing
vee(rcl_dwmbej_u_4ee_corr.f): compiling at 16:37:11
vee(rdrgss.F): processing
vee(rdrgss.f): compiling at 16:37:11
vee(reset_eomvecs.F): processing
vee(reset_eomvecs.f): compiling at 16:37:11
vee(resort.F): processing
vee(resort.f): compiling at 16:37:12
vee(rsdsnsd.F): processing
vee(rsdsnsd.f): compiling at 16:37:12
vee(save_hbar.F): processing
vee(save_hbar.f): compiling at 16:37:12
vee(setmet.F): processing
vee(setmet.f): compiling at 16:37:13
vee(sort_rcc_eigs.F): processing
vee(sort_rcc_eigs.f): compiling at 16:37:13
vee(spin_orbit.F): processing
vee(spin_orbit.f): compiling at 16:37:13
vee(tablee.F): processing
vee(tablee.f): compiling at 16:37:13
vee(tdee_check.F): processing
vee(tdee_check.f): compiling at 16:37:14
vee(tdee_iterate_post.F): processing
vee(tdee_iterate_post.f): compiling at 16:37:14
vee(tdee_iterate_pre.F): processing
vee(tdee_iterate_pre.f): compiling at 16:37:14
vee(test_dm.F): processing
vee(test_dm.f): compiling at 16:37:15
vee(tpdens.F): processing
vee(tpdens.f): compiling at 16:37:15
vee(updates.F): processing
vee(updates.f): compiling at 16:37:15
vee(vee.F): processing
vee(vee.f): compiling at 16:37:16
vee(zero_490_list.F): processing
vee(zero_490_list.f): compiling at 16:37:16
vee(abtoaa.f): compiling at 16:37:16
vee(addoneh.f): compiling at 16:37:16
vee(assym4.f): compiling at 16:37:16
vee(calcc0.f): compiling at 16:37:16
vee(calcden.f): compiling at 16:37:17
vee(calcexcp.f): compiling at 16:37:17
vee(calcfstr.f): compiling at 16:37:17
vee(calconel.f): compiling at 16:37:17
vee(calczeta.f): compiling at 16:37:17
vee(checkgam1.f): compiling at 16:37:18
vee(checkgam.f): compiling at 16:37:18
vee(chexrt.f): compiling at 16:37:18
vee(chkrng.f): compiling at 16:37:18
vee(clczeta2.f): compiling at 16:37:18
vee(cnt3bod2.f): compiling at 16:37:18
vee(dcc_hbar_fae.f): compiling at 16:37:19
vee(dcc_hbar_fmi.f): compiling at 16:37:19
vee(dddot24.f): compiling at 16:37:19
vee(ddenom2.f): compiling at 16:37:19
vee(ddenom.f): compiling at 16:37:19
vee(ddenomtda.f): compiling at 16:37:20
vee(detncalc.f): compiling at 16:37:20
vee(dft2int2.f): compiling at 16:37:20
vee(diagall.f): compiling at 16:37:20
vee(diaggues.f): compiling at 16:37:20
vee(diplist.f): compiling at 16:37:21
vee(dooinvo.f): compiling at 16:37:21
vee(dozeta.f): compiling at 16:37:21
vee(draolad.f): compiling at 16:37:21
vee(drhfrng.f): compiling at 16:37:21
vee(drhfrng_modf.f): compiling at 16:37:21
vee(dsst03i.f): compiling at 16:37:22
vee(duhfrng.f): compiling at 16:37:22
vee(duhfrng_modf.f): compiling at 16:37:22
vee(dvoinoo.f): compiling at 16:37:22
vee(dvoinvv.f): compiling at 16:37:22
vee(dvvinvo.f): compiling at 16:37:22
vee(ed_diag.f): compiling at 16:37:22
vee(edens.f): compiling at 16:37:23
vee(e_initrp.f): compiling at 16:37:23
vee(el2r1.f): compiling at 16:37:23
vee(e_s1s214.f): compiling at 16:37:23
vee(e_s1s223.f): compiling at 16:37:23
vee(e_t1t314.f): compiling at 16:37:24
vee(e_t1t32n.f): compiling at 16:37:24
vee(e_t2ft314.f): compiling at 16:37:24
vee(e_t2t314.f): compiling at 16:37:24
vee(e_t2t314o.f): compiling at 16:37:24
vee(e_t2t32.f): compiling at 16:37:25
vee(e_t2t32o.f): compiling at 16:37:25
vee(e_t2t33.f): compiling at 16:37:25
vee(e_t2t33o.f): compiling at 16:37:25
vee(e_tspabci2.f): compiling at 16:37:26
vee(e_tspabci.f): compiling at 16:37:26
vee(expden.f): compiling at 16:37:26
vee(factor.f): compiling at 16:37:26
vee(fetchvec.f): compiling at 16:37:26
vee(findmax.f): compiling at 16:37:27
vee(findnth.f): compiling at 16:37:27
vee(fixsym.f): compiling at 16:37:27
vee(fndclose.f): compiling at 16:37:27
vee(fndmaxd.f): compiling at 16:37:27
vee(fndmaxs.f): compiling at 16:37:27
vee(fndmine.f): compiling at 16:37:27
vee(fndndims.f): compiling at 16:37:28
vee(fndnear.f): compiling at 16:37:28
vee(formq1.f): compiling at 16:37:28
vee(formw1.f): compiling at 16:37:28
vee(formx4ha.f): compiling at 16:37:28
vee(formx4hb.f): compiling at 16:37:28
vee(g2tau.f): compiling at 16:37:29
vee(gcc3w4ring.f): compiling at 16:37:29
vee(gcc3w4tau.f): compiling at 16:37:29
vee(gcc3w5ring.f): compiling at 16:37:29
vee(gcc3w5tau.f): compiling at 16:37:30
vee(gdens1.f): compiling at 16:37:30
vee(gdensov.f): compiling at 16:37:30
vee(gdensvo.f): compiling at 16:37:30
vee(getaoinf.f): compiling at 16:37:30
vee(getdele.f): compiling at 16:37:31
vee(getdiag.f): compiling at 16:37:31
vee(getdt1.f): compiling at 16:37:31
vee(gformg2.f): compiling at 16:37:31
vee(gformg.f): compiling at 16:37:31
vee(ggsden.f): compiling at 16:37:32
vee(ginc1l.f): compiling at 16:37:32
vee(ginc2l.f): compiling at 16:37:32
vee(gschmidt.f): compiling at 16:37:32
vee(gsden.f): compiling at 16:37:32
vee(gsorthog.f): compiling at 16:37:32
vee(gsst002.f): compiling at 16:37:33
vee(gsst003.f): compiling at 16:37:33
vee(gt2xf.f): compiling at 16:37:33
vee(gt3wt214.f): compiling at 16:37:33
vee(gt3wt22.f): compiling at 16:37:33
vee(gt3wt23.f): compiling at 16:37:34
vee(gttau2.f): compiling at 16:37:34
vee(gttau.f): compiling at 16:37:34
vee(gw5inrhf.f): compiling at 16:37:34
vee(gw5inuhf1.f): compiling at 16:37:35
vee(gw5inuhf2.f): compiling at 16:37:35
vee(gw5inuhf3.f): compiling at 16:37:35
vee(gw5t1abcd.f): compiling at 16:37:35
vee(h4r2all.f): compiling at 16:37:36
vee(h4t2all.f): compiling at 16:37:36
vee(hbarabcd.f): compiling at 16:37:36
vee(hbardig2.f): compiling at 16:37:37
vee(hdividedd.f): compiling at 16:37:37
vee(header.f): compiling at 16:37:37
vee(hrrngdrv.f): compiling at 16:37:37
vee(htrngdrv.f): compiling at 16:37:37
vee(iabcont.f): compiling at 16:37:37
vee(iaicont.f): compiling at 16:37:38
vee(incor.f): compiling at 16:37:38
vee(inigam.f): compiling at 16:37:38
vee(inipck2.f): compiling at 16:37:38
vee(initleft.f): compiling at 16:37:38
vee(initnumr.f): compiling at 16:37:38
vee(inittda.f): compiling at 16:37:39
vee(intprtnmr.f): compiling at 16:37:39
vee(irmxsymsz.f): compiling at 16:37:39
vee(isamin.f): compiling at 16:37:39
vee(l1w1.f): compiling at 16:37:39
vee(l2inl1_leom.f): compiling at 16:37:39
vee(large.f): compiling at 16:37:40
vee(lnorm.f): compiling at 16:37:40
vee(loadint.f): compiling at 16:37:40
vee(loadvec1.f): compiling at 16:37:40
vee(lsc1sc2.f): compiling at 16:37:40
vee(makess.f): compiling at 16:37:41
vee(match1.f): compiling at 16:37:41
vee(match2.f): compiling at 16:37:41
vee(matexp2.f): compiling at 16:37:41
vee(mksd.f): compiling at 16:37:41
vee(mo2ao3.f): compiling at 16:37:41
vee(modaibc.f): compiling at 16:37:42
vee(modf.f): compiling at 16:37:42
vee(modgab.f): compiling at 16:37:42
vee(modgij.f): compiling at 16:37:42
vee(modhbar.f): compiling at 16:37:42
vee(modtda.f): compiling at 16:37:42
vee(mtdaener.f): compiling at 16:37:43
vee(new2324.f): compiling at 16:37:43
vee(newamp.f): compiling at 16:37:43
vee(newlst.f): compiling at 16:37:43
vee(nt3aaa.f): compiling at 16:37:43
vee(nt3bba.f): compiling at 16:37:44
vee(nucdip.f): compiling at 16:37:44
vee(orbanal.f): compiling at 16:37:44
vee(ordered.f): compiling at 16:37:44
vee(ordertda.f): compiling at 16:37:44
vee(pdcc_quad2.f): compiling at 16:37:45
vee(pdcc_quad3.f): compiling at 16:37:45
vee(phbarxc.f): compiling at 16:37:45
vee(printsum.f): compiling at 16:37:45
vee(prmainx.f): compiling at 16:37:45
vee(prntlo.f): compiling at 16:37:46
vee(prtdpsnmr.f): compiling at 16:37:46
vee(putexcp.f): compiling at 16:37:46
vee(quikaa3.f): compiling at 16:37:46
vee(quikaa.f): compiling at 16:37:46
vee(r1l1y2a.f): compiling at 16:37:46
vee(r1l1y2b.f): compiling at 16:37:47
vee(r1l1y2c.f): compiling at 16:37:47
vee(r1l1y2.f): compiling at 16:37:47
vee(r1l2y2a.f): compiling at 16:37:47
vee(r1l2y2b.f): compiling at 16:37:47
vee(r1l2y2c.f): compiling at 16:37:48
vee(r1l2y2d.f): compiling at 16:37:48
vee(r1l2y2e.f): compiling at 16:37:48
vee(r1l2y2.f): compiling at 16:37:48
vee(r1l2y2f.f): compiling at 16:37:48
vee(r1l2y2g.f): compiling at 16:37:48
vee(r1l2y2h.f): compiling at 16:37:49
vee(r1l2y2i.f): compiling at 16:37:49
vee(r1l2y2j.f): compiling at 16:37:49
vee(r1l2y2k.f): compiling at 16:37:49
vee(r1l2y2l.f): compiling at 16:37:49
vee(r1z.f): compiling at 16:37:49
vee(r2l1y1a.f): compiling at 16:37:50
vee(r2l1y1b.f): compiling at 16:37:50
vee(r2l1y1c.f): compiling at 16:37:50
vee(r2l1y1.f): compiling at 16:37:50
vee(r2l2rngd.f): compiling at 16:37:50
vee(r2l2rng.f): compiling at 16:37:51
vee(r2l2y1a.f): compiling at 16:37:51
vee(r2l2y1b.f): compiling at 16:37:51
vee(r2l2y1c.f): compiling at 16:37:51
vee(r2l2y1d.f): compiling at 16:37:51
vee(r2l2y1e.f): compiling at 16:37:51
vee(r2l2y1.f): compiling at 16:37:52
vee(r2l2y1f.f): compiling at 16:37:52
vee(r2l2y1g.f): compiling at 16:37:52
vee(r2l2y1h.f): compiling at 16:37:52
vee(r2l2y1hi.f): compiling at 16:37:52
vee(r2l2y1i.f): compiling at 16:37:53
vee(r2l2y1j.f): compiling at 16:37:53
vee(r2l2y1k.f): compiling at 16:37:53
vee(r2l2y2a.f): compiling at 16:37:53
vee(r2l2y2b.f): compiling at 16:37:53
vee(r2l2y2c.f): compiling at 16:37:53
vee(r2l2y2d.f): compiling at 16:37:54
vee(r2l2y2e.f): compiling at 16:37:54
vee(r2l2y2.f): compiling at 16:37:54
vee(r2l2y2f.f): compiling at 16:37:54
vee(r2l2y2g.f): compiling at 16:37:54
vee(reform.f): compiling at 16:37:54
vee(reformp.f): compiling at 16:37:55
vee(resetss.f): compiling at 16:37:55
vee(rngint.f): compiling at 16:37:55
vee(rngintrs.f): compiling at 16:37:55
vee(rnorm.f): compiling at 16:37:55
vee(rsc1inc2.f): compiling at 16:37:55
vee(rsc2inc1.f): compiling at 16:37:56
vee(rsl1inl2.f): compiling at 16:37:56
vee(s2expect.f): compiling at 16:37:56
vee(sasum.f): compiling at 16:37:56
vee(seeklb.f): compiling at 16:37:56
vee(setlst.f): compiling at 16:37:57
vee(solvtda.f): compiling at 16:37:57
vee(sorth.f): compiling at 16:37:57
vee(spntsing.f): compiling at 16:37:57
vee(spntsng2.f): compiling at 16:37:57
vee(startv.f): compiling at 16:37:57
vee(sumrng.f): compiling at 16:37:58
vee(sym1718.f): compiling at 16:37:58
vee(symexp5.f): compiling at 16:37:58
vee(symt2ab.f): compiling at 16:37:58
vee(t1w1.f): compiling at 16:37:58
vee(t1z.f): compiling at 16:37:58
vee(t2ft323.f): compiling at 16:37:59
vee(t2l2rngd2.f): compiling at 16:37:59
vee(t2l2rngd.f): compiling at 16:37:59
vee(t2l2rng.f): compiling at 16:37:59
vee(t2toao.f): compiling at 16:37:59
vee(tab.f): compiling at 16:37:59
vee(tdaanal.f): compiling at 16:38:00
vee(tdens.f): compiling at 16:38:00
vee(tpdabcd.f): compiling at 16:38:00
vee(tpdabci1.f): compiling at 16:38:00
vee(tpdabci2.f): compiling at 16:38:00
vee(tpdabci3.f): compiling at 16:38:01
vee(tpdabci4.f): compiling at 16:38:01
vee(tpdabci5.f): compiling at 16:38:01
vee(tpdabci6.f): compiling at 16:38:01
vee(tpdabci7.f): compiling at 16:38:01
vee(tpdabci8.f): compiling at 16:38:02
vee(tpdabci.f): compiling at 16:38:02
vee(tpdaibc.f): compiling at 16:38:02
vee(tpdaibj1.f): compiling at 16:38:02
vee(tpdaibj2.f): compiling at 16:38:02
vee(tpdaibj3.f): compiling at 16:38:02
vee(tpdaibj.f): compiling at 16:38:03
vee(tpdiajk.f): compiling at 16:38:03
vee(tpdijab0.f): compiling at 16:38:03
vee(tpdijab1.f): compiling at 16:38:03
vee(tpdijab2.f): compiling at 16:38:04
vee(tpdijab3.f): compiling at 16:38:04
vee(tpdijab4.f): compiling at 16:38:04
vee(tpdijab5.f): compiling at 16:38:04
vee(tpdijab.f): compiling at 16:38:05
vee(tpdijka1.f): compiling at 16:38:05
vee(tpdijka2.f): compiling at 16:38:05
vee(tpdijka3.f): compiling at 16:38:05
vee(tpdijka4.f): compiling at 16:38:05
vee(tpdijka5.f): compiling at 16:38:05
vee(tpdijka6.f): compiling at 16:38:06
vee(tpdijka7.f): compiling at 16:38:06
vee(tpdijka8.f): compiling at 16:38:06
vee(tpdijka.f): compiling at 16:38:06
vee(tpdijkl.f): compiling at 16:38:06
vee(trnmom1.f): compiling at 16:38:06
vee(trnspace.f): compiling at 16:38:07
vee(truncate.f): compiling at 16:38:07
vee(updexcp.f): compiling at 16:38:07
vee(vecdiv2.f): compiling at 16:38:07
vee(w1lad.f): compiling at 16:38:07
vee(wfanal.f): compiling at 16:38:07
vee(writdg.f): compiling at 16:38:08
vee(y2xr2.f): compiling at 16:38:08
vee(z2tomo.f): compiling at 16:38:08
vee(z2xt2.f): compiling at 16:38:08

Object files are up-to-date.

Archiving objects

Linking binary
Stripping binary if necessary

Installing the library as:
   /home/perera/Develop/lib/libvee.a

The installed library is up-to-date.

Installing the binary as:
   /home/perera/Develop/bin/xvee

The installed binary is up-to-date.
gmake[1]: Leaving directory '/home/perera/Develop/ACESII_build/vee'
gmake[1]: Entering directory '/home/perera/Develop/ACESII_build/pdens'
pdens(anti_symm.F): processing
pdens(anti_symm.f): compiling at 16:38:11
pdens(checksum.F): processing
pdens(checksum.f): compiling at 16:38:11
pdens(comp_2ndord_props.F): processing
pdens(comp_2ndord_props.f): compiling at 16:38:11
pdens(gdens1.F): processing
pdens(gdens1.f): compiling at 16:38:12
pdens(gdensvo.F): processing
pdens(gdensvo.f): compiling at 16:38:12
pdens(gen_pertrb_rspns_dens.F): processing
pdens(gen_pertrb_rspns_dens.f): compiling at 16:38:12
pdens(get_rnorm.F): processing
pdens(get_rnorm.f): compiling at 16:38:12
pdens(gformg_mod_4pdens.F): processing
pdens(gformg_mod_4pdens.f): compiling at 16:38:13
pdens(gt2xf.F): processing
pdens(gt2xf.f): compiling at 16:38:13
pdens(gt2xf_mod_4pdens.F): processing
pdens(gt2xf_mod_4pdens.f): compiling at 16:38:13
pdens(main.F): processing
pdens(main.f): compiling at 16:38:13
pdens(make_lists4_pertrb_dens.F): processing
pdens(make_lists4_pertrb_dens.f): compiling at 16:38:14
pdens(pert_dens_main.F): processing
pdens(pert_dens_main.f): compiling at 16:38:14
pdens(prnt_spnspn_tnsr.F): processing
pdens(prnt_spnspn_tnsr.f): compiling at 16:38:14
pdens(prp_den4props.F): processing
pdens(prp_den4props.f): compiling at 16:38:14
pdens(ptdens.F): processing
pdens(ptdens.f): compiling at 16:38:15
pdens(read_pdens.F): processing
pdens(read_pdens.f): compiling at 16:38:15
pdens(save_pdens.F): processing
pdens(save_pdens.f): compiling at 16:38:15
pdens(scaleblock.F): processing
pdens(scaleblock.f): compiling at 16:38:15
pdens(setl21.F): processing
pdens(setl21.f): compiling at 16:38:16
pdens(zeroblock.F): processing
pdens(zeroblock.f): compiling at 16:38:16
pdens(zerov1.F): processing
pdens(zerov1.f): compiling at 16:38:16
pdens(gdensov.f): compiling at 16:38:16
pdens(gformg.f): compiling at 16:38:16
pdens(ggsden.f): compiling at 16:38:17
pdens(loadvec1.f): compiling at 16:38:17
pdens(modgab.f): compiling at 16:38:17
pdens(modgij.f): compiling at 16:38:17
pdens(mone.f): compiling at 16:38:17
pdens(one.f): compiling at 16:38:17

Object files are up-to-date.

Archiving objects

Linking binary
Stripping binary if necessary

Installing the library as:
   /home/perera/Develop/lib/libpdens.a

The installed library is up-to-date.

Installing the binary as:
   /home/perera/Develop/bin/xpdens

The installed binary is up-to-date.
gmake[1]: Leaving directory '/home/perera/Develop/ACESII_build/pdens'
gmake[1]: Entering directory '/home/perera/Develop/ACESII_build/aces2'
aces2(aces2_heff.F): processing
aces2(aces2_heff.f): compiling at 16:38:19
aces2(change_correl_space.F): processing
aces2(change_correl_space.f): compiling at 16:38:19
aces2(change_orbital_space.F): processing
aces2(change_orbital_space.f): compiling at 16:38:19
aces2(check_multipole.F): processing
aces2(check_multipole.f): compiling at 16:38:19
aces2(cmpute_grad_numrcaly.F): processing
aces2(cmpute_grad_numrcaly.f): compiling at 16:38:20
aces2(do_bruckner.F): processing
aces2(do_bruckner.f): compiling at 16:38:20
aces2(energy_4mrcc.F): processing
aces2(energy_4mrcc.f): compiling at 16:38:20
aces2(energy.F): processing
aces2(energy.f): compiling at 16:38:20
aces2(finite_field.F): processing
aces2(finite_field.f): compiling at 16:38:20
aces2(freq_anlytcl.F): processing
aces2(freq_anlytcl.f): compiling at 16:38:21
aces2(freq_numrcl.F): processing
aces2(freq_numrcl.f): compiling at 16:38:21
aces2(init.F): processing
aces2(init.f): compiling at 16:38:21
aces2(job_control.F): processing
aces2(job_control.f): compiling at 16:38:21
aces2(main.F): processing
aces2(main.f): compiling at 16:38:22
aces2(mrcc_branch.F): processing
aces2(mrcc_branch.f): compiling at 16:38:22
aces2(mrcc_grad.F): processing
aces2(mrcc_grad.f): compiling at 16:38:22
aces2(mrcc_heff.F): processing
aces2(mrcc_heff.f): compiling at 16:38:22
aces2(mrcc_vib.F): processing
aces2(mrcc_vib.f): compiling at 16:38:22
aces2(opt_an.F): processing
aces2(opt_an.f): compiling at 16:38:22
aces2(opt_anyltcl.F): processing
aces2(opt_anyltcl.f): compiling at 16:38:23
aces2(opt_num.F): processing
aces2(opt_num.f): compiling at 16:38:23
aces2(opt_numrcl_4mrcc.F): processing
aces2(opt_numrcl_4mrcc.f): compiling at 16:38:23
aces2(opt_numrcl.F): processing
aces2(opt_numrcl.f): compiling at 16:38:23
aces2(parenv_start.F): processing
aces2(parenv_start.f): compiling at 16:38:23
aces2(parenv_stop.F): processing
aces2(parenv_stop.f): compiling at 16:38:24
aces2(polyrate.F): processing
aces2(polyrate.f): compiling at 16:38:24
aces2(post_scf_anlytcl_grad.F): processing
aces2(post_scf_anlytcl_grad.f): compiling at 16:38:24
aces2(post_scf_eneg_4brueck.F): processing
aces2(post_scf_eneg_4brueck.f): compiling at 16:38:24
aces2(post_scf_eneg.F): processing
aces2(post_scf_eneg.f): compiling at 16:38:24
aces2(post_scf_higher_order_prps.F): processing
aces2(post_scf_higher_order_prps.f): compiling at 16:38:25
aces2(precc.F): processing
aces2(precc.f): compiling at 16:38:25
aces2(prep4_post_opt_freq.F): processing
aces2(prep4_post_opt_freq.f): compiling at 16:38:25
aces2(prep4_post_scf.F): processing
aces2(prep4_post_scf.f): compiling at 16:38:25
aces2(props_numrcl.F): processing
aces2(props_numrcl.f): compiling at 16:38:25
aces2(resetfno.F): processing
aces2(resetfno.f): compiling at 16:38:26
aces2(runchg.F): processing
aces2(runchg.f): compiling at 16:38:26
aces2(runfno.F): processing
aces2(runfno.f): compiling at 16:38:26
aces2(runit.F): processing
aces2(runit.f): compiling at 16:38:26
aces2(runoombpt.F): processing
aces2(runoombpt.f): compiling at 16:38:26
aces2(runvcc.F): processing
aces2(runvcc.f): compiling at 16:38:27
aces2(scf_anlytcl_grad.F): processing
aces2(scf_anlytcl_grad.f): compiling at 16:38:27
aces2(scf_eneg.F): processing
aces2(scf_eneg.f): compiling at 16:38:27
aces2(scf_higher_order_prps.F): processing
aces2(scf_higher_order_prps.f): compiling at 16:38:27
aces2(sync_fd.F): processing
aces2(sync_fd.f): compiling at 16:38:27
aces2(a2getrec.f): compiling at 16:38:27
aces2(a2putrec.f): compiling at 16:38:27
aces2(rmfiles3b.f): compiling at 16:38:28
aces2(rmfiles3.f): compiling at 16:38:28
aces2(rmfiles.f): compiling at 16:38:28
aces2(title.f): compiling at 16:38:28

Object files are up-to-date.

Archiving objects

Linking binary
Stripping binary if necessary

Installing the library as:
   /home/perera/Develop/lib/libaces2.a

The installed library is up-to-date.

Installing the binary as:
   /home/perera/Develop/bin/xaces2

The installed binary is up-to-date.
gmake[1]: Leaving directory '/home/perera/Develop/ACESII_build/aces2'
gmake[1]: Entering directory '/home/perera/Develop/ACESII_build/pccd'
pccd(pccd_gramschmidt.F90): processing
pccd(pccd_gramschmidt.f90): compiling at 16:38:29
pccd(check_evals.F): processing
pccd(check_evals.f): compiling at 16:38:29
pccd(check.F): processing
pccd(check.f): compiling at 16:38:30
pccd(check_ints.F): processing
pccd(check_ints.f): compiling at 16:38:30
pccd(checkvv.F): processing
pccd(checkvv.f): compiling at 16:38:30
pccd(pccd_addoneh.F): processing
pccd(pccd_addoneh.f): compiling at 16:38:31
pccd(pccd_ampsum.F): processing
pccd(pccd_ampsum.f): compiling at 16:38:31
pccd(pccd_aolad2.F): processing
pccd(pccd_aolad2.f): compiling at 16:38:31
pccd(pccd_aolad3.F): processing
pccd(pccd_aolad3.f): compiling at 16:38:31
pccd(pccd_aoladlst.F): processing
pccd(pccd_aoladlst.f): compiling at 16:38:32
pccd(pccd_assymm.F): processing
pccd(pccd_assymm.f): compiling at 16:38:32
pccd(pccd_banner.F): processing
pccd(pccd_banner.f): compiling at 16:38:32
pccd(pccd_bfgs.F): processing
pccd(pccd_bfgs.f): compiling at 16:38:32
pccd(pccd_blike_ooccd.F): processing
pccd(pccd_blike_ooccd.f): compiling at 16:38:33
pccd(pccd_blockcopy.F): processing
pccd(pccd_blockcopy.f): compiling at 16:38:33
pccd(pccd_check_1d.F): processing
pccd(pccd_check_1d.f): compiling at 16:38:33
pccd(pccd_check_hess.F): processing
pccd(pccd_check_hess.f): compiling at 16:38:34
pccd(pccd_check_htau.F): processing
pccd(pccd_check_htau.f): compiling at 16:38:34
pccd(pccd_check_ijka.F): processing
pccd(pccd_check_ijka.f): compiling at 16:38:34
pccd(pccd_checkintms.F): processing
pccd(pccd_checkintms.f): compiling at 16:38:34
pccd(pccd_check_t2.F): processing
pccd(pccd_check_t2.f): compiling at 16:38:35
pccd(pccd_cmpeng.F): processing
pccd(pccd_cmpeng.f): compiling at 16:38:35
pccd(pccd_ddmptgss.F): processing
pccd(pccd_ddmptgss.f): compiling at 16:38:35
pccd(pccd_dens.F): processing
pccd(pccd_dens.f): compiling at 16:38:35
pccd(pccd_densoo.F): processing
pccd(pccd_densoo.f): compiling at 16:38:36
pccd(pccd_densvo.F): processing
pccd(pccd_densvo.f): compiling at 16:38:36
pccd(pccd_densvv.F): processing
pccd(pccd_densvv.f): compiling at 16:38:36
pccd(pccd_dfini.F): processing
pccd(pccd_dfini.f): compiling at 16:38:36
pccd(pccd_diislst.F): processing
pccd(pccd_diislst.f): compiling at 16:38:37
pccd(pccd_dodiis.F): processing
pccd(pccd_dodiis.f): compiling at 16:38:37
pccd(pccd_dodiiso.F): processing
pccd(pccd_dodiiso.f): compiling at 16:38:37
pccd(pccd_do_orbrotas.F): processing
pccd(pccd_do_orbrotas.f): compiling at 16:38:38
pccd(pccd_draolad.F): processing
pccd(pccd_draolad.f): compiling at 16:38:38
pccd(pccd_dre3en.F): processing
pccd(pccd_dre3en.f): compiling at 16:38:38
pccd(pccd_drlad.F): processing
pccd(pccd_drlad.f): compiling at 16:38:38
pccd(pccd_drmove.F): processing
pccd(pccd_drmove.f): compiling at 16:38:39
pccd(pccd_dropmo_fix.F): processing
pccd(pccd_dropmo_fix.f): compiling at 16:38:39
pccd(pccd_drrng.F): processing
pccd(pccd_drrng.f): compiling at 16:38:39
pccd(pccd_drtsts.F): processing
pccd(pccd_drtsts.f): compiling at 16:38:39
pccd(pccd_dwmbej.F): processing
pccd(pccd_dwmbej.f): compiling at 16:38:40
pccd(pccd_e4seng.F): processing
pccd(pccd_e4seng.f): compiling at 16:38:40
pccd(pccd_e4s.F): processing
pccd(pccd_e4s.f): compiling at 16:38:40
pccd(pccd_expt1.F): processing
pccd(pccd_expt1.f): compiling at 16:38:41
pccd(pccd_f1inl2.F): processing
pccd(pccd_f1inl2.f): compiling at 16:38:41
pccd(pccd_f2inl2.F): processing
pccd(pccd_f2inl2.f): compiling at 16:38:41
pccd(pccd_feaab1.F): processing
pccd(pccd_feaab1.f): compiling at 16:38:41
pccd(pccd_feacont.F): processing
pccd(pccd_feacont.f): compiling at 16:38:42
pccd(pccd_finalize.F): processing
pccd(pccd_finalize.f): compiling at 16:38:42
pccd(pccd_finish.F): processing
pccd(pccd_finish.f): compiling at 16:38:42
pccd(pccd_fmecont.F): processing
pccd(pccd_fmecont.f): compiling at 16:38:42
pccd(pccd_fmiab1.F): processing
pccd(pccd_fmiab1.f): compiling at 16:38:43
pccd(pccd_fmicont.F): processing
pccd(pccd_fmicont.f): compiling at 16:38:43
pccd(pccd_form_dpq.F): processing
pccd(pccd_form_dpq.f): compiling at 16:38:43
pccd(pccd_form_dropmo_urotgrads.F): processing
pccd(pccd_form_dropmo_urotgrads.f): compiling at 16:38:44
pccd(pccd_form_fd.F): processing
pccd(pccd_form_fd.f): compiling at 16:38:44
pccd(pccd_formg1.F): processing
pccd(pccd_formg1.f): compiling at 16:38:44
pccd(pccd_formg2.F): processing
pccd(pccd_formg2.f): compiling at 16:38:44
pccd(pccd_formh4.F): processing
pccd(pccd_formh4.f): compiling at 16:38:45
pccd(pccd_form_hinv.F): processing
pccd(pccd_form_hinv.f): compiling at 16:38:45
pccd(pccd_form_htau_1d_1.F): processing
pccd(pccd_form_htau_1d_1.f): compiling at 16:38:45
pccd(pccd_form_htau_1d_2.F): processing
pccd(pccd_form_htau_1d_2.f): compiling at 16:38:45
pccd(pccd_form_htau_1d.F): processing
pccd(pccd_form_htau_1d.f): compiling at 16:38:46
pccd(pccd_form_htau_1d_pqrs_1.F): processing
pccd(pccd_form_htau_1d_pqrs_1.f): compiling at 16:38:46
pccd(pccd_form_htau_1d_pqrs_2.F): processing
pccd(pccd_form_htau_1d_pqrs_2.f): compiling at 16:38:46
pccd(pccd_form_htau_1d_pqrs.F): processing
pccd(pccd_form_htau_1d_pqrs.f): compiling at 16:38:47
pccd(pccd_form_htau_2d.F): processing
pccd(pccd_form_htau_2d.f): compiling at 16:38:47
pccd(pccd_form_htau_2d_hf.F): processing
pccd(pccd_form_htau_2d_hf.f): compiling at 16:38:47
pccd(pccd_form_htau_2d_hf_hh_1.F): processing
pccd(pccd_form_htau_2d_hf_hh_1.f): compiling at 16:38:48
pccd(pccd_form_htau_2d_hf_hh_2.F): processing
pccd(pccd_form_htau_2d_hf_hh_2.f): compiling at 16:38:48
pccd(pccd_form_htau_2d_hf_ph.F): processing
pccd(pccd_form_htau_2d_hf_ph.f): compiling at 16:38:48
pccd(pccd_form_htau_2d_hf_pp_1.F): processing
pccd(pccd_form_htau_2d_hf_pp_1.f): compiling at 16:38:48
pccd(pccd_form_htau_2d_hf_pp_2.F): processing
pccd(pccd_form_htau_2d_hf_pp_2.f): compiling at 16:38:49
pccd(pccd_form_htau_2d_hhhh.F): processing
pccd(pccd_form_htau_2d_hhhh.f): compiling at 16:38:49
pccd(pccd_form_htau_2d_hhhh_ph.F): processing
pccd(pccd_form_htau_2d_hhhh_ph.f): compiling at 16:38:49
pccd(pccd_form_htau_2d_hhpp_hh.F): processing
pccd(pccd_form_htau_2d_hhpp_hh.f): compiling at 16:38:49
pccd(pccd_form_htau_2d_hhpp_ph_1.F): processing
pccd(pccd_form_htau_2d_hhpp_ph_1.f): compiling at 16:38:50
pccd(pccd_form_htau_2d_hhpp_ph.F): processing
pccd(pccd_form_htau_2d_hhpp_ph.f): compiling at 16:38:50
pccd(pccd_form_htau_2d_hhpp_pp.F): processing
pccd(pccd_form_htau_2d_hhpp_pp.f): compiling at 16:38:50
pccd(pccd_form_htau_2d_phph_hh.F): processing
pccd(pccd_form_htau_2d_phph_hh.f): compiling at 16:38:50
pccd(pccd_form_htau_2d_phph_ph_0.F): processing
pccd(pccd_form_htau_2d_phph_ph_0.f): compiling at 16:38:51
pccd(pccd_form_htau_2d_phph_ph_1.F): processing
pccd(pccd_form_htau_2d_phph_ph_1.f): compiling at 16:38:51
pccd(pccd_form_htau_2d_phph_ph_2.F): processing
pccd(pccd_form_htau_2d_phph_ph_2.f): compiling at 16:38:51
pccd(pccd_form_htau_2d_phph_pp.F): processing
pccd(pccd_form_htau_2d_phph_pp.f): compiling at 16:38:52
pccd(pccd_form_htau_2d_pppp.F): processing
pccd(pccd_form_htau_2d_pppp.f): compiling at 16:38:52
pccd(pccd_form_htau_2d_pppp_ph.F): processing
pccd(pccd_form_htau_2d_pppp_ph.f): compiling at 16:38:52
pccd(pccd_form_htau.F): processing
pccd(pccd_form_htau.f): compiling at 16:38:52
pccd(pccd_form_htau_oo.F): processing
pccd(pccd_form_htau_oo.f): compiling at 16:38:53
pccd(pccd_form_htau_ov.F): processing
pccd(pccd_form_htau_ov.f): compiling at 16:38:53
pccd(pccd_form_htau_pq.F): processing
pccd(pccd_form_htau_pq.f): compiling at 16:38:53
pccd(pccd_form_htau_pqrs.F): processing
pccd(pccd_form_htau_pqrs.f): compiling at 16:38:53
pccd(pccd_form_htau_pqrs_hhhh_0.F): processing
pccd(pccd_form_htau_pqrs_hhhh_0.f): compiling at 16:38:54
pccd(pccd_form_htau_pqrs_hhhh_1.F): processing
pccd(pccd_form_htau_pqrs_hhhh_1.f): compiling at 16:38:54
pccd(pccd_form_htau_pqrs_hhhh_2.F): processing
pccd(pccd_form_htau_pqrs_hhhh_2.f): compiling at 16:38:54
pccd(pccd_form_htau_pqrs_hhhh.F): processing
pccd(pccd_form_htau_pqrs_hhhh.f): compiling at 16:38:55
pccd(pccd_form_htau_pqrs_hhpp_0.F): processing
pccd(pccd_form_htau_pqrs_hhpp_0.f): compiling at 16:38:55
pccd(pccd_form_htau_pqrs_hhpp_1.F): processing
pccd(pccd_form_htau_pqrs_hhpp_1.f): compiling at 16:38:55
pccd(pccd_form_htau_pqrs_hhpp_2.F): processing
pccd(pccd_form_htau_pqrs_hhpp_2.f): compiling at 16:38:55
pccd(pccd_form_htau_pqrs_hhpp.F): processing
pccd(pccd_form_htau_pqrs_hhpp.f): compiling at 16:38:56
pccd(pccd_form_htau_pqrs_hpph_0.F): processing
pccd(pccd_form_htau_pqrs_hpph_0.f): compiling at 16:38:56
pccd(pccd_form_htau_pqrs_phph_0.F): processing
pccd(pccd_form_htau_pqrs_phph_0.f): compiling at 16:38:56
pccd(pccd_form_htau_pqrs_phph_1.F): processing
pccd(pccd_form_htau_pqrs_phph_1.f): compiling at 16:38:56
pccd(pccd_form_htau_pqrs_phph_2.F): processing
pccd(pccd_form_htau_pqrs_phph_2.f): compiling at 16:38:57
pccd(pccd_form_htau_pqrs_phph_3.F): processing
pccd(pccd_form_htau_pqrs_phph_3.f): compiling at 16:38:57
pccd(pccd_form_htau_pqrs_phph_4.F): processing
pccd(pccd_form_htau_pqrs_phph_4.f): compiling at 16:38:57
pccd(pccd_form_htau_pqrs_phph.F): processing
pccd(pccd_form_htau_pqrs_phph.f): compiling at 16:38:58
pccd(pccd_form_htau_pqrs_pphh_0.F): processing
pccd(pccd_form_htau_pqrs_pphh_0.f): compiling at 16:38:58
pccd(pccd_form_htau_pqrs_pphh_1.F): processing
pccd(pccd_form_htau_pqrs_pphh_1.f): compiling at 16:38:58
pccd(pccd_form_htau_pqrs_pphh_2.F): processing
pccd(pccd_form_htau_pqrs_pphh_2.f): compiling at 16:38:58
pccd(pccd_form_htau_pqrs_pphh.F): processing
pccd(pccd_form_htau_pqrs_pphh.f): compiling at 16:38:59
pccd(pccd_form_htau_pqrs_pppp_0.F): processing
pccd(pccd_form_htau_pqrs_pppp_0.f): compiling at 16:38:59
pccd(pccd_form_htau_pqrs_pppp_1.F): processing
pccd(pccd_form_htau_pqrs_pppp_1.f): compiling at 16:38:59
pccd(pccd_form_htau_pqrs_pppp_2.F): processing
pccd(pccd_form_htau_pqrs_pppp_2.f): compiling at 16:39:00
pccd(pccd_form_htau_pqrs_pppp.F): processing
pccd(pccd_form_htau_pqrs_pppp.f): compiling at 16:39:00
pccd(pccd_form_nmrcl_grad_hess.F): processing
pccd(pccd_form_nmrcl_grad_hess.f): compiling at 16:39:00
pccd(pccd_form_uhtau.F): processing
pccd(pccd_form_uhtau.f): compiling at 16:39:00
pccd(pccd_form_urotgrads.F): processing
pccd(pccd_form_urotgrads.f): compiling at 16:39:01
pccd(pccd_formv1.F): processing
pccd(pccd_formv1.f): compiling at 16:39:01
pccd(pccd_formw4.F): processing
pccd(pccd_formw4.f): compiling at 16:39:01
pccd(pccd_formw5.F): processing
pccd(pccd_formw5.f): compiling at 16:39:01
pccd(pccd_formwl.F): processing
pccd(pccd_formwl.f): compiling at 16:39:02
pccd(pccd_formx.F): processing
pccd(pccd_formx.f): compiling at 16:39:02
pccd(pccd_frmful_ext.F): processing
pccd(pccd_frmful_ext.f): compiling at 16:39:02
pccd(pccd_frmful_ov.F): processing
pccd(pccd_frmful_ov.f): compiling at 16:39:03
pccd(pccd_g1inl2.F): processing
pccd(pccd_g1inl2.f): compiling at 16:39:03
pccd(pccd_g1inl2u.F): processing
pccd(pccd_g1inl2u.f): compiling at 16:39:03
pccd(pccd_g1inx2.F): processing
pccd(pccd_g1inx2.f): compiling at 16:39:03
pccd(pccd_g1x2ab.F): processing
pccd(pccd_g1x2ab.f): compiling at 16:39:04
pccd(pccd_g2all.F): processing
pccd(pccd_g2all.f): compiling at 16:39:04
pccd(pccd_g2inl2.F): processing
pccd(pccd_g2inl2.f): compiling at 16:39:04
pccd(pccd_g2inl2u.F): processing
pccd(pccd_g2inl2u.f): compiling at 16:39:04
pccd(pccd_g2inx2.F): processing
pccd(pccd_g2inx2.f): compiling at 16:39:05
pccd(pccd_g2x2ab.F): processing
pccd(pccd_g2x2ab.f): compiling at 16:39:05
pccd(pccd_g3all.F): processing
pccd(pccd_g3all.f): compiling at 16:39:05
pccd(pccd_g4all.F): processing
pccd(pccd_g4all.f): compiling at 16:39:05
pccd(pccd_gamdrv.F): processing
pccd(pccd_gamdrv.f): compiling at 16:39:06
pccd(pccd_gamma1.F): processing
pccd(pccd_gamma1.f): compiling at 16:39:06
pccd(pccd_gamma2.F): processing
pccd(pccd_gamma2.f): compiling at 16:39:06
pccd(pccd_gamma3.F): processing
pccd(pccd_gamma3.f): compiling at 16:39:06
pccd(pccd_gamma4.F): processing
pccd(pccd_gamma4.f): compiling at 16:39:07
pccd(pccd_genint.F): processing
pccd(pccd_genint.f): compiling at 16:39:07
pccd(pccd_gfock_debug.F): processing
pccd(pccd_gfock_debug.f): compiling at 16:39:07
pccd(pccd_gossip.F): processing
pccd(pccd_gossip.f): compiling at 16:39:07
pccd(pccd_h4all.F): processing
pccd(pccd_h4all.f): compiling at 16:39:08
pccd(pccd_h4inx2.F): processing
pccd(pccd_h4inx2.f): compiling at 16:39:08
pccd(pccd_h4x2all.F): processing
pccd(pccd_h4x2all.f): compiling at 16:39:08
pccd(pccd_hbarabcd.F): processing
pccd(pccd_hbarabcd.f): compiling at 16:39:08
pccd(pccd_hess_oo.F): processing
pccd(pccd_hess_oo.f): compiling at 16:39:09
pccd(pccd_hess_ov.F): processing
pccd(pccd_hess_ov.f): compiling at 16:39:09
pccd(pccd_hess_update.F): processing
pccd(pccd_hess_update.f): compiling at 16:39:09
pccd(pccd_hess_vv.F): processing
pccd(pccd_hess_vv.f): compiling at 16:39:10
pccd(pccd_hrngdrv.F): processing
pccd(pccd_hrngdrv.f): compiling at 16:39:10
pccd(pccd_inilam.F): processing
pccd(pccd_inilam.f): compiling at 16:39:10
pccd(pccd_init_2pdens_lists.F): processing
pccd(pccd_init_2pdens_lists.f): compiling at 16:39:10
pccd(pccd_init.F): processing
pccd(pccd_init.f): compiling at 16:39:11
pccd(pccd_initin.F): processing
pccd(pccd_initin.f): compiling at 16:39:11
pccd(pccd_initl2d2.F): processing
pccd(pccd_initl2d2.f): compiling at 16:39:11
pccd(pccd_init_orbhes_lists.F): processing
pccd(pccd_init_orbhes_lists.f): compiling at 16:39:11
pccd(pccd_initsn.F): processing
pccd(pccd_initsn.f): compiling at 16:39:12
pccd(pccd_insist_no_ovvo.F): processing
pccd(pccd_insist_no_ovvo.f): compiling at 16:39:12
pccd(pccd_l2inl1.F): processing
pccd(pccd_l2inl1.f): compiling at 16:39:12
pccd(pccd_l2inl2.F): processing
pccd(pccd_l2inl2.f): compiling at 16:39:12
pccd(pccd_l2inl2u.F): processing
pccd(pccd_l2inl2u.f): compiling at 16:39:13
pccd(pccd_l2lad.F): processing
pccd(pccd_l2lad.f): compiling at 16:39:13
pccd(pccd_l2ladu.F): processing
pccd(pccd_l2ladu.f): compiling at 16:39:13
pccd(pccd_l2rng.F): processing
pccd(pccd_l2rng.f): compiling at 16:39:13
pccd(pccd_ladab1.F): processing
pccd(pccd_ladab1.f): compiling at 16:39:14
pccd(pccd_ladcont.F): processing
pccd(pccd_ladcont.f): compiling at 16:39:14
pccd(pccd_ldriver.F): processing
pccd(pccd_ldriver.f): compiling at 16:39:14
pccd(pccd_lgenint.F): processing
pccd(pccd_lgenint.f): compiling at 16:39:14
pccd(pccd_lrngdrv.F): processing
pccd(pccd_lrngdrv.f): compiling at 16:39:15
pccd(pccd_lrngprd.F): processing
pccd(pccd_lrngprd.f): compiling at 16:39:15
pccd(pccd_main.F): processing
pccd(pccd_main.f): compiling at 16:39:15
pccd(pccd_mkfull.F): processing
pccd(pccd_mkfull.f): compiling at 16:39:15
pccd(pccd_mkhiajk.F): processing
pccd(pccd_mkhiajk.f): compiling at 16:39:16
pccd(pccd_modiajk.F): processing
pccd(pccd_modiajk.f): compiling at 16:39:16
pccd(pccd_newt2.F): processing
pccd(pccd_newt2.f): compiling at 16:39:16
pccd(pccd_nhffinit.F): processing
pccd(pccd_nhffinit.f): compiling at 16:39:16
pccd(pccd_nodiis.F): processing
pccd(pccd_nodiis.f): compiling at 16:39:17
pccd(pccd_nr_search.F): processing
pccd(pccd_nr_search.f): compiling at 16:39:17
pccd(pccd_nr_update.F): processing
pccd(pccd_nr_update.f): compiling at 16:39:17
pccd(pccd_oo.F): processing
pccd(pccd_oo.f): compiling at 16:39:18
pccd(pccd_ooinoo.F): processing
pccd(pccd_ooinoo.f): compiling at 16:39:18
pccd(pccd_orbopt_summary.F): processing
pccd(pccd_orbopt_summary.f): compiling at 16:39:18
pccd(pccd_ov.F): processing
pccd(pccd_ov.f): compiling at 16:39:18
pccd(pccd_phph_antisym.F): processing
pccd(pccd_phph_antisym.f): compiling at 16:39:19
pccd(pccd_prep_grad.F): processing
pccd(pccd_prep_grad.f): compiling at 16:39:19
pccd(pccd_print_all.F): processing
pccd(pccd_print_all.f): compiling at 16:39:19
pccd(pccd_proc_htau.F): processing
pccd(pccd_proc_htau.f): compiling at 16:39:20
pccd(pccd_proc_ovvo.F): processing
pccd(pccd_proc_ovvo.f): compiling at 16:39:20
pccd(pccd_q1all.F): processing
pccd(pccd_q1all.f): compiling at 16:39:20
pccd(pccd_q2ab.F): processing
pccd(pccd_q2ab.f): compiling at 16:39:20
pccd(pccd_q3ab.F): processing
pccd(pccd_q3ab.f): compiling at 16:39:21
pccd(pccd_quad1.F): processing
pccd(pccd_quad1.f): compiling at 16:39:21
pccd(pccd_quad2.F): processing
pccd(pccd_quad2.f): compiling at 16:39:21
pccd(pccd_quad3.F): processing
pccd(pccd_quad3.f): compiling at 16:39:21
pccd(pccd_quickaa2.F): processing
pccd(pccd_quickaa2.f): compiling at 16:39:22
pccd(pccd_rdriver.F): processing
pccd(pccd_rdriver.f): compiling at 16:39:22
pccd(pccd_read_htau.F): processing
pccd(pccd_read_htau.f): compiling at 16:39:22
pccd(pccd_reordr.F): processing
pccd(pccd_reordr.f): compiling at 16:39:22
pccd(pccd_reset.F): processing
pccd(pccd_reset.f): compiling at 16:39:23
pccd(pccd_reset_rng.F): processing
pccd(pccd_reset_rng.f): compiling at 16:39:23
pccd(pccd_resort_phph_2pphh.F): processing
pccd(pccd_resort_phph_2pphh.f): compiling at 16:39:23
pccd(pccd_rfinish.F): processing
pccd(pccd_rfinish.f): compiling at 16:39:23
pccd(pccd_rnabij.F): processing
pccd(pccd_rnabij.f): compiling at 16:39:24
pccd(pccd_rngdrv.F): processing
pccd(pccd_rngdrv.f): compiling at 16:39:24
pccd(pccd_rngprd.F): processing
pccd(pccd_rngprd.f): compiling at 16:39:24
pccd(pccd_rotate_aux.F): processing
pccd(pccd_rotate_aux.f): compiling at 16:39:24
pccd(pccd_rotate.F): processing
pccd(pccd_rotate.f): compiling at 16:39:25
pccd(pccd_rotg.F): processing
pccd(pccd_rotg.f): compiling at 16:39:25
pccd(pccd_rotgrd.F): processing
pccd(pccd_rotgrd.f): compiling at 16:39:25
pccd(pccd_rott1.F): processing
pccd(pccd_rott1.f): compiling at 16:39:26
pccd(pccd_runchg.F): processing
pccd(pccd_runchg.f): compiling at 16:39:26
pccd(pccd_scale_grads.F): processing
pccd(pccd_scale_grads.f): compiling at 16:39:26
pccd(pccd_set2null.F): processing
pccd(pccd_set2null.f): compiling at 16:39:26
pccd(pccd_setg.F): processing
pccd(pccd_setg.f): compiling at 16:39:27
pccd(pccd_setlst.F): processing
pccd(pccd_setlst.f): compiling at 16:39:27
pccd(pccd_setmet.F): processing
pccd(pccd_setmet.f): compiling at 16:39:27
pccd(pccd_sortgam.F): processing
pccd(pccd_sortgam.f): compiling at 16:39:27
pccd(pccd_sum_apaq.F): processing
pccd(pccd_sum_apaq.f): compiling at 16:39:28
pccd(pccd_sum.F): processing
pccd(pccd_sum.f): compiling at 16:39:28
pccd(pccd_sum_hf_ph.F): processing
pccd(pccd_sum_hf_ph.f): compiling at 16:39:28
pccd(pccd_sum_phph_ph.F): processing
pccd(pccd_sum_phph_ph.f): compiling at 16:39:29
pccd(pccd_sumpq.F): processing
pccd(pccd_sumpq.f): compiling at 16:39:29
pccd(pccd_symexp.F): processing
pccd(pccd_symexp.f): compiling at 16:39:29
pccd(pccd_symmetrize_hhpp_pphh.F): processing
pccd(pccd_symmetrize_hhpp_pphh.f): compiling at 16:39:29
pccd(pccd_symmetrize_phph.F): processing
pccd(pccd_symmetrize_phph.f): compiling at 16:39:30
pccd(pccd_symm_pack.F): processing
pccd(pccd_symm_pack.f): compiling at 16:39:30
pccd(pccd_t2toao.F): processing
pccd(pccd_t2toao.f): compiling at 16:39:30
pccd(pccd_t2tot1.F): processing
pccd(pccd_t2tot1.f): compiling at 16:39:30
pccd(pccd_tener.F): processing
pccd(pccd_tener.f): compiling at 16:39:31
pccd(pccd_transp_pphh.F): processing
pccd(pccd_transp_pphh.f): compiling at 16:39:31
pccd(pccd_ufinish.F): processing
pccd(pccd_ufinish.f): compiling at 16:39:31
pccd(pccd_uldriver.F): processing
pccd(pccd_uldriver.f): compiling at 16:39:31
pccd(pccd_updat1.F): processing
pccd(pccd_updat1.f): compiling at 16:39:32
pccd(pccd_urdriver.F): processing
pccd(pccd_urdriver.f): compiling at 16:39:32
pccd(pccd_v1all.F): processing
pccd(pccd_v1all.f): compiling at 16:39:32
pccd(pccd_v1inx2.F): processing
pccd(pccd_v1inx2.f): compiling at 16:39:32
pccd(pccd_v1x2ab.F): processing
pccd(pccd_v1x2ab.f): compiling at 16:39:33
pccd(pccd_voinoo.F): processing
pccd(pccd_voinoo.f): compiling at 16:39:33
pccd(pccd_vstat.F): processing
pccd(pccd_vstat.f): compiling at 16:39:33
pccd(pccd_vvinoo.F): processing
pccd(pccd_vvinoo.f): compiling at 16:39:33
pccd(pccd_write_orboptarc.F): processing
pccd(pccd_write_orboptarc.f): compiling at 16:39:34
pccd(pccd_wtwtw.F): processing
pccd(pccd_wtwtw.f): compiling at 16:39:34
pccd(pccd_xint1.F): processing
pccd(pccd_xint1.f): compiling at 16:39:34
pccd(pccd_xint2.F): processing
pccd(pccd_xint2.f): compiling at 16:39:35
pccd(pccd_xint3.F): processing
pccd(pccd_xint3.f): compiling at 16:39:35
pccd(pccd_z2tomo.F): processing
pccd(pccd_z2tomo.f): compiling at 16:39:35
pccd(pccd_zero_hess.F): processing
pccd(pccd_zero_hess.f): compiling at 16:39:35
pccd(pccd_zero_htau_2d.F): processing
pccd(pccd_zero_htau_2d.f): compiling at 16:39:36
pccd(print_hess.F): processing
pccd(print_hess.f): compiling at 16:39:36
pccd(set_diags2_one.F): processing
pccd(set_diags2_one.f): compiling at 16:39:36
pccd(symmetrize_orbrot_hess.F): processing
pccd(symmetrize_orbrot_hess.f): compiling at 16:39:36
pccd(dxaini.f): compiling at 16:39:37
pccd(pccd_form_htau_2d_phph_ph.f): compiling at 16:39:37
pccd(pccd_form_htau_pqrs_hpph.f): compiling at 16:39:37

Object files are up-to-date.

Archiving objects

Linking binary
Stripping binary if necessary

Installing the library as:
   /home/perera/Develop/lib/libpccd.a

The installed library is up-to-date.

Installing the binary as:
   /home/perera/Develop/bin/xpccd

The installed binary is up-to-date.
gmake[1]: Leaving directory '/home/perera/Develop/ACESII_build/pccd'
gmake[1]: Entering directory '/home/perera/Develop/ACESII_build/runpccd'
runpccd(do_bruckner_drpmo.F): processing
runpccd(do_bruckner_drpmo.f): compiling at 16:39:39
runpccd(do_bruckner.F): processing
runpccd(do_bruckner.f): compiling at 16:39:39
runpccd(do_fullnr.F): processing
runpccd(do_fullnr.f): compiling at 16:39:40
runpccd(do_local_orbs.F): processing
runpccd(do_local_orbs.f): compiling at 16:39:40
runpccd(do_natural_orbs.F): processing
runpccd(do_natural_orbs.f): compiling at 16:39:40
runpccd(do_oopccd.F): processing
runpccd(do_oopccd.f): compiling at 16:39:40
runpccd(job_control.F): processing
runpccd(job_control.f): compiling at 16:39:40
runpccd(main.F): processing
runpccd(main.f): compiling at 16:39:41
runpccd(run_dens.F): processing
runpccd(run_dens.f): compiling at 16:39:41
runpccd(run_freq.F): processing
runpccd(run_freq.f): compiling at 16:39:41
runpccd(run_opt.F): processing
runpccd(run_opt.f): compiling at 16:39:41
runpccd(title.f): compiling at 16:39:41

Object files are up-to-date.

Archiving objects

Linking binary
Stripping binary if necessary

Installing the library as:
   /home/perera/Develop/lib/librunpccd.a

The installed library is up-to-date.

Installing the binary as:
   /home/perera/Develop/bin/xrunpccd

The installed binary is up-to-date.
gmake[1]: Leaving directory '/home/perera/Develop/ACESII_build/runpccd'
gmake[1]: Entering directory '/home/perera/Develop/ACESII_build/psi4dbg'
psi4dbg(psi4dbg_check_t2.F): processing
psi4dbg(psi4dbg_check_t2.f): compiling at 16:39:43
psi4dbg(psi4dbg_ddmptgss.F): processing
psi4dbg(psi4dbg_ddmptgss.f): compiling at 16:39:43
psi4dbg(psi4dbg_dens.F): processing
psi4dbg(psi4dbg_dens.f): compiling at 16:39:43
psi4dbg(psi4dbg_densoo.F): processing
psi4dbg(psi4dbg_densoo.f): compiling at 16:39:44
psi4dbg(psi4dbg_densvo.F): processing
psi4dbg(psi4dbg_densvo.f): compiling at 16:39:44
psi4dbg(psi4dbg_densvv.F): processing
psi4dbg(psi4dbg_densvv.f): compiling at 16:39:44
psi4dbg(psi4dbg_dfrmt2.F): processing
psi4dbg(psi4dbg_dfrmt2.f): compiling at 16:39:45
psi4dbg(psi4dbg_do_orbrotas.F): processing
psi4dbg(psi4dbg_do_orbrotas.f): compiling at 16:39:45
psi4dbg(psi4dbg_drdtgss.F): processing
psi4dbg(psi4dbg_drdtgss.f): compiling at 16:39:45
psi4dbg(psi4dbg_form_dpq.F): processing
psi4dbg(psi4dbg_form_dpq.f): compiling at 16:39:46
psi4dbg(psi4dbg_formh4.F): processing
psi4dbg(psi4dbg_formh4.f): compiling at 16:39:46
psi4dbg(psi4dbg_form_htau_1d.F): processing
psi4dbg(psi4dbg_form_htau_1d.f): compiling at 16:39:46
psi4dbg(psi4dbg_form_htau_2d.F): processing
psi4dbg(psi4dbg_form_htau_2d.f): compiling at 16:39:46
psi4dbg(psi4dbg_form_htau_2d_hf.F): processing
psi4dbg(psi4dbg_form_htau_2d_hf.f): compiling at 16:39:47
psi4dbg(psi4dbg_form_htau_2d_hf_hh_1.F): processing
psi4dbg(psi4dbg_form_htau_2d_hf_hh_1.f): compiling at 16:39:47
psi4dbg(psi4dbg_form_htau_2d_hf_hh_2.F): processing
psi4dbg(psi4dbg_form_htau_2d_hf_hh_2.f): compiling at 16:39:47
psi4dbg(psi4dbg_form_htau_2d_hf_pp_1.F): processing
psi4dbg(psi4dbg_form_htau_2d_hf_pp_1.f): compiling at 16:39:47
psi4dbg(psi4dbg_form_htau_2d_hf_pp_2.F): processing
psi4dbg(psi4dbg_form_htau_2d_hf_pp_2.f): compiling at 16:39:48
psi4dbg(psi4dbg_form_htau_2d_hhpp_hh.F): processing
psi4dbg(psi4dbg_form_htau_2d_hhpp_hh.f): compiling at 16:39:48
psi4dbg(psi4dbg_form_htau_2d_hhpp_pp.F): processing
psi4dbg(psi4dbg_form_htau_2d_hhpp_pp.f): compiling at 16:39:48
psi4dbg(psi4dbg_form_htau.F): processing
psi4dbg(psi4dbg_form_htau.f): compiling at 16:39:49
psi4dbg(psi4dbg_form_htau_pq.F): processing
psi4dbg(psi4dbg_form_htau_pq.f): compiling at 16:39:49
psi4dbg(psi4dbg_formt2.F): processing
psi4dbg(psi4dbg_formt2.f): compiling at 16:39:49
psi4dbg(psi4dbg_frmful.F): processing
psi4dbg(psi4dbg_frmful.f): compiling at 16:39:50
psi4dbg(psi4dbg_g1inx2.F): processing
psi4dbg(psi4dbg_g1inx2.f): compiling at 16:39:50
psi4dbg(psi4dbg_gamdrv.F): processing
psi4dbg(psi4dbg_gamdrv.f): compiling at 16:39:50
psi4dbg(psi4dbg_init_2pdens_lists.F): processing
psi4dbg(psi4dbg_init_2pdens_lists.f): compiling at 16:39:50
psi4dbg(psi4dbg_init2pdm.F): processing
psi4dbg(psi4dbg_init2pdm.f): compiling at 16:39:51
psi4dbg(psi4dbg_ldriver.F): processing
psi4dbg(psi4dbg_ldriver.f): compiling at 16:39:51
psi4dbg(psi4dbg_main.F): processing
psi4dbg(psi4dbg_main.f): compiling at 16:39:51
psi4dbg(psi4dbg_mbptot.F): processing
psi4dbg(psi4dbg_mbptot.f): compiling at 16:39:52
psi4dbg(psi4dbg_nr_search.F): processing
psi4dbg(psi4dbg_nr_search.f): compiling at 16:39:52
psi4dbg(psi4dbg_rdriver.F): processing
psi4dbg(psi4dbg_rdriver.f): compiling at 16:39:52
psi4dbg(psi4dbg_retrive.F): processing
psi4dbg(psi4dbg_retrive.f): compiling at 16:39:53
psi4dbg(psi4dbg_rohfpt.F): processing
psi4dbg(psi4dbg_rohfpt.f): compiling at 16:39:53
psi4dbg(psi4dbg_rotg.F): processing
psi4dbg(psi4dbg_rotg.f): compiling at 16:39:53
psi4dbg(psi4dbg_rotgrd.F): processing
psi4dbg(psi4dbg_rotgrd.f): compiling at 16:39:53
psi4dbg(psi4dbg_setg_2null.F): processing
psi4dbg(psi4dbg_setg_2null.f): compiling at 16:39:54
psi4dbg(psi4dbg_setg.F): processing
psi4dbg(psi4dbg_setg.f): compiling at 16:39:54
psi4dbg(psi4dbg_setmet.F): processing
psi4dbg(psi4dbg_setmet.f): compiling at 16:39:54
psi4dbg(psi4dbg_store.F): processing
psi4dbg(psi4dbg_store.f): compiling at 16:39:54
psi4dbg(psi4dbg_vstat.F): processing
psi4dbg(psi4dbg_vstat.f): compiling at 16:39:55

Object files are up-to-date.

Archiving objects

Linking binary
Stripping binary if necessary

Installing the library as:
   /home/perera/Develop/lib/libpsi4dbg.a

The installed library is up-to-date.

Installing the binary as:
   /home/perera/Develop/bin/xpsi4dbg

The installed binary is up-to-date.
gmake[1]: Leaving directory '/home/perera/Develop/ACESII_build/psi4dbg'
gmake[1]: Entering directory '/home/perera/Develop/ACESII_build/a2mix'
a2mix(a2build_tensor.F): processing
a2mix(a2build_tensor.f): compiling at 16:39:57
a2mix(a2get_den.F): processing
a2mix(a2get_den.f): compiling at 16:39:57
a2mix(a2mix.F): processing
a2mix(a2mix.f): compiling at 16:39:57
a2mix(a2mix_main.F): processing
a2mix(a2mix_main.f): compiling at 16:39:58
a2mix(check_natorb.F): processing
a2mix(check_natorb.f): compiling at 16:39:58
a2mix(check_pcoeff.F): processing
a2mix(check_pcoeff.f): compiling at 16:39:58
a2mix(check_xocc.F): processing
a2mix(check_xocc.f): compiling at 16:39:58
a2mix(cor_potns.F): processing
a2mix(cor_potns.f): compiling at 16:39:58
a2mix(exchange.F): processing
a2mix(exchange.f): compiling at 16:39:59
a2mix(get_natorb.F): processing
a2mix(get_natorb.f): compiling at 16:39:59
a2mix(intgrt_oneden.F): processing
a2mix(intgrt_oneden.f): compiling at 16:39:59
a2mix(load_defined.F): processing
a2mix(load_defined.f): compiling at 16:39:59
a2mix(mkden.F): processing
a2mix(mkden.f): compiling at 16:40:00
a2mix(prnt_spnspn_tnsr.F): processing
a2mix(prnt_spnspn_tnsr.f): compiling at 16:40:00
a2mix(process_tensor.F): processing
a2mix(process_tensor.f): compiling at 16:40:00
a2mix(rn_ints.F): processing
a2mix(rn_ints.f): compiling at 16:40:00
a2mix(rn_ints_new.F): processing
a2mix(rn_ints_new.f): compiling at 16:40:01
a2mix(trans_sph2cart.F): processing
a2mix(trans_sph2cart.f): compiling at 16:40:01
a2mix(aainer.f): compiling at 16:40:01
a2mix(basis.f): compiling at 16:40:01
a2mix(beckef.f): compiling at 16:40:01
a2mix(bltcorlnpot.f): compiling at 16:40:01
a2mix(built_zmp_mtrx.f): compiling at 16:40:01
a2mix(bultprduct.f): compiling at 16:40:02
a2mix(civpt.f): compiling at 16:40:02
a2mix(const.f): compiling at 16:40:02
a2mix(dldaf.f): compiling at 16:40:02
a2mix(elypf.f): compiling at 16:40:02
a2mix(empty.f): compiling at 16:40:02
a2mix(evalcorpot.f): compiling at 16:40:02
a2mix(eval_cusp_int.f): compiling at 16:40:03
a2mix(evalkinatic.f): compiling at 16:40:03
a2mix(evalprdct.f): compiling at 16:40:03
a2mix(evalreplp.f): compiling at 16:40:03
a2mix(evalrepuli.f): compiling at 16:40:03
a2mix(factor.f): compiling at 16:40:03
a2mix(fmc.f): compiling at 16:40:03
a2mix(fuzzy.f): compiling at 16:40:03
a2mix(getint.f): compiling at 16:40:03
a2mix(getixyz.f): compiling at 16:40:04
a2mix(getproduct.f): compiling at 16:40:04
a2mix(getzmp.f): compiling at 16:40:04
a2mix(grdpt.f): compiling at 16:40:04
a2mix(gtao.f): compiling at 16:40:04
a2mix(header.f): compiling at 16:40:04
a2mix(loadint.f): compiling at 16:40:05
a2mix(makmap.f): compiling at 16:40:05
a2mix(modfy_gamma.f): compiling at 16:40:05
a2mix(mysort.f): compiling at 16:40:05
a2mix(oct.f): compiling at 16:40:05
a2mix(ordlst.f): compiling at 16:40:05
a2mix(overlap.f): compiling at 16:40:05
a2mix(piksr2.f): compiling at 16:40:05
a2mix(prdctint.f): compiling at 16:40:06
a2mix(prim.f): compiling at 16:40:06
a2mix(prntlo.f): compiling at 16:40:06
a2mix(remove.f): compiling at 16:40:06
a2mix(repprdint.f): compiling at 16:40:06
a2mix(rhftce.f): compiling at 16:40:06
a2mix(seeklb.f): compiling at 16:40:06
a2mix(setlmn.f): compiling at 16:40:07
a2mix(setptr.f): compiling at 16:40:07
a2mix(setrhf.f): compiling at 16:40:07
a2mix(symfct.f): compiling at 16:40:07
a2mix(writecorlnpot.f): compiling at 16:40:07
a2mix(xalphf.f): compiling at 16:40:07
a2mix(zero.f): compiling at 16:40:07

Object files are up-to-date.

Archiving objects

Linking binary
Stripping binary if necessary

Installing the library as:
   /home/perera/Develop/lib/liba2mix.a

The installed library is up-to-date.

Installing the binary as:
   /home/perera/Develop/bin/xa2mix

The installed binary is up-to-date.
gmake[1]: Leaving directory '/home/perera/Develop/ACESII_build/a2mix'
gmake[1]: Entering directory '/home/perera/Develop/ACESII_build/a2proc'
a2proc(a2build_quantity.F): processing
a2proc(a2build_quantity.f): compiling at 16:40:09
a2proc(a2bult_prduct.F): processing
a2proc(a2bult_prduct.f): compiling at 16:40:09
a2proc(a2eval_int_main.F): processing
a2proc(a2eval_int_main.f): compiling at 16:40:09
a2proc(a2eval_ints.F): processing
a2proc(a2eval_ints.f): compiling at 16:40:10
a2proc(a2eval_prdcint.F): processing
a2proc(a2eval_prdcint.f): compiling at 16:40:10
a2proc(a2get_ang_type.F): processing
a2proc(a2get_ang_type.f): compiling at 16:40:10
a2proc(a2get_den.F): processing
a2proc(a2get_den.f): compiling at 16:40:10
a2proc(a2get_gridnmlist.F): processing
a2proc(a2get_gridnmlist.f): compiling at 16:40:11
a2proc(a2make_wfn.F): processing
a2proc(a2make_wfn.f): compiling at 16:40:11
a2proc(a2_prep4_mol_read.F): processing
a2proc(a2_prep4_mol_read.f): compiling at 16:40:11
a2proc(a2proc_init.F): processing
a2proc(a2proc_init.f): compiling at 16:40:11
a2proc(a2rate_main.F): processing
a2proc(a2rate_main.f): compiling at 16:40:12
a2proc(a2rate_wrte.F): processing
a2proc(a2rate_wrte.f): compiling at 16:40:12
a2proc(a2rd_basis_4intgrt.F): processing
a2proc(a2rd_basis_4intgrt.f): compiling at 16:40:12
a2proc(a2rd_basis.F): processing
a2proc(a2rd_basis.f): compiling at 16:40:13
a2proc(a2rd_basis_priminf.F): processing
a2proc(a2rd_basis_priminf.f): compiling at 16:40:13
a2proc(a2rd_geom.F): processing
a2proc(a2rd_geom.f): compiling at 16:40:13
a2proc(a2rd_vib.F): processing
a2proc(a2rd_vib.f): compiling at 16:40:14
a2proc(a2rdzmat_4gridinf.F): processing
a2proc(a2rdzmat_4gridinf.f): compiling at 16:40:14
a2proc(a2read_jarc.F): processing
a2proc(a2read_jarc.f): compiling at 16:40:14
a2proc(a2_reset_jarc_0.F): processing
a2proc(a2_reset_jarc_0.f): compiling at 16:40:14
a2proc(a2_reset_jarc.F): processing
a2proc(a2_reset_jarc.f): compiling at 16:40:15
a2proc(a2write_wfn.F): processing
a2proc(a2write_wfn.f): compiling at 16:40:15
a2proc(aces_com_info.F): processing
a2proc(aces_com_info.f): compiling at 16:40:15
a2proc(aces_com_sym.F): processing
a2proc(aces_com_sym.f): compiling at 16:40:15
a2proc(aces_com_syminf.F): processing
a2proc(aces_com_syminf.f): compiling at 16:40:16
a2proc(aces_io_recovery.F): processing
a2proc(aces_io_recovery.f): compiling at 16:40:16
a2proc(adm.F): processing
a2proc(adm.f): compiling at 16:40:16
a2proc(aux.F): processing
a2proc(aux.f): compiling at 16:40:17
a2proc(bfgs_update.F): processing
a2proc(bfgs_update.f): compiling at 16:40:17
a2proc(buildzmat.F): processing
a2proc(buildzmat.f): compiling at 16:40:17
a2proc(built_reord_vec.F): processing
a2proc(built_reord_vec.f): compiling at 16:40:17
a2proc(c4read_jarc.F): processing
a2proc(c4read_jarc.f): compiling at 16:40:18
a2proc(c4_reset_jarc.F): processing
a2proc(c4_reset_jarc.f): compiling at 16:40:18
a2proc(check_norm.F): processing
a2proc(check_norm.f): compiling at 16:40:18
a2proc(constr_search_c4.F): processing
a2proc(constr_search_c4.f): compiling at 16:40:19
a2proc(constr_search.F): processing
a2proc(constr_search.f): compiling at 16:40:19
a2proc(coriolis_cc.F): processing
a2proc(coriolis_cc.f): compiling at 16:40:19
a2proc(count_lines.F): processing
a2proc(count_lines.f): compiling at 16:40:20
a2proc(den_plots_main.F): processing
a2proc(den_plots_main.f): compiling at 16:40:20
a2proc(extrap_amps.F): processing
a2proc(extrap_amps.f): compiling at 16:40:20
a2proc(extrap_grad.F): processing
a2proc(extrap_grad.f): compiling at 16:40:20
a2proc(extrap_main.F): processing
a2proc(extrap_main.f): compiling at 16:40:21
a2proc(factor.F): processing
a2proc(factor.f): compiling at 16:40:21
a2proc(generate_12Dgrid.F): processing
a2proc(generate_12Dgrid.f): compiling at 16:40:21
a2proc(gennbo_genfile.F): processing
a2proc(gennbo_genfile.f): compiling at 16:40:22
a2proc(gennbo_main.F): processing
a2proc(gennbo_main.f): compiling at 16:40:22
a2proc(getbasname_c4.F): processing
a2proc(getbasname_c4.f): compiling at 16:40:22
a2proc(get_flags_c4.F): processing
a2proc(get_flags_c4.f): compiling at 16:40:22
a2proc(get_flags.F): processing
a2proc(get_flags.f): compiling at 16:40:23
a2proc(get_lambda.F): processing
a2proc(get_lambda.f): compiling at 16:40:23
a2proc(get_massw_coords.F): processing
a2proc(get_massw_coords.f): compiling at 16:40:23
a2proc(get_massw_nrmlmodes.F): processing
a2proc(get_massw_nrmlmodes.f): compiling at 16:40:24
a2proc(get_nucrep.F): processing
a2proc(get_nucrep.f): compiling at 16:40:24
a2proc(get_refvib_data_c4.F): processing
a2proc(get_refvib_data_c4.f): compiling at 16:40:24
a2proc(get_refvib_data.F): processing
a2proc(get_refvib_data.f): compiling at 16:40:24
a2proc(hyprchm_main.F): processing
a2proc(hyprchm_main.f): compiling at 16:40:25
a2proc(hyprchm_rd_geomvib.F): processing
a2proc(hyprchm_rd_geomvib.f): compiling at 16:40:25
a2proc(hyprchm_wrt.F): processing
a2proc(hyprchm_wrt.f): compiling at 16:40:25
a2proc(irc_interpolation.F): processing
a2proc(irc_interpolation.f): compiling at 16:40:25
a2proc(jarec.F): processing
a2proc(jarec.f): compiling at 16:40:26
a2proc(ln_interpol.F): processing
a2proc(ln_interpol.f): compiling at 16:40:26
a2proc(load_defined.F): processing
a2proc(load_defined.f): compiling at 16:40:26
a2proc(main.F): processing
a2proc(main.f): compiling at 16:40:26
a2proc(mem.F): processing
a2proc(mem.f): compiling at 16:40:27
a2proc(molden_main.F): processing
a2proc(molden_main.f): compiling at 16:40:27
a2proc(molden_rdbasis.F): processing
a2proc(molden_rdbasis.f): compiling at 16:40:27
a2proc(molden_rdgeom.F): processing
a2proc(molden_rdgeom.f): compiling at 16:40:28
a2proc(molden_rdorb.F): processing
a2proc(molden_rdorb.f): compiling at 16:40:28
a2proc(molden_rdvib.F): processing
a2proc(molden_rdvib.f): compiling at 16:40:28
a2proc(neatprint.F): processing
a2proc(neatprint.f): compiling at 16:40:28
a2proc(parfd.F): processing
a2proc(parfd.f): compiling at 16:40:29
a2proc(pes_scan_main_c4.F): processing
a2proc(pes_scan_main_c4.f): compiling at 16:40:29
a2proc(pes_scan_main.F): processing
a2proc(pes_scan_main.f): compiling at 16:40:29
a2proc(polyrate_main.F): processing
a2proc(polyrate_main.f): compiling at 16:40:30
a2proc(polyrate_wrte.F): processing
a2proc(polyrate_wrte.f): compiling at 16:40:30
a2proc(powel_update.F): processing
a2proc(powel_update.f): compiling at 16:40:31
a2proc(print_coord.F): processing
a2proc(print_coord.f): compiling at 16:40:31
a2proc(process_c4shifts.F): processing
a2proc(process_c4shifts.f): compiling at 16:40:31
a2proc(qntm_topl_main.F): processing
a2proc(qntm_topl_main.f): compiling at 16:40:31
a2proc(read_file_main.F): processing
a2proc(read_file_main.f): compiling at 16:40:32
a2proc(read_ircnmlist.F): processing
a2proc(read_ircnmlist.f): compiling at 16:40:32
a2proc(read_normco_file.F): processing
a2proc(read_normco_file.f): compiling at 16:40:32
a2proc(read_polar_file.F): processing
a2proc(read_polar_file.f): compiling at 16:40:32
a2proc(read_scannmlist.F): processing
a2proc(read_scannmlist.f): compiling at 16:40:33
a2proc(read_tlc_amps.F): processing
a2proc(read_tlc_amps.f): compiling at 16:40:33
a2proc(reorder.F): processing
a2proc(reorder.f): compiling at 16:40:33
a2proc(reord_mos.F): processing
a2proc(reord_mos.f): compiling at 16:40:33
a2proc(reord_vecs.F): processing
a2proc(reord_vecs.f): compiling at 16:40:34
a2proc(run_a2.F): processing
a2proc(run_a2.f): compiling at 16:40:34
a2proc(run_c4.F): processing
a2proc(run_c4.f): compiling at 16:40:34
a2proc(run_ref.F): processing
a2proc(run_ref.f): compiling at 16:40:35
a2proc(stat_thermo_main.F): processing
a2proc(stat_thermo_main.f): compiling at 16:40:35
a2proc(stpsize.F): processing
a2proc(stpsize.f): compiling at 16:40:35
a2proc(test_dbl.F): processing
a2proc(test_dbl.f): compiling at 16:40:36
a2proc(test.F): processing
a2proc(test.f): compiling at 16:40:36
a2proc(test_int.F): processing
a2proc(test_int.f): compiling at 16:40:36
a2proc(trans_sph2cart.F): processing
a2proc(trans_sph2cart.f): compiling at 16:40:36
a2proc(vib_rot_coupl.F): processing
a2proc(vib_rot_coupl.f): compiling at 16:40:37
a2proc(write2_stdout.F): processing
a2proc(write2_stdout.f): compiling at 16:40:37
a2proc(write_prims.F): processing
a2proc(write_prims.f): compiling at 16:40:37
a2proc(write_tlc_amps.F): processing
a2proc(write_tlc_amps.f): compiling at 16:40:37
a2proc(wrt_prim_main.F): processing
a2proc(wrt_prim_main.f): compiling at 16:40:38
a2proc(xyz.F): processing
a2proc(xyz.f): compiling at 16:40:38
a2proc(zerohbar.F): processing
a2proc(zerohbar.f): compiling at 16:40:38
a2proc(zerorec.F): processing
a2proc(zerorec.f): compiling at 16:40:39
a2proc(dumpit.f): compiling at 16:40:39
a2proc(errexit.f): compiling at 16:40:39
a2proc(header.f): compiling at 16:40:39
a2proc(isort2.f): compiling at 16:40:39
a2proc(nodummy.f): compiling at 16:40:39
a2proc(prim.f): compiling at 16:40:39
a2proc(prntlo.f): compiling at 16:40:40
a2proc(seeklb.f): compiling at 16:40:40

Object files are up-to-date.

Archiving objects

Linking binary
Stripping binary if necessary

Installing the library as:
   /home/perera/Develop/lib/liba2proc.a

The installed library is up-to-date.

Installing the binary as:
   /home/perera/Develop/bin/xa2proc

The installed binary is up-to-date.
gmake[1]: Leaving directory '/home/perera/Develop/ACESII_build/a2proc'
gmake[1]: Entering directory '/home/perera/Develop/ACESII_build/alice_nwchem'
alice_nwchem(alice_nwchem.f90): compiling at 16:40:42
alice_nwchem(aovec.f90): compiling at 16:40:42
alice_nwchem(civec2.f90): compiling at 16:40:42
alice_nwchem(civec.f90): compiling at 16:40:42
alice_nwchem(function.f90): compiling at 16:40:43
alice_nwchem(get_aces2.f90): compiling at 16:40:43
alice_nwchem(job.f90): compiling at 16:40:43
alice_nwchem(movec.f90): compiling at 16:40:43
alice_nwchem(nwchem_info.f90): compiling at 16:40:44
alice_nwchem(print.f90): compiling at 16:40:44

Object files are up-to-date.

Archiving objects

Linking binary
Stripping binary if necessary

Installing the library as:
   /home/perera/Develop/lib/libalice_nwchem.a

The installed library is up-to-date.

Installing the binary as:
   /home/perera/Develop/bin/xalice_nwchem

The installed binary is up-to-date.
gmake[1]: Leaving directory '/home/perera/Develop/ACESII_build/alice_nwchem'
gmake[1]: Entering directory '/home/perera/Develop/ACESII_build/aux'
aux(do_bruckner.F): processing
aux(do_bruckner.f): compiling at 16:40:46
aux(job_control.F): processing
aux(job_control.f): compiling at 16:40:46
aux(main.F): processing
aux(main.f): compiling at 16:40:46
aux(pccd_runchg.F): processing
aux(pccd_runchg.f): compiling at 16:40:46
aux(runit.F): processing
aux(runit.f): compiling at 16:40:47
aux(a2getrec.f): compiling at 16:40:47
aux(a2putrec.f): compiling at 16:40:47
aux(title.f): compiling at 16:40:47

Object files are up-to-date.

Archiving objects

Linking binary
Stripping binary if necessary

Installing the library as:
   /home/perera/Develop/lib/libaux.a

The installed library is up-to-date.

Installing the binary as:
   /home/perera/Develop/bin/xaux

The installed binary is up-to-date.
gmake[1]: Leaving directory '/home/perera/Develop/ACESII_build/aux'
gmake[1]: Entering directory '/home/perera/Develop/ACESII_build/c6coef'
c6coef(c6coef.f): compiling at 16:40:48
c6coef(ckmem.f): compiling at 16:40:48
c6coef(dzerosec.f): compiling at 16:40:48
c6coef(getc6matrix.f): compiling at 16:40:48
c6coef(getgridinfo.f): compiling at 16:40:49
c6coef(getpolarinfo.f): compiling at 16:40:49
c6coef(output3.f): compiling at 16:40:50
c6coef(prngridinfo.f): compiling at 16:40:50
c6coef(prnmat.f): compiling at 16:40:50

Object files are up-to-date.

Archiving objects

Linking binary
Stripping binary if necessary

Installing the library as:
   /home/perera/Develop/lib/libc6coef.a

The installed library is up-to-date.

Installing the binary as:
   /home/perera/Develop/bin/xc6coef

The installed binary is up-to-date.
gmake[1]: Leaving directory '/home/perera/Develop/ACESII_build/c6coef'
gmake[1]: Entering directory '/home/perera/Develop/ACESII_build/ccd_light'
ccd_light(ccd_light_control.F): processing
ccd_light(ccd_light_control.f): compiling at 16:40:51
ccd_light(ccd_light_driver.F): processing
ccd_light(ccd_light_driver.f): compiling at 16:40:52
ccd_light(ccd_light_main.F): processing
ccd_light(ccd_light_main.f): compiling at 16:40:52
ccd_light(check_fod.F): processing
ccd_light(check_fod.f): compiling at 16:40:52
ccd_light(energy.F): processing
ccd_light(energy.f): compiling at 16:40:52
ccd_light(fae_cont.F): processing
ccd_light(fae_cont.f): compiling at 16:40:52
ccd_light(fmi_cont.F): processing
ccd_light(fmi_cont.f): compiling at 16:40:53
ccd_light(form_abef.F): processing
ccd_light(form_abef.f): compiling at 16:40:53
ccd_light(form_fae.F): processing
ccd_light(form_fae.f): compiling at 16:40:53
ccd_light(form_fae_rc.F): processing
ccd_light(form_fae_rc.f): compiling at 16:40:53
ccd_light(form_fme.F): processing
ccd_light(form_fme.f): compiling at 16:40:54
ccd_light(form_fmi.F): processing
ccd_light(form_fmi.f): compiling at 16:40:54
ccd_light(form_fmi_rc.F): processing
ccd_light(form_fmi_rc.f): compiling at 16:40:54
ccd_light(form_mbej.F): processing
ccd_light(form_mbej.f): compiling at 16:40:54
ccd_light(form_mbej_rc.F): processing
ccd_light(form_mbej_rc.f): compiling at 16:40:55
ccd_light(form_mbej_rc_hbar.F): processing
ccd_light(form_mbej_rc_hbar.f): compiling at 16:40:55
ccd_light(form_mnij.F): processing
ccd_light(form_mnij.f): compiling at 16:40:56
ccd_light(form_mo_fock.F): processing
ccd_light(form_mo_fock.f): compiling at 16:40:56
ccd_light(form_moints.F): processing
ccd_light(form_moints.f): compiling at 16:40:56
ccd_light(form_wabef.F): processing
ccd_light(form_wabef.f): compiling at 16:40:56
ccd_light(form_wabij.F): processing
ccd_light(form_wabij.f): compiling at 16:40:57
ccd_light(form_wmbej.F): processing
ccd_light(form_wmbej.f): compiling at 16:40:57
ccd_light(form_wmbej_fo.F): processing
ccd_light(form_wmbej_fo.f): compiling at 16:40:57
ccd_light(form_wmnef.F): processing
ccd_light(form_wmnef.f): compiling at 16:40:57
ccd_light(form_wmnij.F): processing
ccd_light(form_wmnij.f): compiling at 16:40:58
ccd_light(form_wpqrs_aaaa.F): processing
ccd_light(form_wpqrs_aaaa.f): compiling at 16:40:58
ccd_light(form_wpqrs_aabb.F): processing
ccd_light(form_wpqrs_aabb.f): compiling at 16:40:58
ccd_light(form_wpqrs_abab.F): processing
ccd_light(form_wpqrs_abab.f): compiling at 16:40:58
ccd_light(get2ints.F): processing
ccd_light(get2ints.f): compiling at 16:40:59
ccd_light(guesst2.F): processing
ccd_light(guesst2.f): compiling at 16:40:59
ccd_light(init_2abij.F): processing
ccd_light(init_2abij.f): compiling at 16:40:59
ccd_light(newt2.F): processing
ccd_light(newt2.f): compiling at 16:40:59
ccd_light(prep_fock.F): processing
ccd_light(prep_fock.f): compiling at 16:41:00
ccd_light(rccd_light_driver.F): processing
ccd_light(rccd_light_driver.f): compiling at 16:41:00
ccd_light(set_prelims.F): processing
ccd_light(set_prelims.f): compiling at 16:41:00
ccd_light(symmetrize_t2.F): processing
ccd_light(symmetrize_t2.f): compiling at 16:41:00
ccd_light(wabef_cont.F): processing
ccd_light(wabef_cont.f): compiling at 16:41:01
ccd_light(wmbej_cont.F): processing
ccd_light(wmbej_cont.f): compiling at 16:41:01
ccd_light(wmbej_cont_rc.F): processing
ccd_light(wmbej_cont_rc.f): compiling at 16:41:01
ccd_light(wmnij_cont.F): processing
ccd_light(wmnij_cont.f): compiling at 16:41:02

Object files are up-to-date.

Archiving objects

Linking binary
Stripping binary if necessary

Installing the library as:
   /home/perera/Develop/lib/libccd_light.a

The installed library is up-to-date.

Installing the binary as:
   /home/perera/Develop/bin/xccd_light

The installed binary is up-to-date.
gmake[1]: Leaving directory '/home/perera/Develop/ACESII_build/ccd_light'
gmake[1]: Entering directory '/home/perera/Develop/ACESII_build/ccsd_light'
ccsd_light(active_sp_proj.F): processing
ccsd_light(active_sp_proj.f): compiling at 16:41:03
ccsd_light(augment_ts.F): processing
ccsd_light(augment_ts.f): compiling at 16:41:03
ccsd_light(built_frac_dens.F): processing
ccsd_light(built_frac_dens.f): compiling at 16:41:04
ccsd_light(built_frac_fock_ao.F): processing
ccsd_light(built_frac_fock_ao.f): compiling at 16:41:04
ccsd_light(built_frac_fock_mo.F): processing
ccsd_light(built_frac_fock_mo.f): compiling at 16:41:04
ccsd_light(ccsd_light_control.F): processing
ccsd_light(ccsd_light_control.f): compiling at 16:41:04
ccsd_light(ccsd_light_driver.F): processing
ccsd_light(ccsd_light_driver.f): compiling at 16:41:05
ccsd_light(ccsd_light_main.F): processing
ccsd_light(ccsd_light_main.f): compiling at 16:41:05
ccsd_light(check_fov.F): processing
ccsd_light(check_fov.f): compiling at 16:41:05
ccsd_light(dens_frmt1.F): processing
ccsd_light(dens_frmt1.f): compiling at 16:41:05
ccsd_light(dump_amps.F): processing
ccsd_light(dump_amps.f): compiling at 16:41:06
ccsd_light(energy_frmt1.F): processing
ccsd_light(energy_frmt1.f): compiling at 16:41:06
ccsd_light(energy_frmt2.F): processing
ccsd_light(energy_frmt2.f): compiling at 16:41:06
ccsd_light(fae_int1.F): processing
ccsd_light(fae_int1.f): compiling at 16:41:06
ccsd_light(fae_int21.F): processing
ccsd_light(fae_int21.f): compiling at 16:41:06
ccsd_light(fae_int2.F): processing
ccsd_light(fae_int2.f): compiling at 16:41:07
ccsd_light(fdiags_2r12.F): processing
ccsd_light(fdiags_2r12.f): compiling at 16:41:07
ccsd_light(fill_vec.F): processing
ccsd_light(fill_vec.f): compiling at 16:41:07
ccsd_light(fix_hbar_abef.F): processing
ccsd_light(fix_hbar_abef.f): compiling at 16:41:08
ccsd_light(fix_hbar_ijkl.F): processing
ccsd_light(fix_hbar_ijkl.f): compiling at 16:41:08
ccsd_light(fix_hbar_mbej.F): processing
ccsd_light(fix_hbar_mbej.f): compiling at 16:41:08
ccsd_light(fix_hbarpq.F): processing
ccsd_light(fix_hbarpq.f): compiling at 16:41:08
ccsd_light(fme_int1.F): processing
ccsd_light(fme_int1.f): compiling at 16:41:08
ccsd_light(fmi_int1.F): processing
ccsd_light(fmi_int1.f): compiling at 16:41:08
ccsd_light(fmi_int21.F): processing
ccsd_light(fmi_int21.f): compiling at 16:41:09
ccsd_light(fmi_int2.F): processing
ccsd_light(fmi_int2.f): compiling at 16:41:09
ccsd_light(form_3body_intms1.F): processing
ccsd_light(form_3body_intms1.f): compiling at 16:41:09
ccsd_light(form_3body_intms2.F): processing
ccsd_light(form_3body_intms2.f): compiling at 16:41:09
ccsd_light(form_abef.F): processing
ccsd_light(form_abef.f): compiling at 16:41:09
ccsd_light(form_canonical_dens.F): processing
ccsd_light(form_canonical_dens.f): compiling at 16:41:10
ccsd_light(form_cumldens.F): processing
ccsd_light(form_cumldens.f): compiling at 16:41:10
ccsd_light(form_dens.F): processing
ccsd_light(form_dens.f): compiling at 16:41:10
ccsd_light(form_dinv.F): processing
ccsd_light(form_dinv.f): compiling at 16:41:11
ccsd_light(form_dinvt.F): processing
ccsd_light(form_dinvt.f): compiling at 16:41:11
ccsd_light(form_exc_mask.F): processing
ccsd_light(form_exc_mask.f): compiling at 16:41:11
ccsd_light(form_fae.F): processing
ccsd_light(form_fae.f): compiling at 16:41:11
ccsd_light(form_fme.F): processing
ccsd_light(form_fme.f): compiling at 16:41:12
ccsd_light(form_fmi.F): processing
ccsd_light(form_fmi.f): compiling at 16:41:12
ccsd_light(form_full_jacobi.F): processing
ccsd_light(form_full_jacobi.f): compiling at 16:41:13
ccsd_light(form_hbabci_term1.F): processing
ccsd_light(form_hbabci_term1.f): compiling at 16:41:13
ccsd_light(form_hbabci_term2.F): processing
ccsd_light(form_hbabci_term2.f): compiling at 16:41:13
ccsd_light(form_hbabci_term3.F): processing
ccsd_light(form_hbabci_term3.f): compiling at 16:41:13
ccsd_light(form_hbabci_term4.F): processing
ccsd_light(form_hbabci_term4.f): compiling at 16:41:14
ccsd_light(form_hbabci_term5.F): processing
ccsd_light(form_hbabci_term5.f): compiling at 16:41:14
ccsd_light(form_hbar_abci.F): processing
ccsd_light(form_hbar_abci.f): compiling at 16:41:14
ccsd_light(form_hbar_aibc.F): processing
ccsd_light(form_hbar_aibc.f): compiling at 16:41:14
ccsd_light(form_hbar.F): processing
ccsd_light(form_hbar.f): compiling at 16:41:15
ccsd_light(form_hbar_iajk.F): processing
ccsd_light(form_hbar_iajk.f): compiling at 16:41:15
ccsd_light(form_hbar_ijab.F): processing
ccsd_light(form_hbar_ijab.f): compiling at 16:41:15
ccsd_light(form_hbar_ijka.F): processing
ccsd_light(form_hbar_ijka.f): compiling at 16:41:15
ccsd_light(form_hbiajk_term1.F): processing
ccsd_light(form_hbiajk_term1.f): compiling at 16:41:16
ccsd_light(form_hbiajk_term2.F): processing
ccsd_light(form_hbiajk_term2.f): compiling at 16:41:16
ccsd_light(form_hbiajk_term3.F): processing
ccsd_light(form_hbiajk_term3.f): compiling at 16:41:16
ccsd_light(form_hbiajk_term4.F): processing
ccsd_light(form_hbiajk_term4.f): compiling at 16:41:17
ccsd_light(form_hbiajk_term5.F): processing
ccsd_light(form_hbiajk_term5.f): compiling at 16:41:17
ccsd_light(form_jacobi.F): processing
ccsd_light(form_jacobi.f): compiling at 16:41:17
ccsd_light(form_mbej_t1.F): processing
ccsd_light(form_mbej_t1.f): compiling at 16:41:18
ccsd_light(form_mbej_t2.F): processing
ccsd_light(form_mbej_t2.f): compiling at 16:41:18
ccsd_light(form_mnij.F): processing
ccsd_light(form_mnij.f): compiling at 16:41:18
ccsd_light(form_mod_f.F): processing
ccsd_light(form_mod_f.f): compiling at 16:41:19
ccsd_light(form_mo_fock.F): processing
ccsd_light(form_mo_fock.f): compiling at 16:41:19
ccsd_light(form_moints.F): processing
ccsd_light(form_moints.f): compiling at 16:41:19
ccsd_light(form_newvec_0.F): processing
ccsd_light(form_newvec_0.f): compiling at 16:41:19
ccsd_light(form_newvec_1.F): processing
ccsd_light(form_newvec_1.f): compiling at 16:41:20
ccsd_light(form_qef1.F): processing
ccsd_light(form_qef1.f): compiling at 16:41:20
ccsd_light(form_qef2.F): processing
ccsd_light(form_qef2.f): compiling at 16:41:20
ccsd_light(form_qij1.F): processing
ccsd_light(form_qij1.f): compiling at 16:41:20
ccsd_light(form_qij2.F): processing
ccsd_light(form_qij2.f): compiling at 16:41:21
ccsd_light(form_t1_2hbar_abci.F): processing
ccsd_light(form_t1_2hbar_abci.f): compiling at 16:41:21
ccsd_light(form_t2abef.F): processing
ccsd_light(form_t2abef.f): compiling at 16:41:21
ccsd_light(form_t2ijkl.F): processing
ccsd_light(form_t2ijkl.f): compiling at 16:41:21
ccsd_light(form_t2mbej.F): processing
ccsd_light(form_t2mbej.f): compiling at 16:41:22
ccsd_light(form_tau.F): processing
ccsd_light(form_tau.f): compiling at 16:41:22
ccsd_light(form_wabci.F): processing
ccsd_light(form_wabci.f): compiling at 16:41:22
ccsd_light(form_wabci_fo.F): processing
ccsd_light(form_wabci_fo.f): compiling at 16:41:22
ccsd_light(form_wabef.F): processing
ccsd_light(form_wabef.f): compiling at 16:41:23
ccsd_light(form_wabef_intms.F): processing
ccsd_light(form_wabef_intms.f): compiling at 16:41:23
ccsd_light(form_wabij.F): processing
ccsd_light(form_wabij.f): compiling at 16:41:23
ccsd_light(form_wijka.F): processing
ccsd_light(form_wijka.f): compiling at 16:41:24
ccsd_light(form_wijka_fo.F): processing
ccsd_light(form_wijka_fo.f): compiling at 16:41:24
ccsd_light(form_wmbej.F): processing
ccsd_light(form_wmbej.f): compiling at 16:41:24
ccsd_light(form_wmbej_fo.F): processing
ccsd_light(form_wmbej_fo.f): compiling at 16:41:24
ccsd_light(form_wmnef.F): processing
ccsd_light(form_wmnef.f): compiling at 16:41:25
ccsd_light(form_wmnij.F): processing
ccsd_light(form_wmnij.f): compiling at 16:41:25
ccsd_light(form_wpqrs_aaaa.F): processing
ccsd_light(form_wpqrs_aaaa.f): compiling at 16:41:25
ccsd_light(form_wpqrs_aabb.F): processing
ccsd_light(form_wpqrs_aabb.f): compiling at 16:41:25
ccsd_light(form_wpqrs_abab.F): processing
ccsd_light(form_wpqrs_abab.f): compiling at 16:41:25
ccsd_light(form_wtt_mbej.F): processing
ccsd_light(form_wtt_mbej.f): compiling at 16:41:26
ccsd_light(get2ints.F): processing
ccsd_light(get2ints.f): compiling at 16:41:26
ccsd_light(get_new_r12.F): processing
ccsd_light(get_new_r12.f): compiling at 16:41:26
ccsd_light(get_oneh.F): processing
ccsd_light(get_oneh.f): compiling at 16:41:26
ccsd_light(get_ref_energy.F): processing
ccsd_light(get_ref_energy.f): compiling at 16:41:27
ccsd_light(get_resid_stats.F): processing
ccsd_light(get_resid_stats.f): compiling at 16:41:27
ccsd_light(guesst1.F): processing
ccsd_light(guesst1.f): compiling at 16:41:27
ccsd_light(guesst2.F): processing
ccsd_light(guesst2.f): compiling at 16:41:27
ccsd_light(hbar_dd_t2_mult.F): processing
ccsd_light(hbar_dd_t2_mult.f): compiling at 16:41:28
ccsd_light(hbar_diagonals.F): processing
ccsd_light(hbar_diagonals.f): compiling at 16:41:28
ccsd_light(hbar_ds_t2_mult.F): processing
ccsd_light(hbar_ds_t2_mult.f): compiling at 16:41:28
ccsd_light(hbar_sd_t2_mult.F): processing
ccsd_light(hbar_sd_t2_mult.f): compiling at 16:41:28
ccsd_light(hbar_ss_t1_mult.F): processing
ccsd_light(hbar_ss_t1_mult.f): compiling at 16:41:28
ccsd_light(hbar_t_mult.F): processing
ccsd_light(hbar_t_mult.f): compiling at 16:41:29
ccsd_light(init_2abij.F): processing
ccsd_light(init_2abij.f): compiling at 16:41:29
ccsd_light(mbpt2_brueckner.F): processing
ccsd_light(mbpt2_brueckner.f): compiling at 16:41:29
ccsd_light(mbpt2_brueckner_rot.F): processing
ccsd_light(mbpt2_brueckner_rot.f): compiling at 16:41:29
ccsd_light(newt1.F): processing
ccsd_light(newt1.f): compiling at 16:41:30
ccsd_light(newt2.F): processing
ccsd_light(newt2.f): compiling at 16:41:30
ccsd_light(prep_fock.F): processing
ccsd_light(prep_fock.f): compiling at 16:41:30
ccsd_light(read_amps.F): processing
ccsd_light(read_amps.f): compiling at 16:41:30
ccsd_light(read_occnum.F): processing
ccsd_light(read_occnum.f): compiling at 16:41:30
ccsd_light(set_active_space.F): processing
ccsd_light(set_active_space.f): compiling at 16:41:31
ccsd_light(set_lr_norm.F): processing
ccsd_light(set_lr_norm.f): compiling at 16:41:31
ccsd_light(set_prelims.F): processing
ccsd_light(set_prelims.f): compiling at 16:41:31
ccsd_light(t1_int1.F): processing
ccsd_light(t1_int1.f): compiling at 16:41:31
ccsd_light(t1_int1_modf.F): processing
ccsd_light(t1_int1_modf.f): compiling at 16:41:32
ccsd_light(t1_int2.F): processing
ccsd_light(t1_int2.f): compiling at 16:41:32
ccsd_light(t1_int2_modf.F): processing
ccsd_light(t1_int2_modf.f): compiling at 16:41:32
ccsd_light(t1t1_int2.F): processing
ccsd_light(t1t1_int2.f): compiling at 16:41:33
ccsd_light(t2_int1.F): processing
ccsd_light(t2_int1.f): compiling at 16:41:33
ccsd_light(t2_int1_modf.F): processing
ccsd_light(t2_int1_modf.f): compiling at 16:41:33
ccsd_light(test.F): processing
ccsd_light(test.f): compiling at 16:41:34
ccsd_light(test_hbar.F): processing
ccsd_light(test_hbar.f): compiling at 16:41:34
ccsd_light(wabef_int2.F): processing
ccsd_light(wabef_int2.f): compiling at 16:41:34
ccsd_light(wmbej_int2.F): processing
ccsd_light(wmbej_int2.f): compiling at 16:41:34
ccsd_light(wmnij_int2.F): processing
ccsd_light(wmnij_int2.f): compiling at 16:41:35
ccsd_light(mkuhff.f): compiling at 16:41:35

Object files are up-to-date.

Archiving objects

Linking binary
Stripping binary if necessary

Installing the library as:
   /home/perera/Develop/lib/libccsd_light.a

The installed library is up-to-date.

Installing the binary as:
   /home/perera/Develop/bin/xccsd_light

The installed binary is up-to-date.
gmake[1]: Leaving directory '/home/perera/Develop/ACESII_build/ccsd_light'
gmake[1]: Entering directory '/home/perera/Develop/ACESII_build/ccsdtq'
ccsdtq(auxi.f): compiling at 16:41:37
ccsdtq(ccsdtq.f): compiling at 16:41:39
ccsdtq(cct4.f): compiling at 16:41:39
ccsdtq(denom.f): compiling at 16:41:39
ccsdtq(drrestnew.f): compiling at 16:41:39
ccsdtq(inth.f): compiling at 16:41:40
ccsdtq(matmult.f): compiling at 16:41:40
ccsdtq(new.f): compiling at 16:41:40
ccsdtq(newrlet3.f): compiling at 16:41:42
ccsdtq(newt2.f): compiling at 16:41:42
ccsdtq(newt3.f): compiling at 16:41:43
ccsdtq(prim.f): compiling at 16:41:44
ccsdtq(rdall.f): compiling at 16:41:44
ccsdtq(ro2vcc.f): compiling at 16:41:47
ccsdtq(t2wt3ijk.f): compiling at 16:41:47
ccsdtq(t3wt3.f): compiling at 16:41:47
ccsdtq(vpakv.f): compiling at 16:41:48
ccsdtq(wrall.f): compiling at 16:41:48
ccsdtq(zclock.f): compiling at 16:41:48

Object files are up-to-date.

Archiving objects

Linking binary
Stripping binary if necessary

Installing the library as:
   /home/perera/Develop/lib/libccsdtq.a

The installed library is up-to-date.

Installing the binary as:
   /home/perera/Develop/bin/xccsdtq

The installed binary is up-to-date.
gmake[1]: Leaving directory '/home/perera/Develop/ACESII_build/ccsdtq'
gmake[1]: Entering directory '/home/perera/Develop/ACESII_build/ccsdtqf'
ccsdtqf(ccsdtqf.F): processing
ccsdtqf(ccsdtqf.f): compiling at 16:41:50
ccsdtqf(pccd_reset_qf.F): processing
ccsdtqf(pccd_reset_qf.f): compiling at 16:41:50
ccsdtqf(putlist_pccd.F): processing
ccsdtqf(putlist_pccd.f): compiling at 16:41:51
ccsdtqf(setmet_qf.F): processing
ccsdtqf(setmet_qf.f): compiling at 16:41:51
ccsdtqf(trps14_pccd.F): processing
ccsdtqf(trps14_pccd.f): compiling at 16:41:51
ccsdtqf(trps2_pccd.F): processing
ccsdtqf(trps2_pccd.f): compiling at 16:41:52
ccsdtqf(trps3_pccd.F): processing
ccsdtqf(trps3_pccd.f): compiling at 16:41:52
ccsdtqf(trps_pccd.F): processing
ccsdtqf(trps_pccd.f): compiling at 16:41:53
ccsdtqf(dgr22sym.f): compiling at 16:41:53
ccsdtqf(drt4.f): compiling at 16:41:53
ccsdtqf(eigrt.f): compiling at 16:41:53
ccsdtqf(gett3s.f): compiling at 16:41:54
ccsdtqf(hpvvoe.f): compiling at 16:41:54
ccsdtqf(ishell.f): compiling at 16:41:55
ccsdtqf(matmult.f): compiling at 16:41:55
ccsdtqf(mksyv.f): compiling at 16:41:55
ccsdtqf(mnoz.f): compiling at 16:41:55
ccsdtqf(newio.f): compiling at 16:41:55
ccsdtqf(newr.f): compiling at 16:41:55
ccsdtqf(prim.f): compiling at 16:41:57
ccsdtqf(rank1.f): compiling at 16:41:58
ccsdtqf(rdsym.f): compiling at 16:41:58
ccsdtqf(str.f): compiling at 16:41:58
ccsdtqf(symtrw2.f): compiling at 16:41:59
ccsdtqf(symw2.f): compiling at 16:41:59
ccsdtqf(t1wt3.f): compiling at 16:41:59
ccsdtqf(t2hht2sq.f): compiling at 16:41:59
ccsdtqf(t2hpt2sq.f): compiling at 16:41:59
ccsdtqf(t2ppt2sq.f): compiling at 16:41:59
ccsdtqf(t2wwt3.f): compiling at 16:42:00
ccsdtqf(vpakv.f): compiling at 16:42:00
ccsdtqf(vt4.f): compiling at 16:42:00
ccsdtqf(zclock.f): compiling at 16:42:00

Object files are up-to-date.

WARNING: The following source-less object files may contaminate the library:
   snrm2.o

Archiving objects

Linking binary
Stripping binary if necessary

Installing the library as:
   /home/perera/Develop/lib/libccsdtqf.a

The installed library is up-to-date.

Installing the binary as:
   /home/perera/Develop/bin/xccsdtqf

The installed binary is up-to-date.
gmake[1]: Leaving directory '/home/perera/Develop/ACESII_build/ccsdtqf'
gmake[1]: Entering directory '/home/perera/Develop/ACESII_build/ccsdtqf_mm'
ccsdtqf_mm(ccsdtqf.F): processing
ccsdtqf_mm(ccsdtqf.f): compiling at 16:42:02
ccsdtqf_mm(pccd_reset_qf.F): processing
ccsdtqf_mm(pccd_reset_qf.f): compiling at 16:42:02
ccsdtqf_mm(setmet_qf.F): processing
ccsdtqf_mm(setmet_qf.f): compiling at 16:42:03
ccsdtqf_mm(dgr22sym.f): compiling at 16:42:03
ccsdtqf_mm(drt4.f): compiling at 16:42:03
ccsdtqf_mm(eigrt.f): compiling at 16:42:03
ccsdtqf_mm(gett3s.f): compiling at 16:42:04
ccsdtqf_mm(hpvvoe.f): compiling at 16:42:05
ccsdtqf_mm(ishell.f): compiling at 16:42:05
ccsdtqf_mm(matmult.f): compiling at 16:42:05
ccsdtqf_mm(mksyv.f): compiling at 16:42:05
ccsdtqf_mm(mnoz.f): compiling at 16:42:05
ccsdtqf_mm(newio.f): compiling at 16:42:05
ccsdtqf_mm(newr.f): compiling at 16:42:06
ccsdtqf_mm(prim.f): compiling at 16:42:07
ccsdtqf_mm(rank1.f): compiling at 16:42:08
ccsdtqf_mm(rdsym.f): compiling at 16:42:08
ccsdtqf_mm(snrm2.f): compiling at 16:42:08
ccsdtqf_mm(str.f): compiling at 16:42:09
ccsdtqf_mm(symtrw2.f): compiling at 16:42:09
ccsdtqf_mm(symw2.f): compiling at 16:42:09
ccsdtqf_mm(t1wt3.f): compiling at 16:42:09
ccsdtqf_mm(t2hht2sq.f): compiling at 16:42:09
ccsdtqf_mm(t2hpt2sq.f): compiling at 16:42:10
ccsdtqf_mm(t2ppt2sq.f): compiling at 16:42:10
ccsdtqf_mm(t2wwt3.f): compiling at 16:42:10
ccsdtqf_mm(vpakv.f): compiling at 16:42:10
ccsdtqf_mm(vt4.f): compiling at 16:42:10
ccsdtqf_mm(zclock.f): compiling at 16:42:10

Object files are up-to-date.

Archiving objects

Linking binary
Stripping binary if necessary

Installing the library as:
   /home/perera/Develop/lib/libccsdtqf_mm.a

The installed library is up-to-date.

Installing the binary as:
   /home/perera/Develop/bin/xccsdtqf_mm

The installed binary is up-to-date.
gmake[1]: Leaving directory '/home/perera/Develop/ACESII_build/ccsdtqf_mm'
gmake[1]: Entering directory '/home/perera/Develop/ACESII_build/copex'
copex(copex.F): processing
copex(copex.f): compiling at 16:42:12
copex(fbar.F): processing
copex(fbar.f): compiling at 16:42:12
copex(bdhbarea.f): compiling at 16:42:13
copex(bdhbarip.f): compiling at 16:42:13
copex(check.f): compiling at 16:42:13
copex(diag1e.f): compiling at 16:42:13
copex(diag1i.f): compiling at 16:42:13
copex(diag2e.f): compiling at 16:42:13
copex(diag2i.f): compiling at 16:42:13
copex(diag3e.f): compiling at 16:42:14
copex(diag3i.f): compiling at 16:42:14
copex(diag4e.f): compiling at 16:42:14
copex(diag4i.f): compiling at 16:42:14
copex(diag5e.f): compiling at 16:42:14
copex(diag5i.f): compiling at 16:42:14
copex(diag6e.f): compiling at 16:42:14
copex(diag6i.f): compiling at 16:42:15
copex(diag7e.f): compiling at 16:42:15
copex(diag7i.f): compiling at 16:42:15
copex(diag8e.f): compiling at 16:42:15
copex(diag8i.f): compiling at 16:42:15
copex(diagmat.f): compiling at 16:42:15
copex(drccof.f): compiling at 16:42:15
copex(drccofh2pbs.f): compiling at 16:42:16
copex(drccofhe1.f): compiling at 16:42:16
copex(drccofhe2.f): compiling at 16:42:16
copex(drccofne.f): compiling at 16:42:16
copex(gett2.f): compiling at 16:42:16
copex(heff.f): compiling at 16:42:16
copex(wbar.f): compiling at 16:42:17

Object files are up-to-date.

Archiving objects

Linking binary
Stripping binary if necessary

Installing the library as:
   /home/perera/Develop/lib/libcopex.a

The installed library is up-to-date.

Installing the binary as:
   /home/perera/Develop/bin/xcopex

The installed binary is up-to-date.
gmake[1]: Leaving directory '/home/perera/Develop/ACESII_build/copex'
gmake[1]: Entering directory '/home/perera/Develop/ACESII_build/copt'
copt(compute_t1_4t2.F): processing
copt(compute_t1_4t2.f): compiling at 16:42:18
copt(copt.F): processing
copt(copt.f): compiling at 16:42:18
copt(drive_copt.F): processing
copt(drive_copt.f): compiling at 16:42:19

Object files are up-to-date.

Archiving objects

Linking binary
Stripping binary if necessary

Installing the library as:
   /home/perera/Develop/lib/libcopt.a

The installed library is up-to-date.

Installing the binary as:
   /home/perera/Develop/bin/xcopt

The installed binary is up-to-date.
gmake[1]: Leaving directory '/home/perera/Develop/ACESII_build/copt'
gmake[1]: Entering directory '/home/perera/Develop/ACESII_build/cphf'
cphf(main.F): processing
cphf(main.f): compiling at 16:42:20
cphf(asymmet.f): compiling at 16:42:21
cphf(cmoi.f): compiling at 16:42:21
cphf(cmrohf.f): compiling at 16:42:21
cphf(cphf.f): compiling at 16:42:21
cphf(cshpri.f): compiling at 16:42:21
cphf(dfab.f): compiling at 16:42:21
cphf(dfai.f): compiling at 16:42:21
cphf(dfij.f): compiling at 16:42:22
cphf(fillu.f): compiling at 16:42:22
cphf(formab.f): compiling at 16:42:22
cphf(formai.f): compiling at 16:42:22
cphf(formdd.f): compiling at 16:42:22
cphf(formfc.f): compiling at 16:42:22
cphf(formfd.f): compiling at 16:42:22
cphf(formij.f): compiling at 16:42:23
cphf(formrd.f): compiling at 16:42:23
cphf(formsd.f): compiling at 16:42:23
cphf(formsod.f): compiling at 16:42:23
cphf(formu.f): compiling at 16:42:23
cphf(header.f): compiling at 16:42:23
cphf(hyppri.f): compiling at 16:42:23
cphf(lineq1.f): compiling at 16:42:24
cphf(lineq2.f): compiling at 16:42:24
cphf(matexp.f): compiling at 16:42:24
cphf(mkarhf2.f): compiling at 16:42:24
cphf(mkarhf3.f): compiling at 16:42:24
cphf(mkarhf4.f): compiling at 16:42:24
cphf(mkarohf2.f): compiling at 16:42:24
cphf(mkarohf.f): compiling at 16:42:24
cphf(mkauhf2.f): compiling at 16:42:25
cphf(mkauhf3.f): compiling at 16:42:25
cphf(mszpri.f): compiling at 16:42:25
cphf(polpri.f): compiling at 16:42:25
cphf(polsum.f): compiling at 16:42:25
cphf(reordc.f): compiling at 16:42:25
cphf(rohfdf.f): compiling at 16:42:25
cphf(rohfu.f): compiling at 16:42:25
cphf(scfddp.f): compiling at 16:42:26
cphf(scffcm.f): compiling at 16:42:26
cphf(scfhyp.f): compiling at 16:42:26
cphf(scfjfc.f): compiling at 16:42:26
cphf(scfjsd.f): compiling at 16:42:26
cphf(scfmag.f): compiling at 16:42:26
cphf(scfmg2.f): compiling at 16:42:27
cphf(scfpol.f): compiling at 16:42:27
cphf(scfpso.f): compiling at 16:42:27
cphf(sdexp.f): compiling at 16:42:27
cphf(sdinooc.f): compiling at 16:42:27
cphf(sdinoo.f): compiling at 16:42:27
cphf(sdinvoc.f): compiling at 16:42:28
cphf(sdinvo.f): compiling at 16:42:28
cphf(sdinvvc.f): compiling at 16:42:28
cphf(sdinvv.f): compiling at 16:42:28
cphf(semcphf.f): compiling at 16:42:28
cphf(setbas.f): compiling at 16:42:28
cphf(setmet.f): compiling at 16:42:28
cphf(solver.f): compiling at 16:42:28
cphf(sxeval1.f): compiling at 16:42:29
cphf(sxeval2.f): compiling at 16:42:29
cphf(sxf2.f): compiling at 16:42:29
cphf(sxf3.f): compiling at 16:42:29
cphf(sxf.f): compiling at 16:42:29
cphf(symc.f): compiling at 16:42:29
cphf(symmet6.f): compiling at 16:42:29
cphf(tracsh.f): compiling at 16:42:29
cphf(tradip.f): compiling at 16:42:30
cphf(trahes.f): compiling at 16:42:30
cphf(uaiinooc.f): compiling at 16:42:30
cphf(uaiinoo.f): compiling at 16:42:30
cphf(uaiinvo.f): compiling at 16:42:30
cphf(uaiinvvc.f): compiling at 16:42:30
cphf(uaiinvv.f): compiling at 16:42:30

Object files are up-to-date.

Archiving objects

Linking binary
Stripping binary if necessary

Installing the library as:
   /home/perera/Develop/lib/libcphf.a

The installed library is up-to-date.

Installing the binary as:
   /home/perera/Develop/bin/xcphf

The installed binary is up-to-date.
gmake[1]: Leaving directory '/home/perera/Develop/ACESII_build/cphf'
gmake[1]: Entering directory '/home/perera/Develop/ACESII_build/cse12'
cse12(active_sp_proj.F): processing
cse12(active_sp_proj.f): compiling at 16:42:32
cse12(augment_ts.F): processing
cse12(augment_ts.f): compiling at 16:42:32
cse12(built_frac_dens.F): processing
cse12(built_frac_dens.f): compiling at 16:42:33
cse12(built_frac_fock_ao.F): processing
cse12(built_frac_fock_ao.f): compiling at 16:42:33
cse12(built_frac_fock_mo.F): processing
cse12(built_frac_fock_mo.f): compiling at 16:42:33
cse12(check_fov.F): processing
cse12(check_fov.f): compiling at 16:42:33
cse12(cse12_control.F): processing
cse12(cse12_control.f): compiling at 16:42:33
cse12(cse12_driver.F): processing
cse12(cse12_driver.f): compiling at 16:42:34
cse12(cse12_main.F): processing
cse12(cse12_main.f): compiling at 16:42:34
cse12(dens_frmt1.F): processing
cse12(dens_frmt1.f): compiling at 16:42:34
cse12(dump_amps.F): processing
cse12(dump_amps.f): compiling at 16:42:34
cse12(energy_frmt1.F): processing
cse12(energy_frmt1.f): compiling at 16:42:35
cse12(energy_frmt2.F): processing
cse12(energy_frmt2.f): compiling at 16:42:35
cse12(form_canonical_dens.F): processing
cse12(form_canonical_dens.f): compiling at 16:42:35
cse12(form_cumldens.F): processing
cse12(form_cumldens.f): compiling at 16:42:35
cse12(form_dens.F): processing
cse12(form_dens.f): compiling at 16:42:36
cse12(form_exc_mask.F): processing
cse12(form_exc_mask.f): compiling at 16:42:36
cse12(form_h1tilde.F): processing
cse12(form_h1tilde.f): compiling at 16:42:36
cse12(form_h2tilde.F): processing
cse12(form_h2tilde.f): compiling at 16:42:36
cse12(form_htabci.F): processing
cse12(form_htabci.f): compiling at 16:42:36
cse12(form_htabef.F): processing
cse12(form_htabef.f): compiling at 16:42:37
cse12(form_htabij.F): processing
cse12(form_htabij.f): compiling at 16:42:37
cse12(form_htae.F): processing
cse12(form_htae.f): compiling at 16:42:37
cse12(form_htem.F): processing
cse12(form_htem.f): compiling at 16:42:38
cse12(form_htijka.F): processing
cse12(form_htijka.f): compiling at 16:42:38
cse12(form_htmbej.F): processing
cse12(form_htmbej.f): compiling at 16:42:38
cse12(form_htme.F): processing
cse12(form_htme.f): compiling at 16:42:39
cse12(form_htmi.F): processing
cse12(form_htmi.f): compiling at 16:42:39
cse12(form_htmnij.F): processing
cse12(form_htmnij.f): compiling at 16:42:39
cse12(form_mod_f.F): processing
cse12(form_mod_f.f): compiling at 16:42:40
cse12(form_mo_fock.F): processing
cse12(form_mo_fock.f): compiling at 16:42:40
cse12(form_moints.F): processing
cse12(form_moints.f): compiling at 16:42:40
cse12(form_rabij.F): processing
cse12(form_rabij.f): compiling at 16:42:40
cse12(form_rai.F): processing
cse12(form_rai.f): compiling at 16:42:41
cse12(form_residuals.F): processing
cse12(form_residuals.f): compiling at 16:42:41
cse12(form_rhs_h1trai.F): processing
cse12(form_rhs_h1trai.f): compiling at 16:42:41
cse12(form_rhs_h2trabij.F): processing
cse12(form_rhs_h2trabij.f): compiling at 16:42:41
cse12(form_rhs_t1t1rabij.F): processing
cse12(form_rhs_t1t1rabij.f): compiling at 16:42:42
cse12(form_rhs_t2rabij.F): processing
cse12(form_rhs_t2rabij.f): compiling at 16:42:42
cse12(form_t1rai.F): processing
cse12(form_t1rai.f): compiling at 16:42:42
cse12(form_t1tau.F): processing
cse12(form_t1tau.f): compiling at 16:42:42
cse12(form_t1taup.F): processing
cse12(form_t1taup.f): compiling at 16:42:42
cse12(form_t2intms.F): processing
cse12(form_t2intms.f): compiling at 16:42:42
cse12(form_wabci.F): processing
cse12(form_wabci.f): compiling at 16:42:43
cse12(form_wabci_fo.F): processing
cse12(form_wabci_fo.f): compiling at 16:42:43
cse12(form_wabef.F): processing
cse12(form_wabef.f): compiling at 16:42:43
cse12(form_wabij.F): processing
cse12(form_wabij.f): compiling at 16:42:43
cse12(form_wijka.F): processing
cse12(form_wijka.f): compiling at 16:42:44
cse12(form_wijka_fo.F): processing
cse12(form_wijka_fo.f): compiling at 16:42:44
cse12(form_wmbej.F): processing
cse12(form_wmbej.f): compiling at 16:42:44
cse12(form_wmbej_fo.F): processing
cse12(form_wmbej_fo.f): compiling at 16:42:44
cse12(form_wmnef.F): processing
cse12(form_wmnef.f): compiling at 16:42:45
cse12(form_wmnij.F): processing
cse12(form_wmnij.f): compiling at 16:42:45
cse12(form_wpqrs_aaaa.F): processing
cse12(form_wpqrs_aaaa.f): compiling at 16:42:45
cse12(form_wpqrs_aabb.F): processing
cse12(form_wpqrs_aabb.f): compiling at 16:42:45
cse12(form_wpqrs_abab.F): processing
cse12(form_wpqrs_abab.f): compiling at 16:42:46
cse12(get2ints.F): processing
cse12(get2ints.f): compiling at 16:42:46
cse12(get_oneh.F): processing
cse12(get_oneh.f): compiling at 16:42:46
cse12(get_ref_energy.F): processing
cse12(get_ref_energy.f): compiling at 16:42:46
cse12(guesst1.F): processing
cse12(guesst1.f): compiling at 16:42:47
cse12(guesst2.F): processing
cse12(guesst2.f): compiling at 16:42:47
cse12(htabef_inhtabij.F): processing
cse12(htabef_inhtabij.f): compiling at 16:42:47
cse12(htabef_inrabij.F): processing
cse12(htabef_inrabij.f): compiling at 16:42:47
cse12(htae_inrabij.F): processing
cse12(htae_inrabij.f): compiling at 16:42:48
cse12(htmbej_inrabij.F): processing
cse12(htmbej_inrabij.f): compiling at 16:42:48
cse12(htmi_inrabij.F): processing
cse12(htmi_inrabij.f): compiling at 16:42:48
cse12(htmnij_inhtabij.F): processing
cse12(htmnij_inhtabij.f): compiling at 16:42:48
cse12(htmnij_inrabij.F): processing
cse12(htmnij_inrabij.f): compiling at 16:42:49
cse12(mbpt2_brueckner_rot.F): processing
cse12(mbpt2_brueckner_rot.f): compiling at 16:42:49
cse12(modf_htabci.F): processing
cse12(modf_htabci.f): compiling at 16:42:49
cse12(modf_htabef.F): processing
cse12(modf_htabef.f): compiling at 16:42:49
cse12(modf_htijka.F): processing
cse12(modf_htijka.f): compiling at 16:42:50
cse12(modf_htmnij.F): processing
cse12(modf_htmnij.f): compiling at 16:42:50
cse12(newt1.F): processing
cse12(newt1.f): compiling at 16:42:50
cse12(newt2.F): processing
cse12(newt2.f): compiling at 16:42:50
cse12(prep_fock.F): processing
cse12(prep_fock.f): compiling at 16:42:51
cse12(read_amps.F): processing
cse12(read_amps.f): compiling at 16:42:51
cse12(read_occnum.F): processing
cse12(read_occnum.f): compiling at 16:42:51
cse12(set_active_space.F): processing
cse12(set_active_space.f): compiling at 16:42:51
cse12(set_prelims.F): processing
cse12(set_prelims.f): compiling at 16:42:52
cse12(t1_inhtabij.F): processing
cse12(t1_inhtabij.f): compiling at 16:42:52
cse12(t1_inrai.F): processing
cse12(t1_inrai.f): compiling at 16:42:52
cse12(t1t1_inhtabij.F): processing
cse12(t1t1_inhtabij.f): compiling at 16:42:53
cse12(t2abef_inrabij.F): processing
cse12(t2abef_inrabij.f): compiling at 16:42:53
cse12(t2abij_inrabij.F): processing
cse12(t2abij_inrabij.f): compiling at 16:42:53
cse12(t2fae_inrabij.F): processing
cse12(t2fae_inrabij.f): compiling at 16:42:54
cse12(t2fmi_inrabij.F): processing
cse12(t2fmi_inrabij.f): compiling at 16:42:54
cse12(t2_inabef.F): processing
cse12(t2_inabef.f): compiling at 16:42:54
cse12(t2_infae.F): processing
cse12(t2_infae.f): compiling at 16:42:54
cse12(t2_infmi.F): processing
cse12(t2_infmi.f): compiling at 16:42:55
cse12(t2_inmbej.F): processing
cse12(t2_inmbej.f): compiling at 16:42:55
cse12(t2_inmnij.F): processing
cse12(t2_inmnij.f): compiling at 16:42:55
cse12(t2_inrai.F): processing
cse12(t2_inrai.f): compiling at 16:42:56
cse12(t2mbej_inrabij.F): processing
cse12(t2mbej_inrabij.f): compiling at 16:42:56
cse12(t2mnij_inrabij.F): processing
cse12(t2mnij_inrabij.f): compiling at 16:42:56
cse12(test.F): processing
cse12(test.f): compiling at 16:42:57
cse12(vstat.F): processing
cse12(vstat.f): compiling at 16:42:57
cse12(wabij_inhtabij.F): processing
cse12(wabij_inhtabij.f): compiling at 16:42:57

Object files are up-to-date.

Archiving objects

Linking binary
Stripping binary if necessary

Installing the library as:
   /home/perera/Develop/lib/libcse12.a

The installed library is up-to-date.

Installing the binary as:
   /home/perera/Develop/bin/xcse12

The installed binary is up-to-date.
gmake[1]: Leaving directory '/home/perera/Develop/ACESII_build/cse12'
gmake[1]: Entering directory '/home/perera/Develop/ACESII_build/dirmp2'
dirmp2(dirmp2.F): processing
dirmp2(dirmp2.f): compiling at 16:42:59

Object files are up-to-date.

Archiving objects

Linking binary
Stripping binary if necessary

Installing the library as:
   /home/perera/Develop/lib/libdirmp2.a

The installed library is up-to-date.

Installing the binary as:
   /home/perera/Develop/bin/xdirmp2

The installed binary is up-to-date.
gmake[1]: Leaving directory '/home/perera/Develop/ACESII_build/dirmp2'
gmake[1]: Entering directory '/home/perera/Develop/ACESII_build/dkh'
dkh(compute_oed_integrals.F): processing
dkh(compute_oed_integrals.f): compiling at 16:43:01
dkh(contract.F): processing
dkh(contract.f): compiling at 16:43:01
dkh(dkh__cart.F): processing
dkh(dkh__cart.f): compiling at 16:43:01
dkh(dkh__contract.F): processing
dkh(dkh__contract.f): compiling at 16:43:02
dkh(dkh__init.F): processing
dkh(dkh__init.f): compiling at 16:43:02
dkh(dkh__main.F): processing
dkh(dkh__main.f): compiling at 16:43:02
dkh(dkh__sph_nosym.F): processing
dkh(dkh__sph_nosym.f): compiling at 16:43:02
dkh(dkh__sph_sym.F): processing
dkh(dkh__sph_sym.f): compiling at 16:43:03
dkh(dkh__sympack.F): processing
dkh(dkh__sympack.f): compiling at 16:43:03
dkh(do_symadapt_cart.F): processing
dkh(do_symadapt_cart.f): compiling at 16:43:03
dkh(do_symadapt_sph_op1.F): processing
dkh(do_symadapt_sph_op1.f): compiling at 16:43:03
dkh(do_symadapt_sph_op2.F): processing
dkh(do_symadapt_sph_op2.f): compiling at 16:43:04
dkh(do_sympack.F): processing
dkh(do_sympack.f): compiling at 16:43:04
dkh(form_dkh_ints.F): processing
dkh(form_dkh_ints.f): compiling at 16:43:04
dkh(gen_oed_to_vmol.F): processing
dkh(gen_oed_to_vmol.f): compiling at 16:43:04
dkh(get_ccoefs_block.F): processing
dkh(get_ccoefs_block.f): compiling at 16:43:05
dkh(get_ints_block.F): processing
dkh(get_ints_block.f): compiling at 16:43:05
dkh(rescale_2ints_op1.F): processing
dkh(rescale_2ints_op1.f): compiling at 16:43:05
dkh(rescale_2ints_op2.F): processing
dkh(rescale_2ints_op2.f): compiling at 16:43:05
dkh(dkh__fifth_order.f): compiling at 16:43:06
dkh(dkh__first_order.f): compiling at 16:43:06
dkh(dkh__fourth_order.f): compiling at 16:43:06
dkh(dkh__main_trans.f): compiling at 16:43:06
dkh(dkh__matrix_manips.f): compiling at 16:43:06
dkh(dkh__second_order.f): compiling at 16:43:06
dkh(dkh__third_order.f): compiling at 16:43:07
dkh(oed__pvp_set_ab.f): compiling at 16:43:07

Object files are up-to-date.

Archiving objects

Linking binary
Stripping binary if necessary

Installing the library as:
   /home/perera/Develop/lib/libdkh.a

The installed library is up-to-date.

Installing the binary as:
   /home/perera/Develop/bin/xdkh

The installed binary is up-to-date.
gmake[1]: Leaving directory '/home/perera/Develop/ACESII_build/dkh'
gmake[1]: Entering directory '/home/perera/Develop/ACESII_build/eompccd'
eompccd(eompccd_ea.F): processing
eompccd(eompccd_ea.f): compiling at 16:43:09
eompccd(eompccd_ee.F): processing
eompccd(eompccd_ee.f): compiling at 16:43:09
eompccd(eompccd_ee_main.F): processing
eompccd(eompccd_ee_main.f): compiling at 16:43:09
eompccd(eompccd_ee_maklst.F): processing
eompccd(eompccd_ee_maklst.f): compiling at 16:43:10
eompccd(eompccd_ee_setmet.F): processing
eompccd(eompccd_ee_setmet.f): compiling at 16:43:10
eompccd(eompccd_hbar.F): processing
eompccd(eompccd_hbar.f): compiling at 16:43:10
eompccd(eompccd_main.F): processing
eompccd(eompccd_main.f): compiling at 16:43:11

Object files are up-to-date.

Archiving objects

Linking binary
Stripping binary if necessary

Installing the library as:
   /home/perera/Develop/lib/libeompccd.a

The installed library is up-to-date.

Installing the binary as:
   /home/perera/Develop/bin/xeompccd

The installed binary is up-to-date.
gmake[1]: Leaving directory '/home/perera/Develop/ACESII_build/eompccd'
gmake[1]: Entering directory '/home/perera/Develop/ACESII_build/fblocal'
fblocal(local.F): processing
fblocal(local.f): compiling at 16:43:12
fblocal(fblocal.f): compiling at 16:43:13
fblocal(fbsum.f): compiling at 16:43:13
fblocal(filabl.f): compiling at 16:43:13
fblocal(genran.f): compiling at 16:43:13
fblocal(MkFock.f): compiling at 16:43:13
fblocal(opnfil.f): compiling at 16:43:13
fblocal(rdvprp.f): compiling at 16:43:13
fblocal(tab.f): compiling at 16:43:13

Object files are up-to-date.

Archiving objects

Linking binary
Stripping binary if necessary

Installing the library as:
   /home/perera/Develop/lib/libfblocal.a

The installed library is up-to-date.

Installing the binary as:
   /home/perera/Develop/bin/xfblocal

The installed binary is up-to-date.
gmake[1]: Leaving directory '/home/perera/Develop/ACESII_build/fblocal'
gmake[1]: Entering directory '/home/perera/Develop/ACESII_build/fno'
fno(ator.F): processing
fno(ator.f): compiling at 16:43:15
fno(dmpgrad.F): processing
fno(dmpgrad.f): compiling at 16:43:15
fno(dmpnat.F): processing
fno(dmpnat.f): compiling at 16:43:16
fno(fcindex.F): processing
fno(fcindex.f): compiling at 16:43:16
fno(findex.F): processing
fno(findex.f): compiling at 16:43:16
fno(fno.F): processing
fno(fno.f): compiling at 16:43:16
fno(ncindex.F): processing
fno(ncindex.f): compiling at 16:43:16
fno(nindex.F): processing
fno(nindex.f): compiling at 16:43:17
fno(nl_init.F): processing
fno(nl_init.f): compiling at 16:43:17
fno(nl_key.F): processing
fno(nl_key.f): compiling at 16:43:17
fno(nl_log.F): processing
fno(nl_log.f): compiling at 16:43:17
fno(nl_prttop.F): processing
fno(nl_prttop.f): compiling at 16:43:17
fno(nl_real.F): processing
fno(nl_real.f): compiling at 16:43:18
fno(nl_str.F): processing
fno(nl_str.f): compiling at 16:43:18
fno(readline.F): processing
fno(readline.f): compiling at 16:43:18
fno(redvrt.F): processing
fno(redvrt.f): compiling at 16:43:18
fno(setmet.F): processing
fno(setmet.f): compiling at 16:43:18
fno(streq.F): processing
fno(streq.f): compiling at 16:43:19
fno(strlen.F): processing
fno(strlen.f): compiling at 16:43:19
fno(upcase.F): processing
fno(upcase.f): compiling at 16:43:19
fno(chcommon.f): compiling at 16:43:19
fno(densvv.f): compiling at 16:43:19
fno(diagdvv.f): compiling at 16:43:20
fno(diagfvv.f): compiling at 16:43:20
fno(dmprecs.f): compiling at 16:43:20
fno(dmprohf.f): compiling at 16:43:20
fno(dropvrt.f): compiling at 16:43:20
fno(dumpit.f): compiling at 16:43:20
fno(dvvaa.f): compiling at 16:43:20
fno(dvvab.f): compiling at 16:43:20
fno(freezelem.f): compiling at 16:43:21
fno(fullfock.f): compiling at 16:43:21
fno(natural.f): compiling at 16:43:21
fno(no2so.f): compiling at 16:43:21
fno(prvecr.f): compiling at 16:43:21
fno(reorder.f): compiling at 16:43:21
fno(shku.f): compiling at 16:43:21
fno(trnsfock.f): compiling at 16:43:22
fno(trnsfockrohf.f): compiling at 16:43:22
fno(unsemi.f): compiling at 16:43:22

Object files are up-to-date.

Archiving objects

Linking binary
Stripping binary if necessary

Installing the library as:
   /home/perera/Develop/lib/libfno.a

The installed library is up-to-date.

Installing the binary as:
   /home/perera/Develop/bin/xfno

The installed binary is up-to-date.
gmake[1]: Leaving directory '/home/perera/Develop/ACESII_build/fno'
gmake[1]: Entering directory '/home/perera/Develop/ACESII_build/fsip'
fsip(dumpact.F): processing
fsip(dumpact.f): compiling at 16:43:23
fsip(fs.F): processing
fsip(fs.f): compiling at 16:43:24
fsip(fsiodrv.F): processing
fsip(fsiodrv.f): compiling at 16:43:24
fsip(map2norm.F): processing
fsip(map2norm.f): compiling at 16:43:24
fsip(abs2pqrs.f): compiling at 16:43:24
fsip(denw101.f): compiling at 16:43:24
fsip(denw201.f): compiling at 16:43:24
fsip(denwt01.f): compiling at 16:43:25
fsip(diag01.f): compiling at 16:43:25
fsip(doub01.f): compiling at 16:43:25
fsip(extdrv.f): compiling at 16:43:25
fsip(exterr.f): compiling at 16:43:25
fsip(extlst.f): compiling at 16:43:25
fsip(extmkr.f): compiling at 16:43:25
fsip(extprt.f): compiling at 16:43:25
fsip(exttau.f): compiling at 16:43:26
fsip(extupd.f): compiling at 16:43:26
fsip(feacnt01.f): compiling at 16:43:26
fsip(fmicnt01.f): compiling at 16:43:26
fsip(fs01.f): compiling at 16:43:26
fsip(fsget.f): compiling at 16:43:26
fsip(fsgett1.f): compiling at 16:43:26
fsip(fsinipop.f): compiling at 16:43:26
fsip(fslist.f): compiling at 16:43:27
fsip(fsmap.f): compiling at 16:43:27
fsip(fsput.f): compiling at 16:43:27
fsip(fsputt1.f): compiling at 16:43:27
fsip(gather.f): compiling at 16:43:27
fsip(getinput.f): compiling at 16:43:27
fsip(heff01.f): compiling at 16:43:27
fsip(hhl01.f): compiling at 16:43:28
fsip(hint201.f): compiling at 16:43:28
fsip(init101.f): compiling at 16:43:28
fsip(init201.f): compiling at 16:43:28
fsip(largeamp.f): compiling at 16:43:28
fsip(modf.f): compiling at 16:43:28
fsip(modheff.f): compiling at 16:43:28
fsip(repart.f): compiling at 16:43:28
fsip(rhf3bd01.f): compiling at 16:43:28
fsip(rhfrng01.f): compiling at 16:43:29
fsip(rst01.f): compiling at 16:43:29
fsip(sing01.f): compiling at 16:43:29
fsip(t1int201.f): compiling at 16:43:29
fsip(t2inh01.f): compiling at 16:43:29
fsip(t2int101.f): compiling at 16:43:29
fsip(uhf3bd01.f): compiling at 16:43:29
fsip(uhfrng01.f): compiling at 16:43:30

Object files are up-to-date.

Archiving objects

Linking binary
Stripping binary if necessary

Installing the library as:
   /home/perera/Develop/lib/libfsip.a

The installed library is up-to-date.

Installing the binary as:
   /home/perera/Develop/bin/xfsip

The installed binary is up-to-date.
gmake[1]: Leaving directory '/home/perera/Develop/ACESII_build/fsip'
gmake[1]: Entering directory '/home/perera/Develop/ACESII_build/get_acesinfo'
get_acesinfo(get_acesinfo.f90): compiling at 16:43:31
get_acesinfo(get_moinfo.f90): compiling at 16:43:31
get_acesinfo(print.f90): compiling at 16:43:32
get_acesinfo(read_GETLST.f90): compiling at 16:43:32
get_acesinfo(read_JOBARC.f90): compiling at 16:43:32
get_acesinfo(write_aces.f90): compiling at 16:43:32

Object files are up-to-date.

Archiving objects

Linking binary
Stripping binary if necessary

Installing the library as:
   /home/perera/Develop/lib/libget_acesinfo.a

The installed library is up-to-date.

Installing the binary as:
   /home/perera/Develop/bin/xget_acesinfo

The installed binary is up-to-date.
gmake[1]: Leaving directory '/home/perera/Develop/ACESII_build/get_acesinfo'
gmake[1]: Entering directory '/home/perera/Develop/ACESII_build/get_acesmo'
get_acesmo(aces_info.F90): processing
get_acesmo(aces_info.f90): compiling at 16:43:33
get_acesmo(main.F90): processing
get_acesmo(main.f90): compiling at 16:43:34
get_acesmo(movec.F90): processing
get_acesmo(movec.f90): compiling at 16:43:34
get_acesmo(nwchem_info.F90): processing
get_acesmo(nwchem_info.f90): compiling at 16:43:34
get_acesmo(print.F90): processing
get_acesmo(print.f90): compiling at 16:43:35

Object files are up-to-date.

Archiving objects

Linking binary
Stripping binary if necessary

Installing the library as:
   /home/perera/Develop/lib/libget_acesmo.a

The installed library is up-to-date.

Installing the binary as:
   /home/perera/Develop/bin/xget_acesmo

The installed binary is up-to-date.
gmake[1]: Leaving directory '/home/perera/Develop/ACESII_build/get_acesmo'
gmake[1]: Entering directory '/home/perera/Develop/ACESII_build/gradzap'
gradzap(gradzap.f): compiling at 16:43:36

Object files are up-to-date.

Archiving objects

Linking binary
Stripping binary if necessary

Installing the library as:
   /home/perera/Develop/lib/libgradzap.a

The installed library is up-to-date.

Installing the binary as:
   /home/perera/Develop/bin/xgradzap

The installed binary is up-to-date.
gmake[1]: Leaving directory '/home/perera/Develop/ACESII_build/gradzap'
gmake[1]: Entering directory '/home/perera/Develop/ACESII_build/hcmult'
hcmult(check_t2.F): processing
hcmult(check_t2.f): compiling at 16:43:37
hcmult(dt1int2b.F): processing
hcmult(dt1int2b.f): compiling at 16:43:38
hcmult(dt2int2.F): processing
hcmult(dt2int2.f): compiling at 16:43:38
hcmult(hbardiag.F): processing
hcmult(hbardiag.f): compiling at 16:43:38
hcmult(hcmult_driver.F): processing
hcmult(hcmult_driver.f): compiling at 16:43:38
hcmult(hc_mult.F): processing
hcmult(hc_mult.f): compiling at 16:43:39
hcmult(hcmult_main.F): processing
hcmult(hcmult_main.f): compiling at 16:43:39
hcmult(make_eom_lists.F): processing
hcmult(make_eom_lists.f): compiling at 16:43:39
hcmult(make_newlst.F): processing
hcmult(make_newlst.f): compiling at 16:43:39
hcmult(modifyt2.F): processing
hcmult(modifyt2.f): compiling at 16:43:40
hcmult(cnt3bod2.f): compiling at 16:43:40
hcmult(dft2int2.f): compiling at 16:43:40
hcmult(dt1int2a.f): compiling at 16:43:40
hcmult(formq1.f): compiling at 16:43:40
hcmult(gformg2.f): compiling at 16:43:40
hcmult(modf.f): compiling at 16:43:41

Object files are up-to-date.

Archiving objects

Linking binary
Stripping binary if necessary

Installing the library as:
   /home/perera/Develop/lib/libhcmult.a

The installed library is up-to-date.

Installing the binary as:
   /home/perera/Develop/bin/xhcmult

The installed binary is up-to-date.
gmake[1]: Leaving directory '/home/perera/Develop/ACESII_build/hcmult'
gmake[1]: Entering directory '/home/perera/Develop/ACESII_build/intpack'
intpack(aux_trans.F): processing
intpack(aux_trans.f): compiling at 16:43:42
intpack(build.F): processing
intpack(build.f): compiling at 16:43:43
intpack(crtgrid.F): processing
intpack(crtgrid.f): compiling at 16:43:43
intpack(dcopy_tri.F): processing
intpack(dcopy_tri.f): compiling at 16:43:43
intpack(dprt.F): processing
intpack(dprt.f): compiling at 16:43:43
intpack(fuzzy.F): processing
intpack(fuzzy.f): compiling at 16:43:44
intpack(initgrid.F): processing
intpack(initgrid.f): compiling at 16:43:44
intpack(initlebed.F): processing
intpack(initlebed.f): compiling at 16:43:44
intpack(initpack.F): processing
intpack(initpack.f): compiling at 16:43:44
intpack(intconst.F): processing
intpack(intconst.f): compiling at 16:43:45
intpack(integ.F): processing
intpack(integ.f): compiling at 16:43:45
intpack(intpack.F): processing
intpack(intpack.f): compiling at 16:43:45
intpack(intpath.F): processing
intpack(intpath.f): compiling at 16:43:45
intpack(invert_vector.F): processing
intpack(invert_vector.f): compiling at 16:43:46
intpack(iprt.F): processing
intpack(iprt.f): compiling at 16:43:46
intpack(numint.F): processing
intpack(numint.f): compiling at 16:43:46
intpack(oct.F): processing
intpack(oct.f): compiling at 16:43:47
intpack(ordlst.F): processing
intpack(ordlst.f): compiling at 16:43:47
intpack(plusminus.F): processing
intpack(plusminus.f): compiling at 16:43:47
intpack(rdradgrd.F): processing
intpack(rdradgrd.f): compiling at 16:43:47
intpack(setupgrd.F): processing
intpack(setupgrd.f): compiling at 16:43:48
intpack(symcntr.F): processing
intpack(symcntr.f): compiling at 16:43:48
intpack(symoct.F): processing
intpack(symoct.f): compiling at 16:43:48
intpack(transform.F): processing
intpack(transform.f): compiling at 16:43:49

Object files are up-to-date.

Archiving objects

Linking binary
Stripping binary if necessary

Installing the library as:
   /home/perera/Develop/lib/libintpack.a

The installed library is up-to-date.

Installing the binary as:
   /home/perera/Develop/bin/xintpack

The installed binary is up-to-date.
gmake[1]: Leaving directory '/home/perera/Develop/ACESII_build/intpack'
gmake[1]: Entering directory '/home/perera/Develop/ACESII_build/intpack2vmol'
intpack2vmol(intpack2vmol.F): processing
intpack2vmol(intpack2vmol.f): compiling at 16:43:50
intpack2vmol(oepreadaux.F): processing
intpack2vmol(oepreadaux.f): compiling at 16:43:50
intpack2vmol(oepsaveints.F): processing
intpack2vmol(oepsaveints.f): compiling at 16:43:51

Object files are up-to-date.

Archiving objects

Linking binary
Stripping binary if necessary

Installing the library as:
   /home/perera/Develop/lib/libintpack2vmol.a

The installed library is up-to-date.

Installing the binary as:
   /home/perera/Develop/bin/xintpack2vmol

The installed binary is up-to-date.
gmake[1]: Leaving directory '/home/perera/Develop/ACESII_build/intpack2vmol'
gmake[1]: Entering directory '/home/perera/Develop/ACESII_build/itran'
itran(complete_ao_ints.F): processing
itran(complete_ao_ints.f): compiling at 16:43:52
itran(dhf11.F): processing
itran(dhf11.f): compiling at 16:43:52
itran(dropvc.F): processing
itran(dropvc.f): compiling at 16:43:53
itran(end_time.F): processing
itran(end_time.f): compiling at 16:43:53
itran(final.F): processing
itran(final.f): compiling at 16:43:53
itran(gtnrb2.F): processing
itran(gtnrb2.f): compiling at 16:43:53
itran(intrn1.F): processing
itran(intrn1.f): compiling at 16:43:54
itran(load1.F): processing
itran(load1.f): compiling at 16:43:54
itran(load.F): processing
itran(load.f): compiling at 16:43:54
itran(read_AO_ints.F): processing
itran(read_AO_ints.f): compiling at 16:43:54
itran(start_time.F): processing
itran(start_time.f): compiling at 16:43:55
itran(triiii.F): processing
itran(triiii.f): compiling at 16:43:55
itran(trnsform_1indx_1pass.F): processing
itran(trnsform_1indx_1pass.f): compiling at 16:43:55
itran(trnsform_1indx_fonce.F): processing
itran(trnsform_1indx_fonce.f): compiling at 16:43:55
itran(trnsform_1indx_ponce.F): processing
itran(trnsform_1indx_ponce.f): compiling at 16:43:55
itran(vtran.F): processing
itran(vtran.f): compiling at 16:43:56
itran(ao2mo3.f): compiling at 16:43:56
itran(dhf21.f): compiling at 16:43:56
itran(dhf22.f): compiling at 16:43:56
itran(dhf22f.f): compiling at 16:43:56
itran(dhf23.f): compiling at 16:43:57
itran(dhf23f.f): compiling at 16:43:57
itran(dhf24.f): compiling at 16:43:57
itran(dhf24f.f): compiling at 16:43:57
itran(expnd5.f): compiling at 16:43:57
itran(fockstan.f): compiling at 16:43:57
itran(ghtran.f): compiling at 16:43:58
itran(inihf2.f): compiling at 16:43:58
itran(intrn2.f): compiling at 16:43:58
itran(intrn2f.f): compiling at 16:43:58
itran(intrn3.f): compiling at 16:43:58
itran(intrn3f.f): compiling at 16:43:58
itran(intrn4.f): compiling at 16:43:58
itran(intrn4f.f): compiling at 16:43:59
itran(load2.f): compiling at 16:43:59
itran(load2f.f): compiling at 16:43:59
itran(load3.f): compiling at 16:43:59
itran(load3f.f): compiling at 16:43:59
itran(load4.f): compiling at 16:43:59
itran(load4f.f): compiling at 16:44:00
itran(orbsum.f): compiling at 16:44:00
itran(procevec.f): compiling at 16:44:00
itran(reordr.f): compiling at 16:44:00
itran(setmet.f): compiling at 16:44:00
itran(symdrv.f): compiling at 16:44:00
itran(symvec.f): compiling at 16:44:00
itran(sypkev.f): compiling at 16:44:00
itran(syvec2.f): compiling at 16:44:01
itran(tfiijj.f): compiling at 16:44:01
itran(tfijij.f): compiling at 16:44:01
itran(tfijkl.f): compiling at 16:44:01
itran(triijj.f): compiling at 16:44:02
itran(trijij.f): compiling at 16:44:02
itran(trijkl.f): compiling at 16:44:02

Object files are up-to-date.

Archiving objects

Linking binary
Stripping binary if necessary

Installing the library as:
   /home/perera/Develop/lib/libitran.a

The installed library is up-to-date.

Installing the binary as:
   /home/perera/Develop/bin/xitran

The installed binary is up-to-date.
gmake[1]: Leaving directory '/home/perera/Develop/ACESII_build/itran'
gmake[1]: Entering directory '/home/perera/Develop/ACESII_build/lcct'
lcct(form_dens_lamsig.F): processing
lcct(form_dens_lamsig.f): compiling at 16:44:04
lcct(formpi.F): processing
lcct(formpi.f): compiling at 16:44:05
lcct(formsig.F): processing
lcct(formsig.f): compiling at 16:44:05
lcct(init2l.F): processing
lcct(init2l.f): compiling at 16:44:05
lcct(lcc.F): processing
lcct(lcc.f): compiling at 16:44:05
lcct(lineqy.F): processing
lcct(lineqy.f): compiling at 16:44:05
lcct(ltrps.F): processing
lcct(ltrps.f): compiling at 16:44:06
lcct(main.F): processing
lcct(main.f): compiling at 16:44:06
lcct(maklst2.F): processing
lcct(maklst2.f): compiling at 16:44:06
lcct(setderiv.F): processing
lcct(setderiv.f): compiling at 16:44:06
lcct(t1ring_r.F): processing
lcct(t1ring_r.f): compiling at 16:44:07
lcct(tpdens_lcc.F): processing
lcct(tpdens_lcc.f): compiling at 16:44:07
lcct(addoneh.f): compiling at 16:44:07
lcct(calcxi.f): compiling at 16:44:07
lcct(calczeta.f): compiling at 16:44:07
lcct(checkgam1.f): compiling at 16:44:07
lcct(checkgam.f): compiling at 16:44:08
lcct(checksum.f): compiling at 16:44:08
lcct(clczeta2.f): compiling at 16:44:08
lcct(cnt3bod2.f): compiling at 16:44:08
lcct(dddot24.f): compiling at 16:44:08
lcct(ddenom.f): compiling at 16:44:08
lcct(dft1int1.f): compiling at 16:44:09
lcct(dft2int1.f): compiling at 16:44:09
lcct(dft2int2.f): compiling at 16:44:09
lcct(dhbiajk3_r.f): compiling at 16:44:09
lcct(dhbiajk4_r.f): compiling at 16:44:09
lcct(dladder2.f): compiling at 16:44:09
lcct(dladder.f): compiling at 16:44:10
lcct(dooinvo.f): compiling at 16:44:10
lcct(dozeta.f): compiling at 16:44:10
lcct(drhfrng.f): compiling at 16:44:10
lcct(dsst03i.f): compiling at 16:44:10
lcct(dt1int1.f): compiling at 16:44:10
lcct(dt1int2a.f): compiling at 16:44:10
lcct(dt1int2b.f): compiling at 16:44:11
lcct(dt2int1a.f): compiling at 16:44:11
lcct(dt2int1b.f): compiling at 16:44:11
lcct(dt2int2.f): compiling at 16:44:11
lcct(duhfrng.f): compiling at 16:44:11
lcct(dvoinoo.f): compiling at 16:44:11
lcct(dvoinvv.f): compiling at 16:44:12
lcct(dvvinvo.f): compiling at 16:44:12
lcct(f1inl1_r.f): compiling at 16:44:12
lcct(f2inl1_r.f): compiling at 16:44:12
lcct(fetchvec.f): compiling at 16:44:12
lcct(fiapart.f): compiling at 16:44:12
lcct(formq1.f): compiling at 16:44:12
lcct(formx4ha.f): compiling at 16:44:13
lcct(formx4hb.f): compiling at 16:44:13
lcct(g2tau.f): compiling at 16:44:13
lcct(gdens1.f): compiling at 16:44:13
lcct(gdens.f): compiling at 16:44:13
lcct(gdensvo.f): compiling at 16:44:13
lcct(get1t1.f): compiling at 16:44:14
lcct(getdiag2.f): compiling at 16:44:14
lcct(getdiag.f): compiling at 16:44:14
lcct(getdt1.f): compiling at 16:44:14
lcct(getr1.f): compiling at 16:44:14
lcct(gformg2.f): compiling at 16:44:14
lcct(gformg.f): compiling at 16:44:15
lcct(ginc1l.f): compiling at 16:44:15
lcct(ginc2l.f): compiling at 16:44:15
lcct(gsst002.f): compiling at 16:44:15
lcct(gsst003.f): compiling at 16:44:15
lcct(gt2xf.f): compiling at 16:44:16
lcct(gttau2.f): compiling at 16:44:16
lcct(gttau.f): compiling at 16:44:16
lcct(h4r2all.f): compiling at 16:44:16
lcct(h4t2all.f): compiling at 16:44:16
lcct(hbarabcd.f): compiling at 16:44:16
lcct(hbardiag.f): compiling at 16:44:17
lcct(hbarijka.f): compiling at 16:44:17
lcct(hbarxc.f): compiling at 16:44:17
lcct(hbrijka0.f): compiling at 16:44:17
lcct(hrrngdrv.f): compiling at 16:44:17
lcct(htrngdrv.f): compiling at 16:44:17
lcct(iabcont.f): compiling at 16:44:18
lcct(iaicont.f): compiling at 16:44:18
lcct(inigam.f): compiling at 16:44:18
lcct(inipck2.f): compiling at 16:44:18
lcct(irmxsymsz.f): compiling at 16:44:18
lcct(isymsz2.f): compiling at 16:44:18
lcct(l1inl1_r.f): compiling at 16:44:18
lcct(l1w1.f): compiling at 16:44:19
lcct(l2inl1.f): compiling at 16:44:19
lcct(loadvec2.f): compiling at 16:44:19
lcct(makess.f): compiling at 16:44:19
lcct(maklst.f): compiling at 16:44:19
lcct(mkfdenom.f): compiling at 16:44:19
lcct(mkhiajk_r.f): compiling at 16:44:20
lcct(modaibc.f): compiling at 16:44:20
lcct(modf.f): compiling at 16:44:20
lcct(modgab.f): compiling at 16:44:20
lcct(modgij.f): compiling at 16:44:20
lcct(mtrac1.f): compiling at 16:44:20
lcct(mtrac2.f): compiling at 16:44:21
lcct(mtrac3.f): compiling at 16:44:21
lcct(newamp_lcc.f): compiling at 16:44:21
lcct(psadd.f): compiling at 16:44:21
lcct(quikaa3.f): compiling at 16:44:21
lcct(quikaa.f): compiling at 16:44:21
lcct(r1l0y1.f): compiling at 16:44:21
lcct(r1l1y1a.f): compiling at 16:44:22
lcct(r1l1y1b.f): compiling at 16:44:22
lcct(r1l1y1c.f): compiling at 16:44:22
lcct(r1l1y1d.f): compiling at 16:44:22
lcct(r1l1y1e.f): compiling at 16:44:22
lcct(r1l1y1.f): compiling at 16:44:22
lcct(r1l1y1f.f): compiling at 16:44:22
lcct(r1l1y2a.f): compiling at 16:44:23
lcct(r1l1y2b.f): compiling at 16:44:23
lcct(r1l1y2c.f): compiling at 16:44:23
lcct(r1l1y2.f): compiling at 16:44:23
lcct(r1l2y1a.f): compiling at 16:44:23
lcct(r1l2y1b.f): compiling at 16:44:23
lcct(r1l2y1.f): compiling at 16:44:23
lcct(r1l2y2c.f): compiling at 16:44:24
lcct(r1l2y2d.f): compiling at 16:44:24
lcct(r1l2y2e.f): compiling at 16:44:24
lcct(r1l2y2.f): compiling at 16:44:24
lcct(r1l2y2f.f): compiling at 16:44:24
lcct(r1l2y2h.f): compiling at 16:44:24
lcct(r1l2y2i.f): compiling at 16:44:25
lcct(r1l2y2j.f): compiling at 16:44:25
lcct(r1z.f): compiling at 16:44:25
lcct(r2l1y1a.f): compiling at 16:44:25
lcct(r2l1y1b.f): compiling at 16:44:25
lcct(r2l1y1c.f): compiling at 16:44:26
lcct(r2l1y1.f): compiling at 16:44:26
lcct(r2l2rngd.f): compiling at 16:44:26
lcct(r2l2rng.f): compiling at 16:44:26
lcct(r2l2y1b.f): compiling at 16:44:26
lcct(r2l2y1c.f): compiling at 16:44:26
lcct(r2l2y1d.f): compiling at 16:44:26
lcct(r2l2y1e.f): compiling at 16:44:27
lcct(r2l2y1.f): compiling at 16:44:27
lcct(r2l2y1h.f): compiling at 16:44:27
lcct(r2l2y1hi.f): compiling at 16:44:27
lcct(r2l2y1i.f): compiling at 16:44:27
lcct(r2l2y1j.f): compiling at 16:44:27
lcct(r2l2y1k.f): compiling at 16:44:28
lcct(r2l2y2a.f): compiling at 16:44:28
lcct(r2l2y2b.f): compiling at 16:44:28
lcct(r2l2y2c.f): compiling at 16:44:28
lcct(r2l2y2d.f): compiling at 16:44:28
lcct(r2l2y2e.f): compiling at 16:44:28
lcct(r2l2y2.f): compiling at 16:44:29
lcct(r2l2y2f.f): compiling at 16:44:29
lcct(r2l2y2g.f): compiling at 16:44:29
lcct(resetss.f): compiling at 16:44:29
lcct(resort.f): compiling at 16:44:29
lcct(rngint.f): compiling at 16:44:29
lcct(rngintrs.f): compiling at 16:44:29
lcct(setlst.f): compiling at 16:44:30
lcct(sorth.f): compiling at 16:44:30
lcct(spntsing.f): compiling at 16:44:30
lcct(sym1718.f): compiling at 16:44:30
lcct(symexp5.f): compiling at 16:44:30
lcct(t1inw2_r.f): compiling at 16:44:30
lcct(t1ra01_r.f): compiling at 16:44:30
lcct(t1ra02_r.f): compiling at 16:44:31
lcct(t1rb01_r.f): compiling at 16:44:31
lcct(t1rb02_r.f): compiling at 16:44:31
lcct(t1rc01_r.f): compiling at 16:44:31
lcct(t1rc02_r.f): compiling at 16:44:31
lcct(t1w1.f): compiling at 16:44:32
lcct(t1w2aa_r.f): compiling at 16:44:32
lcct(t1w2ab_r.f): compiling at 16:44:32
lcct(t1z.f): compiling at 16:44:32
lcct(t2l2rngd2.f): compiling at 16:44:32
lcct(t2l2rngd.f): compiling at 16:44:32
lcct(t2l2rng.f): compiling at 16:44:33
lcct(t2t1aa1_r.f): compiling at 16:44:33
lcct(t2t1aa2_r.f): compiling at 16:44:33
lcct(t2t1ab1_r.f): compiling at 16:44:33
lcct(t2t1ab2_r.f): compiling at 16:44:33
lcct(tpdabcd.f): compiling at 16:44:33
lcct(tpdabci1.f): compiling at 16:44:34
lcct(tpdabci2.f): compiling at 16:44:34
lcct(tpdabci3.f): compiling at 16:44:34
lcct(tpdabci4.f): compiling at 16:44:34
lcct(tpdabci5.f): compiling at 16:44:34
lcct(tpdabci6.f): compiling at 16:44:34
lcct(tpdabci7.f): compiling at 16:44:35
lcct(tpdabci.f): compiling at 16:44:35
lcct(tpdaibc.f): compiling at 16:44:35
lcct(tpdaibj2.f): compiling at 16:44:35
lcct(tpdaibj3.f): compiling at 16:44:35
lcct(tpdaibj.f): compiling at 16:44:35
lcct(tpdiajk.f): compiling at 16:44:36
lcct(tpdijab0_r.f): compiling at 16:44:36
lcct(tpdijab1.f): compiling at 16:44:36
lcct(tpdijab2.f): compiling at 16:44:36
lcct(tpdijab3.f): compiling at 16:44:37
lcct(tpdijab4.f): compiling at 16:44:37
lcct(tpdijab5.f): compiling at 16:44:37
lcct(tpdijab.f): compiling at 16:44:37
lcct(tpdijka1.f): compiling at 16:44:37
lcct(tpdijka2.f): compiling at 16:44:38
lcct(tpdijka3.f): compiling at 16:44:38
lcct(tpdijka4.f): compiling at 16:44:38
lcct(tpdijka5.f): compiling at 16:44:38
lcct(tpdijka6.f): compiling at 16:44:38
lcct(tpdijka7.f): compiling at 16:44:39
lcct(tpdijka.f): compiling at 16:44:39
lcct(tpdijkl.f): compiling at 16:44:39
lcct(updat1.f): compiling at 16:44:39
lcct(updates.f): compiling at 16:44:39
lcct(updens.f): compiling at 16:44:39
lcct(w1lad.f): compiling at 16:44:40
lcct(w5aa1_r.f): compiling at 16:44:40
lcct(w5ab1_r.f): compiling at 16:44:40
lcct(w5ab2_r.f): compiling at 16:44:40
lcct(w5ab2rhf_r.f): compiling at 16:44:40
lcct(w5ring_r.f): compiling at 16:44:40
lcct(y2xr2.f): compiling at 16:44:41
lcct(z2xt2.f): compiling at 16:44:41

Object files are up-to-date.

Archiving objects

Linking binary
Stripping binary if necessary

Installing the library as:
   /home/perera/Develop/lib/liblcct.a

The installed library is up-to-date.

Installing the binary as:
   /home/perera/Develop/bin/xlcct

The installed binary is up-to-date.
gmake[1]: Leaving directory '/home/perera/Develop/ACESII_build/lcct'
gmake[1]: Entering directory '/home/perera/Develop/ACESII_build/lhbar'
lhbar(check_leom.F): processing
lhbar(check_leom.f): compiling at 16:44:43
lhbar(diilst_leom.F): processing
lhbar(diilst_leom.f): compiling at 16:44:43
lhbar(dodiis0_l.F): processing
lhbar(dodiis0_l.f): compiling at 16:44:43
lhbar(drive_lhbar.F): processing
lhbar(drive_lhbar.f): compiling at 16:44:44
lhbar(f1inl2_leom.F): processing
lhbar(f1inl2_leom.f): compiling at 16:44:44
lhbar(f1l2aa_leom.F): processing
lhbar(f1l2aa_leom.f): compiling at 16:44:44
lhbar(f1l2ab_leom.F): processing
lhbar(f1l2ab_leom.f): compiling at 16:44:44
lhbar(f2inl2_leom.F): processing
lhbar(f2inl2_leom.f): compiling at 16:44:45
lhbar(f2l2aa_leom.F): processing
lhbar(f2l2aa_leom.f): compiling at 16:44:45
lhbar(f2l2ab_leom.F): processing
lhbar(f2l2ab_leom.f): compiling at 16:44:45
lhbar(formg_leom.F): processing
lhbar(formg_leom.f): compiling at 16:44:45
lhbar(g1inl2_leom.F): processing
lhbar(g1inl2_leom.f): compiling at 16:44:46
lhbar(g2inl2_leom.F): processing
lhbar(g2inl2_leom.f): compiling at 16:44:46
lhbar(ginc1l_leom.F): processing
lhbar(ginc1l_leom.f): compiling at 16:44:46
lhbar(hbar_mult_l.F): processing
lhbar(hbar_mult_l.f): compiling at 16:44:46
lhbar(inilam.F): processing
lhbar(inilam.f): compiling at 16:44:47
lhbar(init2_leom.F): processing
lhbar(init2_leom.f): compiling at 16:44:47
lhbar(l1inl1_leom.F): processing
lhbar(l1inl1_leom.f): compiling at 16:44:47
lhbar(l1inl2a_leom.F): processing
lhbar(l1inl2a_leom.f): compiling at 16:44:47
lhbar(l1inl2b_leom.F): processing
lhbar(l1inl2b_leom.f): compiling at 16:44:48
lhbar(l1w1inl2_leom.F): processing
lhbar(l1w1inl2_leom.f): compiling at 16:44:48
lhbar(l2inl1a_leom.F): processing
lhbar(l2inl1a_leom.f): compiling at 16:44:48
lhbar(l2inl1b_leom.F): processing
lhbar(l2inl1b_leom.f): compiling at 16:44:48
lhbar(l2lad_leom.F): processing
lhbar(l2lad_leom.f): compiling at 16:44:49
lhbar(l2rng_leom.F): processing
lhbar(l2rng_leom.f): compiling at 16:44:49
lhbar(lguess.F): processing
lhbar(lguess.f): compiling at 16:44:49
lhbar(lhbar.F): processing
lhbar(lhbar.f): compiling at 16:44:49
lhbar(lladaa1_leom.F): processing
lhbar(lladaa1_leom.f): compiling at 16:44:49
lhbar(lladab1_leom.F): processing
lhbar(lladab1_leom.f): compiling at 16:44:50
lhbar(lladab2_leom.F): processing
lhbar(lladab2_leom.f): compiling at 16:44:50
lhbar(newl1_leom.F): processing
lhbar(newl1_leom.f): compiling at 16:44:50
lhbar(w1lad_leom.F): processing
lhbar(w1lad_leom.f): compiling at 16:44:50
lhbar(dooinvo.f): compiling at 16:44:50
lhbar(getdt1.f): compiling at 16:44:51
lhbar(l1w1_leom.f): compiling at 16:44:51
lhbar(l2inl1_leom.f): compiling at 16:44:51

Object files are up-to-date.

Archiving objects

Linking binary
Stripping binary if necessary

Installing the library as:
   /home/perera/Develop/lib/liblhbar.a

The installed library is up-to-date.

Installing the binary as:
   /home/perera/Develop/bin/xlhbar

The installed binary is up-to-date.
gmake[1]: Leaving directory '/home/perera/Develop/ACESII_build/lhbar'
gmake[1]: Entering directory '/home/perera/Develop/ACESII_build/libc4'
libc4(checkin_c4.F): processing
libc4(checkin_c4.f): compiling at 16:44:53
libc4(checkout_c4.F): processing
libc4(checkout_c4.f): compiling at 16:44:53
libc4(check_t2.F): processing
libc4(check_t2.f): compiling at 16:44:53
libc4(closmo_c4.F): processing
libc4(closmo_c4.f): compiling at 16:44:53
libc4(crapsi_c4.F): processing
libc4(crapsi_c4.f): compiling at 16:44:53
libc4(crapso_c4.F): processing
libc4(crapso_c4.f): compiling at 16:44:54
libc4(dumpja_c4.F): processing
libc4(dumpja_c4.f): compiling at 16:44:54
libc4(fetch_c4.F): processing
libc4(fetch_c4.f): compiling at 16:44:54
libc4(filpop_c4.F): processing
libc4(filpop_c4.f): compiling at 16:44:54
libc4(getall_c4.F): processing
libc4(getall_c4.f): compiling at 16:44:54
libc4(getdpt_c4.F): processing
libc4(getdpt_c4.f): compiling at 16:44:55
libc4(getfast_c4.F): processing
libc4(getfast_c4.f): compiling at 16:44:55
libc4(getlst_c4.F): processing
libc4(getlst_c4.f): compiling at 16:44:55
libc4(getlst.F): processing
libc4(getlst.f): compiling at 16:44:55
libc4(getlst_io.F): processing
libc4(getlst_io.f): compiling at 16:44:55
libc4(getmem_a2.F): processing
libc4(getmem_a2.f): compiling at 16:44:56
libc4(getrec_c4.F): processing
libc4(getrec_c4.f): compiling at 16:44:56
libc4(getstf_c4.F): processing
libc4(getstf_c4.f): compiling at 16:44:56
libc4(gnsyof_c4.F): processing
libc4(gnsyof_c4.f): compiling at 16:44:56
libc4(initio_c4.F): processing
libc4(initio_c4.f): compiling at 16:44:56
libc4(initpop_c4.F): processing
libc4(initpop_c4.f): compiling at 16:44:57
libc4(isrcheq_c4.F): processing
libc4(isrcheq_c4.f): compiling at 16:44:57
libc4(locchr_c4.F): processing
libc4(locchr_c4.f): compiling at 16:44:57
libc4(main.F): processing
libc4(main.f): compiling at 16:44:57
libc4(opnfil_c4.F): processing
libc4(opnfil_c4.f): compiling at 16:44:57
libc4(popcorn_c4.F): processing
libc4(popcorn_c4.f): compiling at 16:44:58
libc4(putrec_c4.F): processing
libc4(putrec_c4.f): compiling at 16:44:58
libc4(rddir_c4.F): processing
libc4(rddir_c4.f): compiling at 16:44:58
libc4(termio_c4.F): processing
libc4(termio_c4.f): compiling at 16:44:58
libc4(timer_c4.F): processing
libc4(timer_c4.f): compiling at 16:44:58
libc4(updmoi_c4.F): processing
libc4(updmoi_c4.f): compiling at 16:44:59
libc4(wrdir_c4.F): processing
libc4(wrdir_c4.f): compiling at 16:44:59

Object files are up-to-date.

Archiving objects

Linking binary
Stripping binary if necessary

Installing the library as:
   /home/perera/Develop/lib/liblibc4.a

The installed library is up-to-date.

Installing the binary as:
   /home/perera/Develop/bin/xlibc4

The installed binary is up-to-date.
gmake[1]: Leaving directory '/home/perera/Develop/ACESII_build/libc4'
gmake[1]: Entering directory '/home/perera/Develop/ACESII_build/libint'
libint(aces_to_erd.F): processing
libint(aces_to_erd.f): compiling at 16:45:00
libint(built_symtran.F): processing
libint(built_symtran.f): compiling at 16:45:00
libint(check.F): processing
libint(check.f): compiling at 16:45:01
libint(compute_0th_residuals.F): processing
libint(compute_0th_residuals.f): compiling at 16:45:01
libint(compute_1st_choleskly_vec.F): processing
libint(compute_1st_choleskly_vec.f): compiling at 16:45:01
libint(compute_1st_residuals.F): processing
libint(compute_1st_residuals.f): compiling at 16:45:01
libint(compute_4cent_ij11_ints.F): processing
libint(compute_4cent_ij11_ints.f): compiling at 16:45:02
libint(compute_4cent_ijij_ints.F): processing
libint(compute_4cent_ijij_ints.f): compiling at 16:45:02
libint(compute_4cent_integrals.F): processing
libint(compute_4cent_integrals.f): compiling at 16:45:02
libint(compute_kp1_choleskly_vec.F): processing
libint(compute_kp1_choleskly_vec.f): compiling at 16:45:02
libint(compute_kth_residuals.F): processing
libint(compute_kth_residuals.f): compiling at 16:45:03
libint(erd_scratch_mem_calc.F): processing
libint(erd_scratch_mem_calc.f): compiling at 16:45:03
libint(get_ab_index_4max_ij.F): processing
libint(get_ab_index_4max_ij.f): compiling at 16:45:03
libint(libint_driver.F): processing
libint(libint_driver.f): compiling at 16:45:03
libint(libint_get_basics.F): processing
libint(libint_get_basics.f): compiling at 16:45:04
libint(libint_getbasis_data.F): processing
libint(libint_getbasis_data.f): compiling at 16:45:04
libint(libint_ints_main.F): processing
libint(libint_ints_main.f): compiling at 16:45:04
libint(libint_main.F): processing
libint(libint_main.f): compiling at 16:45:04
libint(libint_prep_4ints.F): processing
libint(libint_prep_4ints.f): compiling at 16:45:05
libint(libint_readbasis_data.F): processing
libint(libint_readbasis_data.f): compiling at 16:45:05
libint(libint_set_geometry.F): processing
libint(libint_set_geometry.f): compiling at 16:45:05
libint(lookup_shell.F): processing
libint(lookup_shell.f): compiling at 16:45:05
libint(move_4cent_iijj_ints.F): processing
libint(move_4cent_iijj_ints.f): compiling at 16:45:05
libint(move_4cent_integrals.F): processing
libint(move_4cent_integrals.f): compiling at 16:45:06
libint(pack_coeffs.F): processing
libint(pack_coeffs.f): compiling at 16:45:06
libint(pack_coeffs_oed.F): processing
libint(pack_coeffs_oed.f): compiling at 16:45:06
libint(print_basis_info.F): processing
libint(print_basis_info.f): compiling at 16:45:06
libint(rescale_ints.F): processing
libint(rescale_ints.f): compiling at 16:45:07
libint(set_atm_4shell.F): processing
libint(set_atm_4shell.f): compiling at 16:45:07
libint(update_diag_residuals.F): processing
libint(update_diag_residuals.f): compiling at 16:45:07

Object files are up-to-date.

Archiving objects

Linking binary
Stripping binary if necessary

Installing the library as:
   /home/perera/Develop/lib/liblibint.a

The installed library is up-to-date.

Installing the binary as:
   /home/perera/Develop/bin/xlibint

The installed binary is up-to-date.
gmake[1]: Leaving directory '/home/perera/Develop/ACESII_build/libint'
gmake[1]: Entering directory '/home/perera/Develop/ACESII_build/lnmodes'
lnmodes(get_lnmodes.F): processing
lnmodes(get_lnmodes.f): compiling at 16:45:08
lnmodes(main.F): processing
lnmodes(main.f): compiling at 16:45:09

Object files are up-to-date.

Archiving objects

Linking binary
Stripping binary if necessary

Installing the library as:
   /home/perera/Develop/lib/liblnmodes.a

The installed library is up-to-date.

Installing the binary as:
   /home/perera/Develop/bin/xlnmodes

The installed binary is up-to-date.
gmake[1]: Leaving directory '/home/perera/Develop/ACESII_build/lnmodes'
gmake[1]: Entering directory '/home/perera/Develop/ACESII_build/mopac'
mopac(betsrp.F): processing
mopac(betsrp.f): compiling at 16:45:10
mopac(drv-mopc_gues_hess.F): processing
mopac(drv-mopc_gues_hess.f): compiling at 16:45:10
mopac(m507_ef_ws.F): processing
mopac(m507_ef_ws.f): compiling at 16:45:10
mopac(m507_mdep_ws.F): processing
mopac(m507_mdep_ws.f): compiling at 16:45:11
mopac(m507_mod.F): processing
mopac(m507_mod.f): compiling at 16:45:14
mopac(m507_unmod.F): processing
mopac(m507_unmod.f): compiling at 16:45:16
mopac(main.F): processing
mopac(main.f): compiling at 16:45:20

Object files are up-to-date.

Archiving objects

Linking binary
Stripping binary if necessary

Installing the library as:
   /home/perera/Develop/lib/libmopac.a

The installed library is up-to-date.

Installing the binary as:
   /home/perera/Develop/bin/xmopac

The installed binary is up-to-date.
gmake[1]: Leaving directory '/home/perera/Develop/ACESII_build/mopac'
gmake[1]: Entering directory '/home/perera/Develop/ACESII_build/nddo'
nddo(mod-constants.f90): compiling at 16:45:22
nddo(mod-control.f90): compiling at 16:45:22
nddo(mod-indices.f90): compiling at 16:45:22
nddo(mod-scratch_array.f90): compiling at 16:45:22
nddo(mod-spherical.f90): compiling at 16:45:22
nddo(mod-tables.f90): compiling at 16:45:22
nddo(am1_parameters.f90): compiling at 16:45:22
nddo(atoi.f90): compiling at 16:45:22
nddo(buildgto.f90): compiling at 16:45:23
nddo(buildt.f90): compiling at 16:45:23
nddo(chgsep.f90): compiling at 16:45:23
nddo(dd.f90): compiling at 16:45:23
nddo(ddinitial.f90): compiling at 16:45:23
nddo(default.f90): compiling at 16:45:24
nddo(dipole.f90): compiling at 16:45:24
nddo(doverlap.f90): compiling at 16:45:24
nddo(dparameters.f90): compiling at 16:45:25
nddo(dp.f90): compiling at 16:45:25
nddo(dpinitial.f90): compiling at 16:45:25
nddo(ds.f90): compiling at 16:45:25
nddo(dsinitial.f90): compiling at 16:45:25
nddo(f1.f90): compiling at 16:45:25
nddo(f1grad.f90): compiling at 16:45:26
nddo(f1uhf.f90): compiling at 16:45:26
nddo(f2.f90): compiling at 16:45:26
nddo(f2grad.f90): compiling at 16:45:26
nddo(f2graduhf.f90): compiling at 16:45:26
nddo(f2uhf.f90): compiling at 16:45:26
nddo(factrl.f90): compiling at 16:45:27
nddo(fbinom.f90): compiling at 16:45:27
nddo(func.f90): compiling at 16:45:27
nddo(geometry.f90): compiling at 16:45:27
nddo(gradient_fast.f90): compiling at 16:45:27
nddo(gradientuhf.f90): compiling at 16:45:28
nddo(guess.f90): compiling at 16:45:28
nddo(hcore.f90): compiling at 16:45:28
nddo(hcoregrad.f90): compiling at 16:45:28
nddo(hcoregradsp.f90): compiling at 16:45:28
nddo(hessian.f90): compiling at 16:45:28
nddo(hfdft.f90): compiling at 16:45:29
nddo(hfexc.f90): compiling at 16:45:29
nddo(inighd.f90): compiling at 16:45:29
nddo(initguessold.f90): compiling at 16:45:29
nddo(insert.f90): compiling at 16:45:30
nddo(limit.f90): compiling at 16:45:30
nddo(loadparam.f90): compiling at 16:45:30
nddo(local.f90): compiling at 16:45:30
nddo(main.f90): compiling at 16:45:30
nddo(mkd.f90): compiling at 16:45:30
nddo(mkvector.f90): compiling at 16:45:31
nddo(nodummy.f90): compiling at 16:45:31
nddo(normalize.f90): compiling at 16:45:31
nddo(overlap.f90): compiling at 16:45:31
nddo(pack1.f90): compiling at 16:45:31
nddo(pack2.f90): compiling at 16:45:31
nddo(pm3_parameters.f90): compiling at 16:45:32
nddo(pp.f90): compiling at 16:45:32
nddo(ppinitial.f90): compiling at 16:45:32
nddo(ps.f90): compiling at 16:45:32
nddo(psinitial.f90): compiling at 16:45:32
nddo(ptchg.f90): compiling at 16:45:32
nddo(quadrant.f90): compiling at 16:45:32
nddo(readinput.f90): compiling at 16:45:33
nddo(rearrange.f90): compiling at 16:45:33
nddo(repam1.f90): compiling at 16:45:33
nddo(repel.f90): compiling at 16:45:34
nddo(repelsparkle.f90): compiling at 16:45:34
nddo(rhf.f90): compiling at 16:45:34
nddo(rotate.f90): compiling at 16:45:34
nddo(rotcor.f90): compiling at 16:45:34
nddo(rsc.f90): compiling at 16:45:34
nddo(scfopt.f90): compiling at 16:45:35
nddo(scfq.f90): compiling at 16:45:35
nddo(square.f90): compiling at 16:45:35
nddo(ss.f90): compiling at 16:45:35
nddo(ssinitial.f90): compiling at 16:45:35
nddo(trace.f90): compiling at 16:45:35
nddo(twoe_electron.f90): compiling at 16:45:35
nddo(twoepair.f90): compiling at 16:45:36
nddo(twoe_sparkle.f90): compiling at 16:45:36
nddo(uhf.f90): compiling at 16:45:37
nddo(wstore.f90): compiling at 16:45:37
nddo(b3lyp.f): compiling at 16:45:37
nddo(b88.f): compiling at 16:45:37
nddo(BDATA4.f): compiling at 16:45:37
nddo(cgfam.f): compiling at 16:45:38
nddo(cgsearch.f): compiling at 16:45:38
nddo(conjugate.f): compiling at 16:45:38
nddo(cpusec.f): compiling at 16:45:38
nddo(driver1.f): compiling at 16:45:38
nddo(driver2.f): compiling at 16:45:38
nddo(eigsort.f): compiling at 16:45:38
nddo(fcn.f): compiling at 16:45:39
nddo(fuzzy2.f): compiling at 16:45:39
nddo(invert.f): compiling at 16:45:39
nddo(lyp.f): compiling at 16:45:39
nddo(matprt.f): compiling at 16:45:39
nddo(nddo2.f): compiling at 16:45:39
nddo(pbe.f): compiling at 16:45:39
nddo(REPPD.f): compiling at 16:45:39
nddo(ROTD.f): compiling at 16:45:40
nddo(ROTMAT.f): compiling at 16:45:40
nddo(routines.f): compiling at 16:45:40
nddo(rtbis.f): compiling at 16:45:41
nddo(sto.f): compiling at 16:45:41
nddo(vwn.f): compiling at 16:45:41

Object files are up-to-date.

Archiving objects

Linking binary
Stripping binary if necessary

Installing the library as:
   /home/perera/Develop/lib/libnddo.a

The installed library is up-to-date.

Installing the binary as:
   /home/perera/Develop/bin/xnddo

The installed binary is up-to-date.
gmake[1]: Leaving directory '/home/perera/Develop/ACESII_build/nddo'
gmake[1]: Entering directory '/home/perera/Develop/ACESII_build/nlorb'
nlorb(drive.F): processing
nlorb(drive.f): compiling at 16:45:43
nlorb(nlorb.F): processing
nlorb(nlorb.f): compiling at 16:45:44
nlorb(sortEvals.F): processing
nlorb(sortEvals.f): compiling at 16:45:44
nlorb(sort.F): processing
nlorb(sort.f): compiling at 16:45:44
nlorb(aomo4trs.f): compiling at 16:45:44
nlorb(cartdeg.f): compiling at 16:45:44
nlorb(chksgn.f): compiling at 16:45:44
nlorb(ckmem.f): compiling at 16:45:44
nlorb(ckorth.f): compiling at 16:45:45
nlorb(countmom.f): compiling at 16:45:45
nlorb(countsh.f): compiling at 16:45:45
nlorb(crace.f): compiling at 16:45:45
nlorb(dcopyarr.f): compiling at 16:45:45
nlorb(delrow.f): compiling at 16:45:45
nlorb(detord.f): compiling at 16:45:45
nlorb(dodtrans.f): compiling at 16:45:45
nlorb(doeval.f): compiling at 16:45:46
nlorb(doitran.f): compiling at 16:45:46
nlorb(droplist.f): compiling at 16:45:46
nlorb(dtranspose.f): compiling at 16:45:46
nlorb(dzero4arr.f): compiling at 16:45:46
nlorb(dzeroarr.f): compiling at 16:45:46
nlorb(dzerosec.f): compiling at 16:45:46
nlorb(eneval2.f): compiling at 16:45:46
nlorb(eneval.f): compiling at 16:45:47
nlorb(fillcoefvir.f): compiling at 16:45:47
nlorb(getfia.f): compiling at 16:45:47
nlorb(hfperbond.f): compiling at 16:45:47
nlorb(icpident.f): compiling at 16:45:47
nlorb(imult.f): compiling at 16:45:47
nlorb(initdim.f): compiling at 16:45:47
nlorb(initize.f): compiling at 16:45:47
nlorb(initmax.f): compiling at 16:45:48
nlorb(intdata.f): compiling at 16:45:48
nlorb(iseccopy.f): compiling at 16:45:48
nlorb(izeroarr.f): compiling at 16:45:48
nlorb(izerosec.f): compiling at 16:45:48
nlorb(mkdens.f): compiling at 16:45:48
nlorb(mkgee42.f): compiling at 16:45:48
nlorb(mkgee4.f): compiling at 16:45:49
nlorb(mkitrans.f): compiling at 16:45:49
nlorb(mkrow.f): compiling at 16:45:49
nlorb(orbfile.f): compiling at 16:45:49
nlorb(orthock.f): compiling at 16:45:49
nlorb(output2.f): compiling at 16:45:49
nlorb(output3.f): compiling at 16:45:49
nlorb(ovraces.f): compiling at 16:45:49
nlorb(owntrans.f): compiling at 16:45:50
nlorb(prnang.f): compiling at 16:45:50
nlorb(prncoor.f): compiling at 16:45:50
nlorb(prnmat.f): compiling at 16:45:50
nlorb(prnord.f): compiling at 16:45:50
nlorb(prnstuff2.f): compiling at 16:45:50
nlorb(readorbfile.f): compiling at 16:45:50
nlorb(scalmat.f): compiling at 16:45:50
nlorb(setchoo.f): compiling at 16:45:51
nlorb(sortmom.f): compiling at 16:45:51
nlorb(sphdeg.f): compiling at 16:45:51
nlorb(test.f): compiling at 16:45:51
nlorb(totalden.f): compiling at 16:45:51
nlorb(transform2.f): compiling at 16:45:51
nlorb(transform.f): compiling at 16:45:51
nlorb(trfock2.f): compiling at 16:45:51
nlorb(unpack2.f): compiling at 16:45:52
nlorb(unpack4.f): compiling at 16:45:52
nlorb(unpkoneh.f): compiling at 16:45:52

Object files are up-to-date.

Archiving objects

Linking binary
Stripping binary if necessary

Installing the library as:
   /home/perera/Develop/lib/libnlorb.a

The installed library is up-to-date.

Installing the binary as:
   /home/perera/Develop/bin/xnlorb

The installed binary is up-to-date.
gmake[1]: Leaving directory '/home/perera/Develop/ACESII_build/nlorb'
gmake[1]: Entering directory '/home/perera/Develop/ACESII_build/nmr'
nmr(main.F): processing
nmr(main.f): compiling at 16:45:53
nmr(aodtrn.f): compiling at 16:45:54
nmr(checksm2.f): compiling at 16:45:55
nmr(checksum.f): compiling at 16:45:55
nmr(cshpri.f): compiling at 16:45:55
nmr(d1abcd.f): compiling at 16:45:55
nmr(d1abci.f): compiling at 16:45:55
nmr(d1iajb.f): compiling at 16:45:55
nmr(d1ijab.f): compiling at 16:45:55
nmr(d1ijka.f): compiling at 16:45:55
nmr(d1ijkl.f): compiling at 16:45:56
nmr(d2abcd.f): compiling at 16:45:56
nmr(d2abci.f): compiling at 16:45:56
nmr(d2abic.f): compiling at 16:45:56
nmr(d2iabj.f): compiling at 16:45:56
nmr(d2iajb.f): compiling at 16:45:56
nmr(d2ijab.f): compiling at 16:45:57
nmr(d2ijak.f): compiling at 16:45:57
nmr(d2ijka.f): compiling at 16:45:57
nmr(d2ijkl.f): compiling at 16:45:57
nmr(d3iajb.f): compiling at 16:45:57
nmr(dddot24.f): compiling at 16:45:57
nmr(ddenom.f): compiling at 16:45:58
nmr(ddens.f): compiling at 16:45:58
nmr(ddensoo.f): compiling at 16:45:58
nmr(ddensvo.f): compiling at 16:45:58
nmr(ddensvv.f): compiling at 16:45:58
nmr(ddooaa.f): compiling at 16:45:58
nmr(ddooab.f): compiling at 16:45:58
nmr(ddvvaa.f): compiling at 16:45:59
nmr(ddvvab.f): compiling at 16:45:59
nmr(ddxdf2.f): compiling at 16:45:59
nmr(ddxdf.f): compiling at 16:45:59
nmr(dfindt2.f): compiling at 16:45:59
nmr(dfindt3.f): compiling at 16:45:59
nmr(dfindt4.f): compiling at 16:45:59
nmr(dfindt6.f): compiling at 16:45:59
nmr(dfindt7.f): compiling at 16:46:00
nmr(dfindt.f): compiling at 16:46:00
nmr(dintov1.f): compiling at 16:46:00
nmr(dintov2.f): compiling at 16:46:00
nmr(dintrn10.f): compiling at 16:46:00
nmr(dintrn11.f): compiling at 16:46:00
nmr(dintrn12.f): compiling at 16:46:00
nmr(dintrn1.f): compiling at 16:46:01
nmr(dintrn2.f): compiling at 16:46:01
nmr(dintrn3.f): compiling at 16:46:01
nmr(dintrn5.f): compiling at 16:46:01
nmr(dintrn6.f): compiling at 16:46:01
nmr(dintrn7.f): compiling at 16:46:01
nmr(dintrn8.f): compiling at 16:46:02
nmr(dintrn9.f): compiling at 16:46:02
nmr(dintvo1.f): compiling at 16:46:02
nmr(dintvo2.f): compiling at 16:46:02
nmr(diov11.f): compiling at 16:46:02
nmr(diov1aa.f): compiling at 16:46:02
nmr(diov1ab.f): compiling at 16:46:03
nmr(diov21.f): compiling at 16:46:03
nmr(divo11aa.f): compiling at 16:46:03
nmr(divo11ab.f): compiling at 16:46:03
nmr(divo11.f): compiling at 16:46:03
nmr(divo12aa.f): compiling at 16:46:03
nmr(divo12ab.f): compiling at 16:46:03
nmr(divo12.f): compiling at 16:46:04
nmr(divo13.f): compiling at 16:46:04
nmr(divo21aa.f): compiling at 16:46:04
nmr(divo21ab.f): compiling at 16:46:04
nmr(divo21.f): compiling at 16:46:04
nmr(divo22aa.f): compiling at 16:46:04
nmr(divo22ab.f): compiling at 16:46:04
nmr(divo22.f): compiling at 16:46:04
nmr(divo23.f): compiling at 16:46:05
nmr(divo3aa.f): compiling at 16:46:05
nmr(divo3ab.f): compiling at 16:46:05
nmr(dsymmet.f): compiling at 16:46:05
nmr(dt1ia.f): compiling at 16:46:05
nmr(dt1ijab.f): compiling at 16:46:05
nmr(dt2ijab.f): compiling at 16:46:05
nmr(dt2iter.f): compiling at 16:46:06
nmr(dump10.f): compiling at 16:46:06
nmr(dump11.f): compiling at 16:46:06
nmr(dump12.f): compiling at 16:46:06
nmr(dump1.f): compiling at 16:46:06
nmr(dump2.f): compiling at 16:46:06
nmr(dump3.f): compiling at 16:46:07
nmr(dump5.f): compiling at 16:46:07
nmr(dump6.f): compiling at 16:46:07
nmr(dump7.f): compiling at 16:46:07
nmr(dump8.f): compiling at 16:46:07
nmr(dump9.f): compiling at 16:46:07
nmr(dumpcsh.f): compiling at 16:46:08
nmr(dumpjso.f): compiling at 16:46:08
nmr(dumpmsz.f): compiling at 16:46:08
nmr(dvcc.f): compiling at 16:46:08
nmr(dxu.f): compiling at 16:46:08
nmr(expnd2a.f): compiling at 16:46:08
nmr(expnd5.f): compiling at 16:46:09
nmr(faopop.f): compiling at 16:46:09
nmr(formdx.f): compiling at 16:46:09
nmr(formu.f): compiling at 16:46:09
nmr(fpmo.f): compiling at 16:46:09
nmr(gettrn3.f): compiling at 16:46:09
nmr(ghtran.f): compiling at 16:46:09
nmr(header.f): compiling at 16:46:09
nmr(inidg.f): compiling at 16:46:10
nmr(inidi.f): compiling at 16:46:10
nmr(jpri.f): compiling at 16:46:10
nmr(lineq1.f): compiling at 16:46:10
nmr(lineq2.f): compiling at 16:46:10
nmr(loada10.f): compiling at 16:46:10
nmr(loada11.f): compiling at 16:46:10
nmr(loada12.f): compiling at 16:46:11
nmr(loada1.f): compiling at 16:46:11
nmr(loada2.f): compiling at 16:46:11
nmr(loada3.f): compiling at 16:46:11
nmr(loada4.f): compiling at 16:46:12
nmr(loada5.f): compiling at 16:46:12
nmr(loada6.f): compiling at 16:46:12
nmr(loada7.f): compiling at 16:46:12
nmr(loada8.f): compiling at 16:46:12
nmr(loada9.f): compiling at 16:46:12
nmr(loads1.f): compiling at 16:46:13
nmr(loads2.f): compiling at 16:46:13
nmr(loads3.f): compiling at 16:46:13
nmr(loads4.f): compiling at 16:46:13
nmr(makoff.f): compiling at 16:46:14
nmr(matexp2.f): compiling at 16:46:14
nmr(matexp.f): compiling at 16:46:14
nmr(mkarhf2.f): compiling at 16:46:14
nmr(mkarhf3.f): compiling at 16:46:14
nmr(mkarohf2.f): compiling at 16:46:14
nmr(mkarohf.f): compiling at 16:46:14
nmr(mkauhf2.f): compiling at 16:46:15
nmr(mkdsym.f): compiling at 16:46:15
nmr(mszpri.f): compiling at 16:46:15
nmr(mtran4.f): compiling at 16:46:15
nmr(nmr.f): compiling at 16:46:15
nmr(ooctrn.f): compiling at 16:46:15
nmr(printi.f): compiling at 16:46:15
nmr(procevec.f): compiling at 16:46:16
nmr(readd.f): compiling at 16:46:16
nmr(readf.f): compiling at 16:46:16
nmr(readu.f): compiling at 16:46:16
nmr(rohfu.f): compiling at 16:46:16
nmr(sdump1.f): compiling at 16:46:16
nmr(sdump2.f): compiling at 16:46:16
nmr(sdump3.f): compiling at 16:46:16
nmr(sdump4.f): compiling at 16:46:17
nmr(setmet.f): compiling at 16:46:17
nmr(setpert.f): compiling at 16:46:17
nmr(sintrn1.f): compiling at 16:46:17
nmr(sintrn2.f): compiling at 16:46:17
nmr(sintrn3.f): compiling at 16:46:17
nmr(sintrn4.f): compiling at 16:46:17
nmr(solver.f): compiling at 16:46:18
nmr(st2324.f): compiling at 16:46:18
nmr(sypkev.f): compiling at 16:46:18
nmr(tabci.f): compiling at 16:46:18
nmr(tracsh.f): compiling at 16:46:19
nmr(trahes.f): compiling at 16:46:19
nmr(ulist.f): compiling at 16:46:19
nmr(uxint2.f): compiling at 16:46:20
nmr(zer.f): compiling at 16:46:20
nmr(zerint.f): compiling at 16:46:20

Object files are up-to-date.

Archiving objects

Linking binary
Stripping binary if necessary

Installing the library as:
   /home/perera/Develop/lib/libnmr.a

The installed library is up-to-date.

Installing the binary as:
   /home/perera/Develop/bin/xnmr

The installed binary is up-to-date.
gmake[1]: Leaving directory '/home/perera/Develop/ACESII_build/nmr'
gmake[1]: Entering directory '/home/perera/Develop/ACESII_build/oombpt2'
oombpt2(backtrans_semi.F): processing
oombpt2(backtrans_semi.f): compiling at 16:46:22
oombpt2(conv_check.F): processing
oombpt2(conv_check.f): compiling at 16:46:22
oombpt2(conv_set.F): processing
oombpt2(conv_set.f): compiling at 16:46:22
oombpt2(expand_vai.F): processing
oombpt2(expand_vai.f): compiling at 16:46:22
oombpt2(form_dens.F): processing
oombpt2(form_dens.f): compiling at 16:46:23
oombpt2(form_dropmo_length.F): processing
oombpt2(form_dropmo_length.f): compiling at 16:46:23
oombpt2(form_err.F): processing
oombpt2(form_err.f): compiling at 16:46:23
oombpt2(formfock_d.F): processing
oombpt2(formfock_d.f): compiling at 16:46:23
oombpt2(formfock.F): processing
oombpt2(formfock.f): compiling at 16:46:23
oombpt2(formpot.F): processing
oombpt2(formpot.f): compiling at 16:46:24
oombpt2(form_u_fock.F): processing
oombpt2(form_u_fock.f): compiling at 16:46:24
oombpt2(onerdm.F): processing
oombpt2(onerdm.f): compiling at 16:46:24
oombpt2(oombpt2.F): processing
oombpt2(oombpt2.f): compiling at 16:46:24
oombpt2(oombptdamp.F): processing
oombpt2(oombptdamp.f): compiling at 16:46:24
oombpt2(oombpt_dodiis.F): processing
oombpt2(oombpt_dodiis.f): compiling at 16:46:25
oombpt2(oombptlist.F): processing
oombpt2(oombptlist.f): compiling at 16:46:25
oombpt2(oombpt_step.F): processing
oombpt2(oombpt_step.f): compiling at 16:46:25
oombpt2(setmet.F): processing
oombpt2(setmet.f): compiling at 16:46:25
oombpt2(t2inv1.F): processing
oombpt2(t2inv1.f): compiling at 16:46:26
oombpt2(transform_obj.F): processing
oombpt2(transform_obj.f): compiling at 16:46:26
oombpt2(transform_orbs.F): processing
oombpt2(transform_orbs.f): compiling at 16:46:26
oombpt2(addfai.f): compiling at 16:46:26
oombpt2(dencan.f): compiling at 16:46:26
oombpt2(densoo.f): compiling at 16:46:26
oombpt2(densvv.f): compiling at 16:46:26
oombpt2(dinv11.f): compiling at 16:46:27
oombpt2(dinv12.f): compiling at 16:46:27
oombpt2(dooaa.f): compiling at 16:46:27
oombpt2(dooab.f): compiling at 16:46:27
oombpt2(dooinvo.f): compiling at 16:46:27
oombpt2(dvvaa.f): compiling at 16:46:27
oombpt2(dvvab.f): compiling at 16:46:27
oombpt2(dvvinvo.f): compiling at 16:46:27
oombpt2(dwinv1.f): compiling at 16:46:28
oombpt2(makvme.f): compiling at 16:46:28
oombpt2(oombptdiis.f): compiling at 16:46:28
oombpt2(oombpt_formdiis.f): compiling at 16:46:28
oombpt2(t1inv1.f): compiling at 16:46:28
oombpt2(updat1.f): compiling at 16:46:28

Object files are up-to-date.

Archiving objects

Linking binary
Stripping binary if necessary

Installing the library as:
   /home/perera/Develop/lib/liboombpt2.a

The installed library is up-to-date.

Installing the binary as:
   /home/perera/Develop/bin/xoombpt2

The installed binary is up-to-date.
gmake[1]: Leaving directory '/home/perera/Develop/ACESII_build/oombpt2'
gmake[1]: Entering directory '/home/perera/Develop/ACESII_build/oprots'
oprots(built_orbrot_hess.F): processing
oprots(built_orbrot_hess.f): compiling at 16:46:30
oprots(get_orbsym.F): processing
oprots(get_orbsym.f): compiling at 16:46:30
oprots(mix_pairs.F): processing
oprots(mix_pairs.f): compiling at 16:46:30
oprots(oprots_driver.F): processing
oprots(oprots_driver.f): compiling at 16:46:30
oprots(oprots_main.F): processing
oprots(oprots_main.f): compiling at 16:46:31
oprots(read_rotinfo.F): processing
oprots(read_rotinfo.f): compiling at 16:46:31
oprots(rotate_pairs.F): processing
oprots(rotate_pairs.f): compiling at 16:46:31

Object files are up-to-date.

Archiving objects

Linking binary
Stripping binary if necessary

Installing the library as:
   /home/perera/Develop/lib/liboprots.a

The installed library is up-to-date.

Installing the binary as:
   /home/perera/Develop/bin/xoprots

The installed binary is up-to-date.
gmake[1]: Leaving directory '/home/perera/Develop/ACESII_build/oprots'
gmake[1]: Entering directory '/home/perera/Develop/ACESII_build/pccd_drpmo'
pccd_drpmo(pccd_drpmo_do_orbrots.F): processing
pccd_drpmo(pccd_drpmo_do_orbrots.f): compiling at 16:46:32
pccd_drpmo(pccd_drpmo_form_htau.F): processing
pccd_drpmo(pccd_drpmo_form_htau.f): compiling at 16:46:33
pccd_drpmo(pccd_drpmo_main.F): processing
pccd_drpmo(pccd_drpmo_main.f): compiling at 16:46:33

Object files are up-to-date.

Archiving objects

Linking binary
Stripping binary if necessary

Installing the library as:
   /home/perera/Develop/lib/libpccd_drpmo.a

The installed library is up-to-date.

Installing the binary as:
   /home/perera/Develop/bin/xpccd_drpmo

The installed binary is up-to-date.
gmake[1]: Leaving directory '/home/perera/Develop/ACESII_build/pccd_drpmo'
gmake[1]: Entering directory '/home/perera/Develop/ACESII_build/prep'
prep(getdc1.F): processing
prep(getdc1.f): compiling at 16:46:35
prep(import_ghess.F): processing
prep(import_ghess.f): compiling at 16:46:35

Object files are up-to-date.

Archiving objects

Linking binary
Stripping binary if necessary

Installing the library as:
   /home/perera/Develop/lib/libprep.a

The installed library is up-to-date.

Installing the binary as:
   /home/perera/Develop/bin/xprep

The installed binary is up-to-date.
gmake[1]: Leaving directory '/home/perera/Develop/ACESII_build/prep'
gmake[1]: Entering directory '/home/perera/Develop/ACESII_build/props'
props(analyze.F): processing
props(analyze.f): compiling at 16:46:36
props(built_orb_kint_enegs.F): processing
props(built_orb_kint_enegs.f): compiling at 16:46:37
props(built_scf_orbdens.F): processing
props(built_scf_orbdens.f): compiling at 16:46:37
props(calc_tmom.F): processing
props(calc_tmom.f): compiling at 16:46:37
props(cor_orbdens.F): processing
props(cor_orbdens.f): compiling at 16:46:37
props(drvdip.F): processing
props(drvdip.f): compiling at 16:46:37
props(drvefg.F): processing
props(drvefg.f): compiling at 16:46:38
props(drvoct.F): processing
props(drvoct.f): compiling at 16:46:38
props(drvqud.F): processing
props(drvqud.f): compiling at 16:46:38
props(drvsec.F): processing
props(drvsec.f): compiling at 16:46:38
props(drvspd.F): processing
props(drvspd.f): compiling at 16:46:38
props(mk_corden.F): processing
props(mk_corden.f): compiling at 16:46:38
props(mkden.F): processing
props(mkden.f): compiling at 16:46:39
props(mkfull_kints.F): processing
props(mkfull_kints.f): compiling at 16:46:39
props(orb_kint_enegs.F): processing
props(orb_kint_enegs.f): compiling at 16:46:39
props(popanal.F): processing
props(popanal.f): compiling at 16:46:39
props(process_efg_tensor.F): processing
props(process_efg_tensor.f): compiling at 16:46:39
props(prop_atom.F): processing
props(prop_atom.f): compiling at 16:46:40
props(props.F): processing
props(props.f): compiling at 16:46:40
props(props_main.F): processing
props(props_main.f): compiling at 16:46:40
props(comppr.f): compiling at 16:46:40
props(drvahf.f): compiling at 16:46:40
props(drvpld.f): compiling at 16:46:41
props(drvpot.f): compiling at 16:46:41
props(drvrel.f): compiling at 16:46:41
props(expden.f): compiling at 16:46:41
props(filldhf2.f): compiling at 16:46:41
props(filldhf.f): compiling at 16:46:41
props(fudge.f): compiling at 16:46:41
props(orbdens.f): compiling at 16:46:41
props(seeklb.f): compiling at 16:46:41

Object files are up-to-date.

Archiving objects

Linking binary
Stripping binary if necessary

Installing the library as:
   /home/perera/Develop/lib/libprops.a

The installed library is up-to-date.

Installing the binary as:
   /home/perera/Develop/bin/xprops

The installed binary is up-to-date.
gmake[1]: Leaving directory '/home/perera/Develop/ACESII_build/props'
gmake[1]: Entering directory '/home/perera/Develop/ACESII_build/ringcl'
ringcl(check_hbar.F): processing
ringcl(check_hbar.f): compiling at 16:46:43
ringcl(check_l2.F): processing
ringcl(check_l2.f): compiling at 16:46:43
ringcl(drcl_dwmbej.F): processing
ringcl(drcl_dwmbej.f): compiling at 16:46:44
ringcl(drcl_dwmbej_noquad.F): processing
ringcl(drcl_dwmbej_noquad.f): compiling at 16:46:44
ringcl(dxrcl_dwmbej.F): processing
ringcl(dxrcl_dwmbej.f): compiling at 16:46:44
ringcl(rcl_addoneh.F): processing
ringcl(rcl_addoneh.f): compiling at 16:46:44
ringcl(rcl_check_rcchbar.F): processing
ringcl(rcl_check_rcchbar.f): compiling at 16:46:44
ringcl(rcl_check_uhf.F): processing
ringcl(rcl_check_uhf.f): compiling at 16:46:45
ringcl(rcl_dorng.F): processing
ringcl(rcl_dorng.f): compiling at 16:46:45
ringcl(rcl_driver.F): processing
ringcl(rcl_driver.f): compiling at 16:46:45
ringcl(rcl_drvrpa.F): processing
ringcl(rcl_drvrpa.f): compiling at 16:46:45
ringcl(rcl_dwmbej_r.F): processing
ringcl(rcl_dwmbej_r.f): compiling at 16:46:46
ringcl(rcl_dwmbej_u.F): processing
ringcl(rcl_dwmbej_u.f): compiling at 16:46:46
ringcl(rcl_expanded_abij.F): processing
ringcl(rcl_expanded_abij.f): compiling at 16:46:46
ringcl(rcl_f1l2aa.F): processing
ringcl(rcl_f1l2aa.f): compiling at 16:46:46
ringcl(rcl_f1l2ab.F): processing
ringcl(rcl_f1l2ab.f): compiling at 16:46:47
ringcl(rcl_f2l2aa.F): processing
ringcl(rcl_f2l2aa.f): compiling at 16:46:47
ringcl(rcl_f2l2ab.F): processing
ringcl(rcl_f2l2ab.f): compiling at 16:46:47
ringcl(rcl_fab_inl2.F): processing
ringcl(rcl_fab_inl2.f): compiling at 16:46:47
ringcl(rcl_fji_inl2.F): processing
ringcl(rcl_fji_inl2.f): compiling at 16:46:48
ringcl(rcl_form_hbar_ab.F): processing
ringcl(rcl_form_hbar_ab.f): compiling at 16:46:48
ringcl(rcl_form_hbar_ji.F): processing
ringcl(rcl_form_hbar_ji.f): compiling at 16:46:48
ringcl(rcl_hbar.F): processing
ringcl(rcl_hbar.f): compiling at 16:46:48
ringcl(rcl_heffxc.F): processing
ringcl(rcl_heffxc.f): compiling at 16:46:48
ringcl(rcl_l2rng.F): processing
ringcl(rcl_l2rng.f): compiling at 16:46:49
ringcl(rcl_lrngdrv_r.F): processing
ringcl(rcl_lrngdrv_r.f): compiling at 16:46:49
ringcl(rcl_lrngdrv_u.F): processing
ringcl(rcl_lrngdrv_u.f): compiling at 16:46:49
ringcl(rcl_lrngprd.F): processing
ringcl(rcl_lrngprd.f): compiling at 16:46:49
ringcl(rcl_main.F): processing
ringcl(rcl_main.f): compiling at 16:46:50
ringcl(rcl_newt2.F): processing
ringcl(rcl_newt2.f): compiling at 16:46:50
ringcl(rcl_q2aa.F): processing
ringcl(rcl_q2aa.f): compiling at 16:46:50
ringcl(rcl_q2ab.F): processing
ringcl(rcl_q2ab.f): compiling at 16:46:50
ringcl(rcl_q3aa.F): processing
ringcl(rcl_q3aa.f): compiling at 16:46:50
ringcl(rcl_q3ab.F): processing
ringcl(rcl_q3ab.f): compiling at 16:46:51
ringcl(rcl_rng_4rhf_rccd.F): processing
ringcl(rcl_rng_4rhf_rccd.f): compiling at 16:46:51
ringcl(rcl_set_hbar2zero.F): processing
ringcl(rcl_set_hbar2zero.f): compiling at 16:46:51
ringcl(rcl_setlst.F): processing
ringcl(rcl_setlst.f): compiling at 16:46:51
ringcl(rcl_setmet.F): processing
ringcl(rcl_setmet.f): compiling at 16:46:51

Object files are up-to-date.

Archiving objects

Linking binary
Stripping binary if necessary

Installing the library as:
   /home/perera/Develop/lib/libringcl.a

The installed library is up-to-date.

Installing the binary as:
   /home/perera/Develop/bin/xringcl

The installed binary is up-to-date.
gmake[1]: Leaving directory '/home/perera/Develop/ACESII_build/ringcl'
gmake[1]: Entering directory '/home/perera/Develop/ACESII_build/rpa'
rpa(assign_spin_state.F): processing
rpa(assign_spin_state.f): compiling at 16:46:53
rpa(build_t2.F): processing
rpa(build_t2.f): compiling at 16:46:53
rpa(buildx.F): processing
rpa(buildx.f): compiling at 16:46:54
rpa(calc_rpa_dens.F): processing
rpa(calc_rpa_dens.f): compiling at 16:46:54
rpa(cmpeng.F): processing
rpa(cmpeng.f): compiling at 16:46:54
rpa(ddmptgss.F): processing
rpa(ddmptgss.f): compiling at 16:46:54
rpa(dmp_rpat2vecs.F): processing
rpa(dmp_rpat2vecs.f): compiling at 16:46:54
rpa(dmptgss.F): processing
rpa(dmptgss.f): compiling at 16:46:55
rpa(do_rhf_rpa.F): processing
rpa(do_rhf_rpa.f): compiling at 16:46:55
rpa(do_t1crs_2rpa.F): processing
rpa(do_t1crs_2rpa.f): compiling at 16:46:55
rpa(do_uhf_rpa.F): processing
rpa(do_uhf_rpa.f): compiling at 16:46:55
rpa(drive_rpa.F): processing
rpa(drive_rpa.f): compiling at 16:46:56
rpa(e4seng.F): processing
rpa(e4seng.f): compiling at 16:46:56
rpa(featie.F): processing
rpa(featie.f): compiling at 16:46:56
rpa(fmitma.F): processing
rpa(fmitma.f): compiling at 16:46:56
rpa(get_nto.F): processing
rpa(get_nto.f): compiling at 16:46:56
rpa(mkambrhf.F): processing
rpa(mkambrhf.f): compiling at 16:46:57
rpa(mkambuhf.F): processing
rpa(mkambuhf.f): compiling at 16:46:57
rpa(mkapbrhf.F): processing
rpa(mkapbrhf.f): compiling at 16:46:57
rpa(mkapbuhf.F): processing
rpa(mkapbuhf.f): compiling at 16:46:57
rpa(mkb_rhf.F): processing
rpa(mkb_rhf.f): compiling at 16:46:57
rpa(mkb_uhf.F): processing
rpa(mkb_uhf.f): compiling at 16:46:58
rpa(mkfock_blck.F): processing
rpa(mkfock_blck.f): compiling at 16:46:58
rpa(mkfock.F): processing
rpa(mkfock.f): compiling at 16:46:58
rpa(mkt1at2.F): processing
rpa(mkt1at2.f): compiling at 16:46:58
rpa(process_rhf_rpa_roots.F): processing
rpa(process_rhf_rpa_roots.f): compiling at 16:46:58
rpa(process_rpat2.F): processing
rpa(process_rpat2.f): compiling at 16:46:58
rpa(process_uhf_rpa_roots.F): processing
rpa(process_uhf_rpa_roots.f): compiling at 16:46:59
rpa(rpa_dens_main.F): processing
rpa(rpa_dens_main.f): compiling at 16:46:59
rpa(rpa.F): processing
rpa(rpa.f): compiling at 16:46:59
rpa(scrnc_built_respn_den.F): processing
rpa(scrnc_built_respn_den.f): compiling at 16:46:59
rpa(scrnc_form_rcc_hbar.F): processing
rpa(scrnc_form_rcc_hbar.f): compiling at 16:46:59
rpa(scrnc_i1tran.F): processing
rpa(scrnc_i1tran.f): compiling at 16:47:00
rpa(scrnc_lrspn_cc_main.F): processing
rpa(scrnc_lrspn_cc_main.f): compiling at 16:47:00
rpa(scrnc_prep_culomb_ints.F): processing
rpa(scrnc_prep_culomb_ints.f): compiling at 16:47:00
rpa(scrnc_set_dens_vars.F): processing
rpa(scrnc_set_dens_vars.f): compiling at 16:47:00
rpa(scrnc_set_vars.F): processing
rpa(scrnc_set_vars.f): compiling at 16:47:01
rpa(sinden.F): processing
rpa(sinden.f): compiling at 16:47:01
rpa(srteval.F): processing
rpa(srteval.f): compiling at 16:47:01
rpa(t2int1.F): processing
rpa(t2int1.f): compiling at 16:47:01
rpa(t2t1aa1.F): processing
rpa(t2t1aa1.f): compiling at 16:47:01
rpa(t2t1aa2.F): processing
rpa(t2t1aa2.f): compiling at 16:47:02
rpa(t2t1ab1.F): processing
rpa(t2t1ab1.f): compiling at 16:47:02
rpa(t2t1ab2.F): processing
rpa(t2t1ab2.f): compiling at 16:47:02
rpa(track_occ_ntos.F): processing
rpa(track_occ_ntos.f): compiling at 16:47:02
rpa(track_vrt_ntos.F): processing
rpa(track_vrt_ntos.f): compiling at 16:47:02
rpa(zersym.F): processing
rpa(zersym.f): compiling at 16:47:03
rpa(tener.f): compiling at 16:47:03

Object files are up-to-date.

Archiving objects

Linking binary
Stripping binary if necessary

Installing the library as:
   /home/perera/Develop/lib/librpa.a

The installed library is up-to-date.

Installing the binary as:
   /home/perera/Develop/bin/xrpa

The installed binary is up-to-date.
gmake[1]: Leaving directory '/home/perera/Develop/ACESII_build/rpa'
gmake[1]: Entering directory '/home/perera/Develop/ACESII_build/rspdens'
rspdens(analyze_fock.F): processing
rspdens(analyze_fock.f): compiling at 16:47:04
rspdens(densoo.F): processing
rspdens(densoo.f): compiling at 16:47:05
rspdens(densvo.F): processing
rspdens(densvo.f): compiling at 16:47:05
rspdens(densvv.F): processing
rspdens(densvv.f): compiling at 16:47:05
rspdens(dstat.F): processing
rspdens(dstat.f): compiling at 16:47:05
rspdens(getstat.F): processing
rspdens(getstat.f): compiling at 16:47:06
rspdens(rspdens.F): processing
rspdens(rspdens.f): compiling at 16:47:06
rspdens(setmet.F): processing
rspdens(setmet.f): compiling at 16:47:06
rspdens(dencan.f): compiling at 16:47:06
rspdens(dooaa.f): compiling at 16:47:06
rspdens(dooab.f): compiling at 16:47:07
rspdens(dumpit.f): compiling at 16:47:07
rspdens(dvvaa.f): compiling at 16:47:07
rspdens(dvvab.f): compiling at 16:47:07
rspdens(incor.f): compiling at 16:47:07
rspdens(recalat.f): compiling at 16:47:07

Object files are up-to-date.

Archiving objects

Linking binary
Stripping binary if necessary

Installing the library as:
   /home/perera/Develop/lib/librspdens.a

The installed library is up-to-date.

Installing the binary as:
   /home/perera/Develop/bin/xrspdens

The installed binary is up-to-date.
gmake[1]: Leaving directory '/home/perera/Develop/ACESII_build/rspdens'
gmake[1]: Entering directory '/home/perera/Develop/ACESII_build/scale_ints'
scale_ints(scale_ints_driver.F): processing
scale_ints(scale_ints_driver.f): compiling at 16:47:09
scale_ints(scale_ints_main.F): processing
scale_ints(scale_ints_main.f): compiling at 16:47:09

Object files are up-to-date.

Archiving objects

Linking binary
Stripping binary if necessary

Installing the library as:
   /home/perera/Develop/lib/libscale_ints.a

The installed library is up-to-date.

Installing the binary as:
   /home/perera/Develop/bin/xscale_ints

The installed binary is up-to-date.
gmake[1]: Leaving directory '/home/perera/Develop/ACESII_build/scale_ints'
gmake[1]: Entering directory '/home/perera/Develop/ACESII_build/scfgrd'
scfgrd(scfgrd.F): processing
scfgrd(scfgrd.f): compiling at 16:47:10

Object files are up-to-date.

Archiving objects

Linking binary
Stripping binary if necessary

Installing the library as:
   /home/perera/Develop/lib/libscfgrd.a

The installed library is up-to-date.

Installing the binary as:
   /home/perera/Develop/bin/xscfgrd

The installed binary is up-to-date.
gmake[1]: Leaving directory '/home/perera/Develop/ACESII_build/scfgrd'
gmake[1]: Entering directory '/home/perera/Develop/ACESII_build/scrnc'
scrnc(checkhbar.F): processing
scrnc(checkhbar.f): compiling at 16:47:12
scrnc(scrnc_addoneh.F): processing
scrnc(scrnc_addoneh.f): compiling at 16:47:12
scrnc(scrnc_ao2mo.F): processing
scrnc(scrnc_ao2mo.f): compiling at 16:47:12
scrnc(scrnc_bcktran.F): processing
scrnc(scrnc_bcktran.f): compiling at 16:47:12
scrnc(scrnc_bcktran_left.F): processing
scrnc(scrnc_bcktran_left.f): compiling at 16:47:13
scrnc(scrnc_built_respn_den.F): processing
scrnc(scrnc_built_respn_den.f): compiling at 16:47:13
scrnc(scrnc_dens_oo.F): processing
scrnc(scrnc_dens_oo.f): compiling at 16:47:13
scrnc(scrnc_dens_vo.F): processing
scrnc(scrnc_dens_vo.f): compiling at 16:47:13
scrnc(scrnc_dens_vv.F): processing
scrnc(scrnc_dens_vv.f): compiling at 16:47:14
scrnc(scrnc_driver.F): processing
scrnc(scrnc_driver.f): compiling at 16:47:14
scrnc(scrnc_form_lrspn_cc_lists.F): processing
scrnc(scrnc_form_lrspn_cc_lists.f): compiling at 16:47:14
scrnc(scrnc_form_lrspn_rcc_lists.F): processing
scrnc(scrnc_form_lrspn_rcc_lists.f): compiling at 16:47:15
scrnc(scrnc_form_mubar_00.F): processing
scrnc(scrnc_form_mubar_00.f): compiling at 16:47:15
scrnc(scrnc_form_mubar_d_rhf.F): processing
scrnc(scrnc_form_mubar_d_rhf.f): compiling at 16:47:15
scrnc(scrnc_form_mubar_d_uhf.F): processing
scrnc(scrnc_form_mubar_d_uhf.f): compiling at 16:47:15
scrnc(scrnc_form_mubar_s.F): processing
scrnc(scrnc_form_mubar_s.f): compiling at 16:47:15
scrnc(scrnc_form_rccd_g2.F): processing
scrnc(scrnc_form_rccd_g2.f): compiling at 16:47:16
scrnc(scrnc_form_rcc_hbar.F): processing
scrnc(scrnc_form_rcc_hbar.f): compiling at 16:47:16
scrnc(scrnc_form_rcc_hbar_inv.F): processing
scrnc(scrnc_form_rcc_hbar_inv.f): compiling at 16:47:16
scrnc(scrnc_get2ints.F): processing
scrnc(scrnc_get2ints.f): compiling at 16:47:16
scrnc(scrnc_getaoinf.F): processing
scrnc(scrnc_getaoinf.f): compiling at 16:47:17
scrnc(scrnc_get_pert_type.F): processing
scrnc(scrnc_get_pert_type.f): compiling at 16:47:17
scrnc(scrnc_i1tran.F): processing
scrnc(scrnc_i1tran.f): compiling at 16:47:17
scrnc(scrnc_jj_cc_lrspn.F): processing
scrnc(scrnc_jj_cc_lrspn.f): compiling at 16:47:17
scrnc(scrnc_jj_rcc_lrspn.F): processing
scrnc(scrnc_jj_rcc_lrspn.f): compiling at 16:47:18
scrnc(scrnc_load_vec.F): processing
scrnc(scrnc_load_vec.f): compiling at 16:47:18
scrnc(scrnc_lrspn_cc_main.F): processing
scrnc(scrnc_lrspn_cc_main.f): compiling at 16:47:18
scrnc(scrnc_lrspn_rcc_main.F): processing
scrnc(scrnc_lrspn_rcc_main.f): compiling at 16:47:18
scrnc(scrnc_main.F): processing
scrnc(scrnc_main.f): compiling at 16:47:19
scrnc(scrnc_make_lists.F): processing
scrnc(scrnc_make_lists.f): compiling at 16:47:19
scrnc(scrnc_newsize.F): processing
scrnc(scrnc_newsize.f): compiling at 16:47:19
scrnc(scrnc_prep_2ints.F): processing
scrnc(scrnc_prep_2ints.f): compiling at 16:47:19
scrnc(scrnc_prep_culomb_ints.F): processing
scrnc(scrnc_prep_culomb_ints.f): compiling at 16:47:20
scrnc(scrnc_prep_dipole_ints.F): processing
scrnc(scrnc_prep_dipole_ints.f): compiling at 16:47:20
scrnc(scrnc_rccd_dummy_inits.F): processing
scrnc(scrnc_rccd_dummy_inits.f): compiling at 16:47:20
scrnc(scrnc_rcc_hbar_inv.F): processing
scrnc(scrnc_rcc_hbar_inv.f): compiling at 16:47:20
scrnc(scrnc_reord_cols.F): processing
scrnc(scrnc_reord_cols.f): compiling at 16:47:20
scrnc(scrnc_reset_lsprn_cc_lists.F): processing
scrnc(scrnc_reset_lsprn_cc_lists.f): compiling at 16:47:21
scrnc(scrnc_reset_lsprn_rcc_lists.F): processing
scrnc(scrnc_reset_lsprn_rcc_lists.f): compiling at 16:47:21
scrnc(scrnc_savd.F): processing
scrnc(scrnc_savd.f): compiling at 16:47:21
scrnc(scrnc_set_dens_vars.F): processing
scrnc(scrnc_set_dens_vars.f): compiling at 16:47:21
scrnc(scrnc_set_vars.F): processing
scrnc(scrnc_set_vars.f): compiling at 16:47:21
scrnc(scrnc_sympack_aoints.F): processing
scrnc(scrnc_sympack_aoints.f): compiling at 16:47:22
scrnc(scrnc_vmo_toxx.F): processing
scrnc(scrnc_vmo_toxx.f): compiling at 16:47:22
scrnc(scrnc_xxxx_pqxx.F): processing
scrnc(scrnc_xxxx_pqxx.f): compiling at 16:47:22

Object files are up-to-date.

Archiving objects

Linking binary
Stripping binary if necessary

Installing the library as:
   /home/perera/Develop/lib/libscrnc.a

The installed library is up-to-date.

Installing the binary as:
   /home/perera/Develop/bin/xscrnc

The installed binary is up-to-date.
gmake[1]: Leaving directory '/home/perera/Develop/ACESII_build/scrnc'
gmake[1]: Entering directory '/home/perera/Develop/ACESII_build/tdcc2'
tdcc2(check_l.F): processing
tdcc2(check_l.f): compiling at 16:47:24
tdcc2(check_t.F): processing
tdcc2(check_t.f): compiling at 16:47:24
tdcc2(tdcc_0_debug.F): processing
tdcc2(tdcc_0_debug.f): compiling at 16:47:24
tdcc2(tdcc2_main.F): processing
tdcc2(tdcc2_main.f): compiling at 16:47:25
tdcc2(tdcc_built_ac_func.F): processing
tdcc2(tdcc_built_ac_func.f): compiling at 16:47:25
tdcc2(tdcc_driver.F): processing
tdcc2(tdcc_driver.f): compiling at 16:47:25
tdcc2(tdcc_form_lists.F): processing
tdcc2(tdcc_form_lists.f): compiling at 16:47:25
tdcc2(tdcc_form_mu_0_0.F): processing
tdcc2(tdcc_form_mu_0_0.f): compiling at 16:47:26
tdcc2(tdcc_form_mu_0_s.F): processing
tdcc2(tdcc_form_mu_0_s.f): compiling at 16:47:26
tdcc2(tdcc_form_mu_dot_0.F): processing
tdcc2(tdcc_form_mu_dot_0.f): compiling at 16:47:26
tdcc2(tdcc_form_mu_dot_da.F): processing
tdcc2(tdcc_form_mu_dot_da.f): compiling at 16:47:26
tdcc2(tdcc_form_mu_dot_db.F): processing
tdcc2(tdcc_form_mu_dot_db.f): compiling at 16:47:26
tdcc2(tdcc_form_mu_dot_d.F): processing
tdcc2(tdcc_form_mu_dot_d.f): compiling at 16:47:27
tdcc2(tdcc_form_mu_dot_sa.F): processing
tdcc2(tdcc_form_mu_dot_sa.f): compiling at 16:47:27
tdcc2(tdcc_form_mu_dot_s.F): processing
tdcc2(tdcc_form_mu_dot_s.f): compiling at 16:47:27
tdcc2(tdcc_form_mutilde_0_0.F): processing
tdcc2(tdcc_form_mutilde_0_0.f): compiling at 16:47:27
tdcc2(tdcc_form_mutilde_0_d_rhf.F): processing
tdcc2(tdcc_form_mutilde_0_d_rhf.f): compiling at 16:47:28
tdcc2(tdcc_form_mutilde_0_d_uhf.F): processing
tdcc2(tdcc_form_mutilde_0_d_uhf.f): compiling at 16:47:28
tdcc2(tdcc_form_mutilde_0_s.F): processing
tdcc2(tdcc_form_mutilde_0_s.f): compiling at 16:47:28
tdcc2(tdcc_form_mutilde_dot_da.F): processing
tdcc2(tdcc_form_mutilde_dot_da.f): compiling at 16:47:28
tdcc2(tdcc_form_mutilde_dot_db.F): processing
tdcc2(tdcc_form_mutilde_dot_db.f): compiling at 16:47:29
tdcc2(tdcc_form_mutilde_dot_dc_rhf.F): processing
tdcc2(tdcc_form_mutilde_dot_dc_rhf.f): compiling at 16:47:29
tdcc2(tdcc_form_mutilde_dot_dc_uhf.F): processing
tdcc2(tdcc_form_mutilde_dot_dc_uhf.f): compiling at 16:47:29
tdcc2(tdcc_form_mutilde_dot_dd.F): processing
tdcc2(tdcc_form_mutilde_dot_dd.f): compiling at 16:47:29
tdcc2(tdcc_form_mutilde_dot_d.F): processing
tdcc2(tdcc_form_mutilde_dot_d.f): compiling at 16:47:30
tdcc2(tdcc_form_mutilde_dot_sa.F): processing
tdcc2(tdcc_form_mutilde_dot_sa.f): compiling at 16:47:30
tdcc2(tdcc_form_mutilde_dot_sb.F): processing
tdcc2(tdcc_form_mutilde_dot_sb.f): compiling at 16:47:30
tdcc2(tdcc_form_mutilde_dot_sc.F): processing
tdcc2(tdcc_form_mutilde_dot_sc.f): compiling at 16:47:30
tdcc2(tdcc_form_mutilde_dot_s.F): processing
tdcc2(tdcc_form_mutilde_dot_s.f): compiling at 16:47:31
tdcc2(tdcc_get_pert_type.F): processing
tdcc2(tdcc_get_pert_type.f): compiling at 16:47:31
tdcc2(tdcc_load_mutilde_vo.F): processing
tdcc2(tdcc_load_mutilde_vo.f): compiling at 16:47:31
tdcc2(tdcc_load_mu_vo.F): processing
tdcc2(tdcc_load_mu_vo.f): compiling at 16:47:31
tdcc2(tdcc_mu_dot_da_debug.F): processing
tdcc2(tdcc_mu_dot_da_debug.f): compiling at 16:47:32
tdcc2(tdcc_mu_dot_db_debug.F): processing
tdcc2(tdcc_mu_dot_db_debug.f): compiling at 16:47:32
tdcc2(tdcc_mutilde_0_d_rhf_debug.F): processing
tdcc2(tdcc_mutilde_0_d_rhf_debug.f): compiling at 16:47:32
tdcc2(tdcc_mutilde_0_d_uhf_debug.F): processing
tdcc2(tdcc_mutilde_0_d_uhf_debug.f): compiling at 16:47:32
tdcc2(tdcc_mutilde_0_s_debug.F): processing
tdcc2(tdcc_mutilde_0_s_debug.f): compiling at 16:47:33
tdcc2(tdcc_mutilde_dot_da_debug.F): processing
tdcc2(tdcc_mutilde_dot_da_debug.f): compiling at 16:47:33
tdcc2(tdcc_mutilde_dot_db_debug.F): processing
tdcc2(tdcc_mutilde_dot_db_debug.f): compiling at 16:47:33
tdcc2(tdcc_prep_dipole_ints.F): processing
tdcc2(tdcc_prep_dipole_ints.f): compiling at 16:47:33
tdcc2(tdcc_reset_lists.F): processing
tdcc2(tdcc_reset_lists.f): compiling at 16:47:34
tdcc2(tdcc_sa1_l_debug.F): processing
tdcc2(tdcc_sa1_l_debug.f): compiling at 16:47:34
tdcc2(tdcc_sa1_r_debug.F): processing
tdcc2(tdcc_sa1_r_debug.f): compiling at 16:47:34
tdcc2(tdcc_sa2_l_debug.F): processing
tdcc2(tdcc_sa2_l_debug.f): compiling at 16:47:34
tdcc2(tdcc_sa2_r_debug.F): processing
tdcc2(tdcc_sa2_r_debug.f): compiling at 16:47:35
tdcc2(tdcc_sb_l_debug.F): processing
tdcc2(tdcc_sb_l_debug.f): compiling at 16:47:35
tdcc2(tdcc_sc_l_debug.F): processing
tdcc2(tdcc_sc_l_debug.f): compiling at 16:47:35
tdcc2(vecprd_22.F): processing
tdcc2(vecprd_22.f): compiling at 16:47:35
tdcc2(getdt1.f): compiling at 16:47:36

Object files are up-to-date.

Archiving objects

Linking binary
Stripping binary if necessary

Installing the library as:
   /home/perera/Develop/lib/libtdcc2.a

The installed library is up-to-date.

Installing the binary as:
   /home/perera/Develop/bin/xtdcc2

The installed binary is up-to-date.
gmake[1]: Leaving directory '/home/perera/Develop/ACESII_build/tdcc2'
gmake[1]: Entering directory '/home/perera/Develop/ACESII_build/tdee'
tdee(check_lanczos.F): processing
tdee(check_lanczos.f): compiling at 16:47:37
tdee(check_l.F): processing
tdee(check_l.f): compiling at 16:47:38
tdee(check_lists.F): processing
tdee(check_lists.f): compiling at 16:47:38
tdee(check_source_lists.F): processing
tdee(check_source_lists.f): compiling at 16:47:38
tdee(check_target_lists.F): processing
tdee(check_target_lists.f): compiling at 16:47:38
tdee(check_t.F): processing
tdee(check_t.f): compiling at 16:47:38
tdee(lanczos_light_v0.F): processing
tdee(lanczos_light_v0.f): compiling at 16:47:39
tdee(lanczos_light_v1.F): processing
tdee(lanczos_light_v1.f): compiling at 16:47:39
tdee(lanczos_light_v2.F): processing
tdee(lanczos_light_v2.f): compiling at 16:47:39
tdee(read_lanczos_vars.F): processing
tdee(read_lanczos_vars.f): compiling at 16:47:40
tdee(rkf45.F): processing
tdee(rkf45.f): compiling at 16:47:40
tdee(rkf45_light.F): processing
tdee(rkf45_light.f): compiling at 16:47:40
tdee(shampine_gordon.F): processing
tdee(shampine_gordon.f): compiling at 16:47:41
tdee(tdee_ac_debug.F): processing
tdee(tdee_ac_debug.f): compiling at 16:47:41
tdee(tdee_addoneh.F): processing
tdee(tdee_addoneh.f): compiling at 16:47:41
tdee(tdee_aoladlst.F): processing
tdee(tdee_aoladlst.f): compiling at 16:47:42
tdee(tdee_built_ac_func.F): processing
tdee(tdee_built_ac_func.f): compiling at 16:47:42
tdee(tdee_built_dp_rspns.F): processing
tdee(tdee_built_dp_rspns.f): compiling at 16:47:42
tdee(tdee_built_respn_den.F): processing
tdee(tdee_built_respn_den.f): compiling at 16:47:42
tdee(tdee_cnt3bod2.F): processing
tdee(tdee_cnt3bod2.f): compiling at 16:47:42
tdee(tdee_dens_oo.F): processing
tdee(tdee_dens_oo.f): compiling at 16:47:43
tdee(tdee_dens_vo.F): processing
tdee(tdee_dens_vo.f): compiling at 16:47:43
tdee(tdee_dens_vv.F): processing
tdee(tdee_dens_vv.f): compiling at 16:47:43
tdee(tdee_detncalc.F): processing
tdee(tdee_detncalc.f): compiling at 16:47:44
tdee(tdee_dfr1inr1.F): processing
tdee(tdee_dfr1inr1.f): compiling at 16:47:44
tdee(tdee_dfr2inr1.F): processing
tdee(tdee_dfr2inr1.f): compiling at 16:47:44
tdee(tdee_dft2int2.F): processing
tdee(tdee_dft2int2.f): compiling at 16:47:44
tdee(tdee_diag_trd.F): processing
tdee(tdee_diag_trd.f): compiling at 16:47:45
tdee(tdee_dladder2.F): processing
tdee(tdee_dladder2.f): compiling at 16:47:45
tdee(tdee_dladder.F): processing
tdee(tdee_dladder.f): compiling at 16:47:45
tdee(tdee_dmpgss.F): processing
tdee(tdee_dmpgss.f): compiling at 16:47:45
tdee(tdee_do_lanczos.F): processing
tdee(tdee_do_lanczos.f): compiling at 16:47:46
tdee(tdee_dr1inr1.F): processing
tdee(tdee_dr1inr1.f): compiling at 16:47:46
tdee(tdee_dr1inr2a.F): processing
tdee(tdee_dr1inr2a.f): compiling at 16:47:46
tdee(tdee_dr1inr2b.F): processing
tdee(tdee_dr1inr2b.f): compiling at 16:47:46
tdee(tdee_dr2inr1a.F): processing
tdee(tdee_dr2inr1a.f): compiling at 16:47:47
tdee(tdee_dr2inr1b.F): processing
tdee(tdee_dr2inr1b.f): compiling at 16:47:47
tdee(tdee_dr2inr2.F): processing
tdee(tdee_dr2inr2.f): compiling at 16:47:47
tdee(tdee_draolad.F): processing
tdee(tdee_draolad.f): compiling at 16:47:47
tdee(tdee_drhfrng.F): processing
tdee(tdee_drhfrng.f): compiling at 16:47:48
tdee(tdee_drhfrng_modf.F): processing
tdee(tdee_drhfrng_modf.f): compiling at 16:47:48
tdee(tdee_driver.F): processing
tdee(tdee_driver.f): compiling at 16:47:48
tdee(tdee_duhfrng.F): processing
tdee(tdee_duhfrng.f): compiling at 16:47:48
tdee(tdee_duhfrng_modf.F): processing
tdee(tdee_duhfrng_modf.f): compiling at 16:47:49
tdee(tdee_dump_vec.F): processing
tdee(tdee_dump_vec.f): compiling at 16:47:49
tdee(tdee_form_lists.F): processing
tdee(tdee_form_lists.f): compiling at 16:47:49
tdee(tdee_form_mubar_00.F): processing
tdee(tdee_form_mubar_00.f): compiling at 16:47:49
tdee(tdee_form_mubar_d_rhf.F): processing
tdee(tdee_form_mubar_d_rhf.f): compiling at 16:47:50
tdee(tdee_form_mubar_d_uhf.F): processing
tdee(tdee_form_mubar_d_uhf.f): compiling at 16:47:50
tdee(tdee_form_mubar_s.F): processing
tdee(tdee_form_mubar_s.f): compiling at 16:47:50
tdee(tdee_form_nondiag_state.F): processing
tdee(tdee_form_nondiag_state.f): compiling at 16:47:50
tdee(tdee_formq1.F): processing
tdee(tdee_formq1.f): compiling at 16:47:51
tdee(tdee_form_restart_lists.F): processing
tdee(tdee_form_restart_lists.f): compiling at 16:47:51
tdee(tdee_get_derivatives.F): processing
tdee(tdee_get_derivatives.f): compiling at 16:47:51
tdee(tdee_getdt1.F): processing
tdee(tdee_getdt1.f): compiling at 16:47:51
tdee(tdee_get_pert_type.F): processing
tdee(tdee_get_pert_type.f): compiling at 16:47:52
tdee(tdee_gformg2.F): processing
tdee(tdee_gformg2.f): compiling at 16:47:52
tdee(tdee_gformg.F): processing
tdee(tdee_gformg.f): compiling at 16:47:52
tdee(tdee_ginc1l.F): processing
tdee(tdee_ginc1l.f): compiling at 16:47:53
tdee(tdee_ginc2l.F): processing
tdee(tdee_ginc2l.f): compiling at 16:47:53
tdee(tdee_gs_ortho_lr.F): processing
tdee(tdee_gs_ortho_lr.f): compiling at 16:47:53
tdee(tdee_gs_ortho_rl.F): processing
tdee(tdee_gs_ortho_rl.f): compiling at 16:47:53
tdee(tdee_gt2xf.F): processing
tdee(tdee_gt2xf.f): compiling at 16:47:54
tdee(tdee_hbar_mult.F): processing
tdee(tdee_hbar_mult.f): compiling at 16:47:54
tdee(tdee_init_global_vars.F): processing
tdee(tdee_init_global_vars.f): compiling at 16:47:54
tdee(tdee_init_lists.F): processing
tdee(tdee_init_lists.f): compiling at 16:47:54
tdee(tdee_l1w1.F): processing
tdee(tdee_l1w1.f): compiling at 16:47:54
tdee(tdee_lanczos_main.F): processing
tdee(tdee_lanczos_main.f): compiling at 16:47:55
tdee(tdee_load_init_vec.F): processing
tdee(tdee_load_init_vec.f): compiling at 16:47:55
tdee(tdee_load_vec.F): processing
tdee(tdee_load_vec.f): compiling at 16:47:55
tdee(tdee_main.F): processing
tdee(tdee_main.f): compiling at 16:47:55
tdee(tdee_makess.F): processing
tdee(tdee_makess.f): compiling at 16:47:56
tdee(tdee_modf.F): processing
tdee(tdee_modf.f): compiling at 16:47:56
tdee(tdee_modifyt2.F): processing
tdee(tdee_modifyt2.f): compiling at 16:47:56
tdee(tdee_normaliz_init_vec.F): processing
tdee(tdee_normaliz_init_vec.f): compiling at 16:47:56
tdee(tdee_pdcc_dft2int2.F): processing
tdee(tdee_pdcc_dft2int2.f): compiling at 16:47:57
tdee(tdee_pdcc_w1lad.F): processing
tdee(tdee_pdcc_w1lad.f): compiling at 16:47:57
tdee(tdee_pes_ode.F): processing
tdee(tdee_pes_ode.f): compiling at 16:47:57
tdee(tdee_prep_dipole_ints.F): processing
tdee(tdee_prep_dipole_ints.f): compiling at 16:47:57
tdee(tdee_prep_qdpole_ints.F): processing
tdee(tdee_prep_qdpole_ints.f): compiling at 16:47:58
tdee(tdee_read_from_restart.F): processing
tdee(tdee_read_from_restart.f): compiling at 16:47:58
tdee(tdee_read_tintgrt_vars.F): processing
tdee(tdee_read_tintgrt_vars.f): compiling at 16:47:58
tdee(tdee_record_restart.F): processing
tdee(tdee_record_restart.f): compiling at 16:47:58
tdee(tdee_redgss.F): processing
tdee(tdee_redgss.f): compiling at 16:47:59
tdee(tdee_reset_lists.F): processing
tdee(tdee_reset_lists.f): compiling at 16:47:59
tdee(tdee_reset_vars_4restart.F): processing
tdee(tdee_reset_vars_4restart.f): compiling at 16:47:59
tdee(tdee_resort.F): processing
tdee(tdee_resort.f): compiling at 16:47:59
tdee(tdee_return_mubar_dot.F): processing
tdee(tdee_return_mubar_dot.f): compiling at 16:48:00
tdee(tdee_rsdsnsd.F): processing
tdee(tdee_rsdsnsd.f): compiling at 16:48:00
tdee(tdee_savd.F): processing
tdee(tdee_savd.f): compiling at 16:48:00
tdee(tdee_saved.F): processing
tdee(tdee_saved.f): compiling at 16:48:00
tdee(tdee_save_initial_state.F): processing
tdee(tdee_save_initial_state.f): compiling at 16:48:01
tdee(tdee_screen_eigs_light.F): processing
tdee(tdee_screen_eigs_light.f): compiling at 16:48:01
tdee(tdee_screen_eigs_strict.F): processing
tdee(tdee_screen_eigs_strict.f): compiling at 16:48:01
tdee(tdee_set_vars.F): processing
tdee(tdee_set_vars.f): compiling at 16:48:01
tdee(tdee_t1w1.F): processing
tdee(tdee_t1w1.f): compiling at 16:48:02
tdee(tdee_t2toao.F): processing
tdee(tdee_t2toao.f): compiling at 16:48:02
tdee(tdee_time_propagate_rk45.F): processing
tdee(tdee_time_propagate_rk45.f): compiling at 16:48:02
tdee(tdee_time_propagate_sg.F): processing
tdee(tdee_time_propagate_sg.f): compiling at 16:48:02
tdee(tdee_w1lad.F): processing
tdee(tdee_w1lad.f): compiling at 16:48:03
tdee(tdee_z2tomo.F): processing
tdee(tdee_z2tomo.f): compiling at 16:48:03

Object files are up-to-date.

Archiving objects

Linking binary
Stripping binary if necessary

Installing the library as:
   /home/perera/Develop/lib/libtdee.a

The installed library is up-to-date.

Installing the binary as:
   /home/perera/Develop/bin/xtdee

The installed binary is up-to-date.
gmake[1]: Leaving directory '/home/perera/Develop/ACESII_build/tdee'
gmake[1]: Entering directory '/home/perera/Develop/ACESII_build/tdhf'
tdhf(absgrn.f): compiling at 16:48:05
tdhf(absols.f): compiling at 16:48:05
tdhf(bits.f): compiling at 16:48:05
tdhf(bstat.f): compiling at 16:48:05
tdhf(comdat.f): compiling at 16:48:06
tdhf(consor.f): compiling at 16:48:06
tdhf(const2.f): compiling at 16:48:06
tdhf(consw2.f): compiling at 16:48:06
tdhf(copy.f): compiling at 16:48:06
tdhf(cphfsx.f): compiling at 16:48:06
tdhf(dcor.f): compiling at 16:48:07
tdhf(dcshg.f): compiling at 16:48:07
tdhf(demao.f): compiling at 16:48:07
tdhf(denao.f): compiling at 16:48:07
tdhf(densm.f): compiling at 16:48:07
tdhf(densp.f): compiling at 16:48:07
tdhf(fimdo.f): compiling at 16:48:07
tdhf(findo.f): compiling at 16:48:07
tdhf(finvmx.f): compiling at 16:48:08
tdhf(fmok.f): compiling at 16:48:08
tdhf(fmol.f): compiling at 16:48:08
tdhf(fnok.f): compiling at 16:48:08
tdhf(fnol.f): compiling at 16:48:08
tdhf(gchfeq.f): compiling at 16:48:08
tdhf(grnstat.f): compiling at 16:48:09
tdhf(gstat.f): compiling at 16:48:09
tdhf(gtdfeq.f): compiling at 16:48:09
tdhf(idri.f): compiling at 16:48:09
tdhf(lineq0.f): compiling at 16:48:09
tdhf(lines1.f): compiling at 16:48:10
tdhf(matmul.f): compiling at 16:48:10
tdhf(mhouse.f): compiling at 16:48:10
tdhf(nonlin.f): compiling at 16:48:10
tdhf(oke.f): compiling at 16:48:10
tdhf(oneint.f): compiling at 16:48:11
tdhf(oneprs.f): compiling at 16:48:11
tdhf(outmxd.f): compiling at 16:48:11
tdhf(prpa.f): compiling at 16:48:11
tdhf(rpa0.f): compiling at 16:48:11
tdhf(rtaput.f): compiling at 16:48:11
tdhf(rtput.f): compiling at 16:48:11
tdhf(sdbeta.f): compiling at 16:48:12
tdhf(search.f): compiling at 16:48:12
tdhf(shg.f): compiling at 16:48:12
tdhf(stput.f): compiling at 16:48:12
tdhf(syminf.f): compiling at 16:48:12
tdhf(tdhf.f): compiling at 16:48:12
tdhf(tdhfmx.f): compiling at 16:48:13
tdhf(tdsolv.f): compiling at 16:48:13
tdhf(thg.f): compiling at 16:48:13
tdhf(tqli.f): compiling at 16:48:13
tdhf(tracep.f): compiling at 16:48:14
tdhf(transq.f): compiling at 16:48:14
tdhf(trput.f): compiling at 16:48:14
tdhf(tugen.f): compiling at 16:48:14
tdhf(ugen.f): compiling at 16:48:14
tdhf(ugrn.f): compiling at 16:48:14
tdhf(vmxm.f): compiling at 16:48:15
tdhf(zeroma.f): compiling at 16:48:15
tdhf(zyrpa.f): compiling at 16:48:15

Object files are up-to-date.

Archiving objects

Linking binary
Stripping binary if necessary

Installing the library as:
   /home/perera/Develop/lib/libtdhf.a

The installed library is up-to-date.

Installing the binary as:
   /home/perera/Develop/bin/xtdhf

The installed binary is up-to-date.
gmake[1]: Leaving directory '/home/perera/Develop/ACESII_build/tdhf'
gmake[1]: Entering directory '/home/perera/Develop/ACESII_build/vcc5q'
vcc5q(auxioi.F): processing
vcc5q(auxioi.f): compiling at 16:48:17
vcc5q(y10c.F): processing
vcc5q(y10c.f): compiling at 16:48:17
vcc5q(altmbej.f): compiling at 16:48:17
vcc5q(auxioo.f): compiling at 16:48:18
vcc5q(chksum.f): compiling at 16:48:18
vcc5q(cntrct.f): compiling at 16:48:18
vcc5q(drlad.f): compiling at 16:48:18
vcc5q(dry4y5.f): compiling at 16:48:18
vcc5q(dwmbej.f): compiling at 16:48:18
vcc5q(enabij.f): compiling at 16:48:18
vcc5q(feacont.f): compiling at 16:48:19
vcc5q(fmicont.f): compiling at 16:48:19
vcc5q(getlist.f): compiling at 16:48:19
vcc5q(ladab1.f): compiling at 16:48:19
vcc5q(mkofoo.f): compiling at 16:48:19
vcc5q(mkofvo.f): compiling at 16:48:20
vcc5q(mkofvv.f): compiling at 16:48:20
vcc5q(output.f): compiling at 16:48:21
vcc5q(putlist.f): compiling at 16:48:21
vcc5q(q2aa.f): compiling at 16:48:21
vcc5q(q2ab.f): compiling at 16:48:21
vcc5q(q3aa.f): compiling at 16:48:21
vcc5q(q3ab.f): compiling at 16:48:21
vcc5q(quad2.f): compiling at 16:48:22
vcc5q(quad3.f): compiling at 16:48:22
vcc5q(sumblk.f): compiling at 16:48:22
vcc5q(t4.f): compiling at 16:48:22
vcc5q(y10a.f): compiling at 16:48:22
vcc5q(y10b.f): compiling at 16:48:23
vcc5q(y12a.f): compiling at 16:48:23
vcc5q(y12b.f): compiling at 16:48:23
vcc5q(y12c.f): compiling at 16:48:24
vcc5q(y13a.f): compiling at 16:48:24
vcc5q(y13b.f): compiling at 16:48:24
vcc5q(y13c.f): compiling at 16:48:24
vcc5q(y13d.f): compiling at 16:48:25
vcc5q(y14a.f): compiling at 16:48:25
vcc5q(y14b.f): compiling at 16:48:25
vcc5q(y14c.f): compiling at 16:48:25
vcc5q(y14d.f): compiling at 16:48:26
vcc5q(y8.f): compiling at 16:48:26

Object files are up-to-date.

Archiving objects

Linking binary
Stripping binary if necessary

Installing the library as:
   /home/perera/Develop/lib/libvcc5q.a

The installed library is up-to-date.

Installing the binary as:
   /home/perera/Develop/bin/xvcc5q

The installed binary is up-to-date.
gmake[1]: Leaving directory '/home/perera/Develop/ACESII_build/vcc5q'
gmake[1]: Entering directory '/home/perera/Develop/ACESII_build/vcc5t'
vcc5t(auxioi.F): processing
vcc5t(auxioi.f): compiling at 16:48:28
vcc5t(getallt3.F): processing
vcc5t(getallt3.f): compiling at 16:48:28
vcc5t(getlist.F): processing
vcc5t(getlist.f): compiling at 16:48:28
vcc5t(mkd314.F): processing
vcc5t(mkd314.f): compiling at 16:48:28
vcc5t(mkd32.F): processing
vcc5t(mkd32.f): compiling at 16:48:29
vcc5t(mkd33.F): processing
vcc5t(mkd33.f): compiling at 16:48:29
vcc5t(nonit3.F): processing
vcc5t(nonit3.f): compiling at 16:48:29
vcc5t(ocsymtr1.F): processing
vcc5t(ocsymtr1.f): compiling at 16:48:29
vcc5t(pullit.F): processing
vcc5t(pullit.f): compiling at 16:48:30
vcc5t(putallt3.F): processing
vcc5t(putallt3.f): compiling at 16:48:30
vcc5t(putlist.F): processing
vcc5t(putlist.f): compiling at 16:48:30
vcc5t(trps14.F): processing
vcc5t(trps14.f): compiling at 16:48:30
vcc5t(trps2.F): processing
vcc5t(trps2.f): compiling at 16:48:30
vcc5t(trps3.F): processing
vcc5t(trps3.f): compiling at 16:48:31
vcc5t(trps.F): processing
vcc5t(trps.f): compiling at 16:48:31
vcc5t(absorb.f): compiling at 16:48:31
vcc5t(assym3.f): compiling at 16:48:31
vcc5t(at2iab.f): compiling at 16:48:32
vcc5t(auxioo.f): compiling at 16:48:32
vcc5t(ccenrg.f): compiling at 16:48:32
vcc5t(csdt4.f): compiling at 16:48:32
vcc5t(d1t14.f): compiling at 16:48:32
vcc5t(d1t2new.f): compiling at 16:48:32
vcc5t(d1t3.f): compiling at 16:48:33
vcc5t(dimt3.f): compiling at 16:48:33
vcc5t(dumpit.f): compiling at 16:48:33
vcc5t(e4tijk.f): compiling at 16:48:33
vcc5t(expsc2.f): compiling at 16:48:33
vcc5t(expsc3.f): compiling at 16:48:34
vcc5t(expw2.f): compiling at 16:48:34
vcc5t(expw.f): compiling at 16:48:34
vcc5t(getaaa.f): compiling at 16:48:34
vcc5t(getaba.f): compiling at 16:48:34
vcc5t(getabb.f): compiling at 16:48:34
vcc5t(hbarcrap.f): compiling at 16:48:34
vcc5t(mkofoo.f): compiling at 16:48:35
vcc5t(mkofov.f): compiling at 16:48:35
vcc5t(mkofvo.f): compiling at 16:48:35
vcc5t(mkofvv.f): compiling at 16:48:36
vcc5t(offt3.f): compiling at 16:48:36
vcc5t(reset.f): compiling at 16:48:37
vcc5t(rmd314.f): compiling at 16:48:37
vcc5t(s1s214n.f): compiling at 16:48:37
vcc5t(s1s223n.f): compiling at 16:48:37
vcc5t(s1wt2.f): compiling at 16:48:37
vcc5t(setlwi.f): compiling at 16:48:38
vcc5t(setooov.f): compiling at 16:48:38
vcc5t(setvovo.f): compiling at 16:48:38
vcc5t(sumblk.f): compiling at 16:48:38
vcc5t(symabcd.f): compiling at 16:48:38
vcc5t(symcontw.f): compiling at 16:48:38
vcc5t(symexpt3.f): compiling at 16:48:39
vcc5t(symtrw2.f): compiling at 16:48:39
vcc5t(symw2.f): compiling at 16:48:39
vcc5t(t3ft314o.f): compiling at 16:48:39
vcc5t(t3ft314v.f): compiling at 16:48:39
vcc5t(t3ft323o.f): compiling at 16:48:39
vcc5t(t3ft323v.f): compiling at 16:48:39
vcc5t(t3wt314hh.f): compiling at 16:48:40
vcc5t(t3wt314p.f): compiling at 16:48:40
vcc5t(t3wt314r.f): compiling at 16:48:40
vcc5t(t3wt323hh.f): compiling at 16:48:40
vcc5t(t3wt323p.f): compiling at 16:48:40
vcc5t(t3wt323r.f): compiling at 16:48:40
vcc5t(trpint.f): compiling at 16:48:41
vcc5t(tspabci2.f): compiling at 16:48:41
vcc5t(tspabci.f): compiling at 16:48:41

Object files are up-to-date.

Archiving objects

Linking binary
Stripping binary if necessary

Installing the library as:
   /home/perera/Develop/lib/libvcc5t.a

The installed library is up-to-date.

Installing the binary as:
   /home/perera/Develop/bin/xvcc5t

The installed binary is up-to-date.
gmake[1]: Leaving directory '/home/perera/Develop/ACESII_build/vcc5t'
gmake[1]: Entering directory '/home/perera/Develop/ACESII_build/vibavg'
vibavg(big_reori_mat.F): processing
vibavg(big_reori_mat.f): compiling at 16:48:43
vibavg(cfc_2cm.F): processing
vibavg(cfc_2cm.f): compiling at 16:48:43
vibavg(finalize.F): processing
vibavg(finalize.f): compiling at 16:48:43
vibavg(fixdummy.F): processing
vibavg(fixdummy.f): compiling at 16:48:44
vibavg(form_1dprop_deriv_eq.F): processing
vibavg(form_1dprop_deriv_eq.f): compiling at 16:48:44
vibavg(form_1dprop_deriv.F): processing
vibavg(form_1dprop_deriv.f): compiling at 16:48:44
vibavg(form_1dshift_deriv_eq.F): processing
vibavg(form_1dshift_deriv_eq.f): compiling at 16:48:44
vibavg(form_1dshift_deriv.F): processing
vibavg(form_1dshift_deriv.f): compiling at 16:48:44
vibavg(form_2dprop_deriv_eq.F): processing
vibavg(form_2dprop_deriv_eq.f): compiling at 16:48:45
vibavg(form_2dprop_deriv.F): processing
vibavg(form_2dprop_deriv.f): compiling at 16:48:45
vibavg(get_cfc_contr.F): processing
vibavg(get_cfc_contr.f): compiling at 16:48:45
vibavg(get_cfc.F): processing
vibavg(get_cfc.f): compiling at 16:48:45
vibavg(get_fc.F): processing
vibavg(get_fc.f): compiling at 16:48:46
vibavg(get_force_values.F): processing
vibavg(get_force_values.f): compiling at 16:48:46
vibavg(get_grad_values.F): processing
vibavg(get_grad_values.f): compiling at 16:48:46
vibavg(get_isodata.F): processing
vibavg(get_isodata.f): compiling at 16:48:46
vibavg(get_nmodes.F): processing
vibavg(get_nmodes.f): compiling at 16:48:47
vibavg(get_prop_values.F): processing
vibavg(get_prop_values.f): compiling at 16:48:47
vibavg(get_reorient.F): processing
vibavg(get_reorient.f): compiling at 16:48:47
vibavg(get_sum_shifts.F): processing
vibavg(get_sum_shifts.f): compiling at 16:48:47
vibavg(get_sum_spincc.F): processing
vibavg(get_sum_spincc.f): compiling at 16:48:47
vibavg(hproject_main.F): processing
vibavg(hproject_main.f): compiling at 16:48:48
vibavg(massw_cfc.F): processing
vibavg(massw_cfc.f): compiling at 16:48:48
vibavg(print_cfc.F): processing
vibavg(print_cfc.f): compiling at 16:48:48
vibavg(print_shifts_tensor.F): processing
vibavg(print_shifts_tensor.f): compiling at 16:48:48
vibavg(print_spncc_tensor.F): processing
vibavg(print_spncc_tensor.f): compiling at 16:48:49
vibavg(prntlo_tensor.F): processing
vibavg(prntlo_tensor.f): compiling at 16:48:49
vibavg(project_fc.F): processing
vibavg(project_fc.f): compiling at 16:48:49
vibavg(reord_2zmat.F): processing
vibavg(reord_2zmat.f): compiling at 16:48:49
vibavg(reorder.F): processing
vibavg(reorder.f): compiling at 16:48:50
vibavg(reorient_cfc.F): processing
vibavg(reorient_cfc.f): compiling at 16:48:50
vibavg(reorient_fc.F): processing
vibavg(reorient_fc.f): compiling at 16:48:50
vibavg(reorient_grd.F): processing
vibavg(reorient_grd.f): compiling at 16:48:50
vibavg(sqrt_diags.F): processing
vibavg(sqrt_diags.f): compiling at 16:48:51
vibavg(symmet_cfc.F): processing
vibavg(symmet_cfc.f): compiling at 16:48:51
vibavg(test.F): processing
vibavg(test.f): compiling at 16:48:51
vibavg(trans_2nodim_coords.F): processing
vibavg(trans_2nodim_coords.f): compiling at 16:48:51
vibavg(trans_cart_2norml_cfc.F): processing
vibavg(trans_cart_2norml_cfc.f): compiling at 16:48:51
vibavg(trans_derv_shifts.F): processing
vibavg(trans_derv_shifts.f): compiling at 16:48:52
vibavg(trans_derv_spncc.F): processing
vibavg(trans_derv_spncc.f): compiling at 16:48:52
vibavg(vibavg_driver.F): processing
vibavg(vibavg_driver.f): compiling at 16:48:52
vibavg(vibavg_lvl0.F): processing
vibavg(vibavg_lvl0.f): compiling at 16:48:53
vibavg(vibavg_lvl0_shifts_1der.F): processing
vibavg(vibavg_lvl0_shifts_1der.f): compiling at 16:48:53
vibavg(vibavg_lvl0_shifts_2der.F): processing
vibavg(vibavg_lvl0_shifts_2der.f): compiling at 16:48:53
vibavg(vibavg_lvl0_spincc_1der.F): processing
vibavg(vibavg_lvl0_spincc_1der.f): compiling at 16:48:53
vibavg(vibavg_lvl0_spincc_2der.F): processing
vibavg(vibavg_lvl0_spincc_2der.f): compiling at 16:48:54
vibavg(vibavg_main.F): processing
vibavg(vibavg_main.f): compiling at 16:48:54

Object files are up-to-date.

Archiving objects

Linking binary
Stripping binary if necessary

Installing the library as:
   /home/perera/Develop/lib/libvibavg.a

The installed library is up-to-date.

Installing the binary as:
   /home/perera/Develop/bin/xvibavg

The installed binary is up-to-date.
gmake[1]: Leaving directory '/home/perera/Develop/ACESII_build/vibavg'
gmake[1]: Entering directory '/home/perera/Develop/ACESII_build/vip'
vip(assymall_hhp.F): processing
vip(assymall_hhp.f): compiling at 16:48:56
vip(augmentr.F): processing
vip(augmentr.f): compiling at 16:48:56
vip(calcexcp.F): processing
vip(calcexcp.f): compiling at 16:48:56
vip(calch0.F): processing
vip(calch0.f): compiling at 16:48:56
vip(check_ab2aa.F): processing
vip(check_ab2aa.f): compiling at 16:48:57
vip(checkhbar.F): processing
vip(checkhbar.f): compiling at 16:48:57
vip(check_ipvecs.F): processing
vip(check_ipvecs.f): compiling at 16:48:57
vip(contract_t2q.F): processing
vip(contract_t2q.f): compiling at 16:48:57
vip(contract_w2s2.F): processing
vip(contract_w2s2.f): compiling at 16:48:57
vip(create_iplist.F): processing
vip(create_iplist.f): compiling at 16:48:58
vip(diagr.F): processing
vip(diagr.f): compiling at 16:48:58
vip(drive_vip.F): processing
vip(drive_vip.f): compiling at 16:48:58
vip(extract_block.F): processing
vip(extract_block.f): compiling at 16:48:58
vip(fix_aaa.F): processing
vip(fix_aaa.f): compiling at 16:48:59
vip(fndclose.F): processing
vip(fndclose.f): compiling at 16:48:59
vip(fndmine.F): processing
vip(fndmine.f): compiling at 16:48:59
vip(getalls2_hhp.F): processing
vip(getalls2_hhp.f): compiling at 16:48:59
vip(getexp2_hhp.F): processing
vip(getexp2_hhp.f): compiling at 16:49:00
vip(getlen_hhp2.F): processing
vip(getlen_hhp2.f): compiling at 16:49:00
vip(getlen_hhp.F): processing
vip(getlen_hhp.f): compiling at 16:49:00
vip(getnip.F): processing
vip(getnip.f): compiling at 16:49:00
vip(gsorthog_ip.F): processing
vip(gsorthog_ip.f): compiling at 16:49:01
vip(h1s2_vv_cntrct.F): processing
vip(h1s2_vv_cntrct.f): compiling at 16:49:01
vip(hc_mult.F): processing
vip(hc_mult.f): compiling at 16:49:01
vip(init_ipeomdav.F): processing
vip(init_ipeomdav.f): compiling at 16:49:01
vip(init_ipeom.F): processing
vip(init_ipeom.f): compiling at 16:49:01
vip(initleft.F): processing
vip(initleft.f): compiling at 16:49:02
vip(initnumr_ip.F): processing
vip(initnumr_ip.f): compiling at 16:49:02
vip(ipdavid.F): processing
vip(ipdavid.f): compiling at 16:49:02
vip(ip_newlist.F): processing
vip(ip_newlist.f): compiling at 16:49:02
vip(loads_ipvec.F): processing
vip(loads_ipvec.f): compiling at 16:49:03
vip(modf_vip.F): processing
vip(modf_vip.f): compiling at 16:49:03
vip(modwphph_ipeom.F): processing
vip(modwphph_ipeom.f): compiling at 16:49:03
vip(norml_ip.F): processing
vip(norml_ip.f): compiling at 16:49:03
vip(normvec.F): processing
vip(normvec.f): compiling at 16:49:03
vip(print_hhp.F): processing
vip(print_hhp.f): compiling at 16:49:04
vip(prmains_ip.F): processing
vip(prmains_ip.f): compiling at 16:49:04
vip(putalls2_hhp.F): processing
vip(putalls2_hhp.f): compiling at 16:49:04
vip(puts_hhp.F): processing
vip(puts_hhp.f): compiling at 16:49:04
vip(putsqz_hhp.F): processing
vip(putsqz_hhp.f): compiling at 16:49:05
vip(read_s2old.F): processing
vip(read_s2old.f): compiling at 16:49:05
vip(resvec.F): processing
vip(resvec.f): compiling at 16:49:05
vip(s1hhs1.F): processing
vip(s1hhs1.f): compiling at 16:49:05
vip(s1hps2.F): processing
vip(s1hps2.f): compiling at 16:49:06
vip(s1phhhs2.F): processing
vip(s1phhhs2.f): compiling at 16:49:06
vip(s2ab_2s2aa.F): processing
vip(s2ab_2s2aa.f): compiling at 16:49:06
vip(s2hhhhs2.F): processing
vip(s2hhhhs2.f): compiling at 16:49:06
vip(s2hhppt2s2.F): processing
vip(s2hhppt2s2.f): compiling at 16:49:07
vip(s2hhs2_1l.F): processing
vip(s2hhs2_1l.f): compiling at 16:49:07
vip(s2hhs2_1r.F): processing
vip(s2hhs2_1r.f): compiling at 16:49:07
vip(s2hhs2_2l.F): processing
vip(s2hhs2_2l.f): compiling at 16:49:07
vip(s2hhs2_2r.F): processing
vip(s2hhs2_2r.f): compiling at 16:49:08
vip(s2hphhs1.F): processing
vip(s2hphhs1.f): compiling at 16:49:08
vip(s2hpphs2.F): processing
vip(s2hpphs2.f): compiling at 16:49:08
vip(s2hps1.F): processing
vip(s2hps1.f): compiling at 16:49:08
vip(s2phphs2.F): processing
vip(s2phphs2.f): compiling at 16:49:08
vip(s2pps2.F): processing
vip(s2pps2.f): compiling at 16:49:09
vip(setzero_ip.F): processing
vip(setzero_ip.f): compiling at 16:49:09
vip(solve_ipeom.F): processing
vip(solve_ipeom.f): compiling at 16:49:09
vip(spntsing.F): processing
vip(spntsing.f): compiling at 16:49:09
vip(tableip.F): processing
vip(tableip.f): compiling at 16:49:10
vip(trnspace.F): processing
vip(trnspace.f): compiling at 16:49:10
vip(truncate.F): processing
vip(truncate.f): compiling at 16:49:10
vip(vip.F): processing
vip(vip.f): compiling at 16:49:10
vip(vv_contrct.F): processing
vip(vv_contrct.f): compiling at 16:49:11
vip(write_s2new.F): processing
vip(write_s2new.f): compiling at 16:49:11
vip(fndmaxd.f): compiling at 16:49:11
vip(vecdiv2.f): compiling at 16:49:11

Object files are up-to-date.

Archiving objects

Linking binary
Stripping binary if necessary

Installing the library as:
   /home/perera/Develop/lib/libvip.a

The installed library is up-to-date.

Installing the binary as:
   /home/perera/Develop/bin/xvip

The installed binary is up-to-date.
gmake[1]: Leaving directory '/home/perera/Develop/ACESII_build/vip'
gmake[1]: Entering directory '/home/perera/Develop/ACESII_build/vksdint'
vksdint(analgrad.F): processing
vksdint(analgrad.f): compiling at 16:49:13
vksdint(calcgrad.F): processing
vksdint(calcgrad.f): compiling at 16:49:13
vksdint(crtgridAG.F): processing
vksdint(crtgridAG.f): compiling at 16:49:13
vksdint(dismap.F): processing
vksdint(dismap.f): compiling at 16:49:14
vksdint(equi.F): processing
vksdint(equi.f): compiling at 16:49:14
vksdint(findwt.F): processing
vksdint(findwt.f): compiling at 16:49:14
vksdint(gaussprak.F): processing
vksdint(gaussprak.f): compiling at 16:49:14
vksdint(gradsymgen.F): processing
vksdint(gradsymgen.f): compiling at 16:49:14
vksdint(gradsymsum.F): processing
vksdint(gradsymsum.f): compiling at 16:49:15
vksdint(gtaoAG.F): processing
vksdint(gtaoAG.f): compiling at 16:49:15
vksdint(initgrid.F): processing
vksdint(initgrid.f): compiling at 16:49:15
vksdint(intconstAG.F): processing
vksdint(intconstAG.f): compiling at 16:49:15
vksdint(integAG.F): processing
vksdint(integAG.f): compiling at 16:49:16
vksdint(kkk.F): processing
vksdint(kkk.f): compiling at 16:49:16
vksdint(main.F): processing
vksdint(main.f): compiling at 16:49:16
vksdint(makdiaKS.F): processing
vksdint(makdiaKS.f): compiling at 16:49:16
vksdint(mkdenpra.F): processing
vksdint(mkdenpra.f): compiling at 16:49:17
vksdint(mkpra.F): processing
vksdint(mkpra.f): compiling at 16:49:17
vksdint(numintAG.F): processing
vksdint(numintAG.f): compiling at 16:49:17
vksdint(octag.F): processing
vksdint(octag.f): compiling at 16:49:17
vksdint(ppp.F): processing
vksdint(ppp.f): compiling at 16:49:18
vksdint(primvecint.F): processing
vksdint(primvecint.f): compiling at 16:49:18
vksdint(rotain.F): processing
vksdint(rotain.f): compiling at 16:49:18
vksdint(setbasHFKS.F): processing
vksdint(setbasHFKS.f): compiling at 16:49:18
vksdint(setupgrdag.F): processing
vksdint(setupgrdag.f): compiling at 16:49:18
vksdint(symatomap.F): processing
vksdint(symatomap.f): compiling at 16:49:18
vksdint(symoctag.F): processing
vksdint(symoctag.f): compiling at 16:49:19
vksdint(traSGC.F): processing
vksdint(traSGC.f): compiling at 16:49:19
vksdint(vhfksdint.F): processing
vksdint(vhfksdint.f): compiling at 16:49:19
vksdint(vksdint.F): processing
vksdint(vksdint.f): compiling at 16:49:19
vksdint(addfx.f): compiling at 16:49:19
vksdint(calcgradBB.f): compiling at 16:49:19
vksdint(dfai.f): compiling at 16:49:20
vksdint(formai.f): compiling at 16:49:20
vksdint(formfd.f): compiling at 16:49:20
vksdint(formij.f): compiling at 16:49:20
vksdint(formPRA.f): compiling at 16:49:20
vksdint(formsd.f): compiling at 16:49:20
vksdint(formz.f): compiling at 16:49:20
vksdint(gen_mis_grad.f): compiling at 16:49:20
vksdint(lineqz1.f): compiling at 16:49:21
vksdint(lineqz2.f): compiling at 16:49:21
vksdint(makdia1.f): compiling at 16:49:21
vksdint(matexp.f): compiling at 16:49:21
vksdint(mkarhf1.f): compiling at 16:49:21
vksdint(mkauhf.f): compiling at 16:49:21
vksdint(qrhfxtw1.f): compiling at 16:49:21
vksdint(qrhfz.f): compiling at 16:49:22
vksdint(reordc.f): compiling at 16:49:22
vksdint(rohfz.f): compiling at 16:49:22
vksdint(sdinoo.f): compiling at 16:49:22
vksdint(sdinvo.f): compiling at 16:49:22
vksdint(sxeval1.f): compiling at 16:49:22
vksdint(sxeval2.f): compiling at 16:49:22
vksdint(symc.f): compiling at 16:49:22
vksdint(wtrans.f): compiling at 16:49:23
vksdint(zjkapxia.f): compiling at 16:49:23

Object files are up-to-date.

Archiving objects

Linking binary
Stripping binary if necessary

Installing the library as:
   /home/perera/Develop/lib/libvksdint.a

The installed library is up-to-date.

Installing the binary as:
   /home/perera/Develop/bin/xvksdint

The installed binary is up-to-date.
gmake[1]: Leaving directory '/home/perera/Develop/ACESII_build/vksdint'
gmake[1]: Entering directory '/home/perera/Develop/ACESII_build/vprops'
vprops(angmom.F): processing
vprops(angmom.f): compiling at 16:49:24
vprops(attract.F): processing
vprops(attract.f): compiling at 16:49:25
vprops(augcnt.F): processing
vprops(augcnt.f): compiling at 16:49:25
vprops(diashil.F): processing
vprops(diashil.f): compiling at 16:49:25
vprops(dip_moment.F): processing
vprops(dip_moment.f): compiling at 16:49:25
vprops(gradpotnl.F): processing
vprops(gradpotnl.f): compiling at 16:49:25
vprops(incent.F): processing
vprops(incent.f): compiling at 16:49:26
vprops(input.F): processing
vprops(input.f): compiling at 16:49:26
vprops(magqmom.F): processing
vprops(magqmom.f): compiling at 16:49:26
vprops(main.F): processing
vprops(main.f): compiling at 16:49:27
vprops(props.F): processing
vprops(props.f): compiling at 16:49:27
vprops(putln.F): processing
vprops(putln.f): compiling at 16:49:27
vprops(sec_moment.F): processing
vprops(sec_moment.f): compiling at 16:49:28
vprops(secmom.F): processing
vprops(secmom.f): compiling at 16:49:28
vprops(aainer.f): compiling at 16:49:28
vprops(civpt.f): compiling at 16:49:28
vprops(dintfm.f): compiling at 16:49:28
vprops(dipvelo.f): compiling at 16:49:29
vprops(dumpj.f): compiling at 16:49:29
vprops(efint1.f): compiling at 16:49:29
vprops(efint.f): compiling at 16:49:29
vprops(figprp.f): compiling at 16:49:29
vprops(fildgr.f): compiling at 16:49:29
vprops(fldnuc.f): compiling at 16:49:29
vprops(fmc.f): compiling at 16:49:30
vprops(gaussl.f): compiling at 16:49:30
vprops(getcnt.f): compiling at 16:49:30
vprops(getsph.f): compiling at 16:49:30
vprops(gettype.f): compiling at 16:49:30
vprops(incent_ch.f): compiling at 16:49:30
vprops(intapd.f): compiling at 16:49:30
vprops(jacobi.f): compiling at 16:49:30
vprops(magdipl.f): compiling at 16:49:31
vprops(makd.f): compiling at 16:49:31
vprops(moi.f): compiling at 16:49:31
vprops(mxm.f): compiling at 16:49:31
vprops(mxmt.f): compiling at 16:49:31
vprops(olap.f): compiling at 16:49:31
vprops(opaa0.f): compiling at 16:49:31
vprops(orbdia.f): compiling at 16:49:32
vprops(orbpara.f): compiling at 16:49:32
vprops(outapd.f): compiling at 16:49:32
vprops(ovlap.f): compiling at 16:49:32
vprops(ovpp.f): compiling at 16:49:32
vprops(rhftce.f): compiling at 16:49:33
vprops(scprd.f): compiling at 16:49:33
vprops(search.f): compiling at 16:49:33
vprops(setlmn.f): compiling at 16:49:33
vprops(spindip.f): compiling at 16:49:33

Object files are up-to-date.

Archiving objects

Linking binary
Stripping binary if necessary

Installing the library as:
   /home/perera/Develop/lib/libvprops.a

The installed library is up-to-date.

Installing the binary as:
   /home/perera/Develop/bin/xvprops

The installed binary is up-to-date.
gmake[1]: Leaving directory '/home/perera/Develop/ACESII_build/vprops'

Successfully made all.
